<?xml version="1.0" encoding="UTF-8" standalone="yes"?>
<Font defaultFontName="GameDefault" defaultColor="DCDCDCFF">
    <FontData name="GameDefault" fileName="tahoma.ttf" location="windows" size="8" index="0" indexOn="false" shadow="true" shadowX="1" shadowY="1" unused01="-9999" unused02="-9999" stroke="false" strokeType="None" lineGap="-9999" underlineOffset="0"/>
    <FontData name="hs12" fileName="tahoma.ttf" location="windows" size="12" index="0" indexOn="false" shadow="true" shadowX="1" shadowY="1" unused01="-9999" unused02="-9999" stroke="false" strokeType="None" lineGap="-9999" underlineOffset="1"/>
    <FontData name="hs9" fileName="tahoma.ttf" location="windows" size="9" index="0" indexOn="false" shadow="false" shadowX="0" shadowY="0" unused01="0" unused02="0" stroke="true" strokeType="Thick" lineGap="-9999" underlineOffset="1"/>
    <FontData name="hs15" fileName="tahoma.ttf" location="windows" size="15" index="0" indexOn="false" shadow="true" shadowX="1" shadowY="1" unused01="-9999" unused02="-9999" stroke="false" strokeType="None" lineGap="-9999" underlineOffset="1"/>
    <FontData name="hs16" fileName="tahoma.ttf" location="windows" size="16" index="0" indexOn="false" shadow="true" shadowX="1" shadowY="1" unused01="-9999" unused02="-9999" stroke="false" strokeType="None" lineGap="-9999" underlineOffset="1"/>
    <FontData name="hs22" fileName="tahoma.ttf" location="windows" size="22" index="0" indexOn="false" shadow="true" shadowX="1" shadowY="1" unused01="-9999" unused02="-9999" stroke="false" strokeType="None" lineGap="-9999" underlineOffset="1"/>
    <FontData name="hs28" fileName="tahoma.ttf" location="windows" size="28" index="0" indexOn="false" shadow="false" shadowX="0" shadowY="0" unused01="0" unused02="0" stroke="true" strokeType="Thin" lineGap="-9999" underlineOffset="1"/>
    <FontData name="ScreenMessageMed" fileName="tahoma.ttf" location="windows" size="15" index="0" indexOn="false" shadow="false" shadowX="0" shadowY="0" unused01="0" unused02="0" stroke="true" strokeType="Thin" lineGap="-9999" underlineOffset="1"/>
    <FontData name="MapFontSize8" fileName="tahoma.ttf" location="windows" size="8" index="0" indexOn="false" shadow="false" shadowX="0" shadowY="0" unused01="0" unused02="0" stroke="true" strokeType="Thin" lineGap="-9999" underlineOffset="0"/>
    <FontData name="MapFontSize9" fileName="tahoma.ttf" location="windows" size="9" index="0" indexOn="false" shadow="false" shadowX="0" shadowY="0" unused01="0" unused02="0" stroke="true" strokeType="Thin" lineGap="-9999" underlineOffset="0"/>
    <FontData name="MapFontSize10" fileName="tahoma.ttf" location="windows" size="10" index="0" indexOn="false" shadow="false" shadowX="0" shadowY="0" unused01="0" unused02="0" stroke="true" strokeType="Thin" lineGap="-9999" underlineOffset="0"/>
    <FontData name="MapFontSize11" fileName="tahoma.ttf" location="windows" size="11" index="0" indexOn="false" shadow="false" shadowX="0" shadowY="0" unused01="0" unused02="0" stroke="true" strokeType="Thin" lineGap="-9999" underlineOffset="0"/>
    <FontData name="chatFontSize10" fileName="tahoma.ttf" location="windows" size="9" index="0" indexOn="false" shadow="true" shadowX="1" shadowY="1" unused01="-9999" unused02="-9999" stroke="false" strokeType="None" lineGap="-9999" underlineOffset="0"/>
    <FontData name="chatFontSize11" fileName="tahoma.ttf" location="windows" size="10" index="0" indexOn="false" shadow="true" shadowX="1" shadowY="1" unused01="-9999" unused02="-9999" stroke="false" strokeType="None" lineGap="-9999" underlineOffset="0"/>
    <FontData name="chatFontSize12" fileName="tahoma.ttf" location="windows" size="11" index="0" indexOn="false" shadow="true" shadowX="1" shadowY="1" unused01="-9999" unused02="-9999" stroke="false" strokeType="None" lineGap="-9999" underlineOffset="0"/>
    <FontData name="ChatWndDefault" fileName="tahoma.ttf" location="windows" size="9" index="0" indexOn="false" shadow="false" shadowX="0" shadowY="0" unused01="0" unused02="0" stroke="false" strokeType="None" lineGap="-9999" underlineOffset="1"/>
    <FontData name="ScreenMessageLarge" fileName="tahoma.ttf" location="windows" size="18" index="0" indexOn="false" shadow="false" shadowX="0" shadowY="0" unused01="0" unused02="0" stroke="true" strokeType="Thin" lineGap="-9999" underlineOffset="1"/>
    <FontData name="ScreenMessageSmall" fileName="tahoma.ttf" location="windows" size="12" index="0" indexOn="false" shadow="false" shadowX="0" shadowY="0" unused01="0" unused02="0" stroke="true" strokeType="Thin" lineGap="-9999" underlineOffset="1"/>
    <FontData name="CreditTextSmall" fileName="times.ttf" location="windows" size="8" index="0" indexOn="false" shadow="true" shadowX="1" shadowY="1" unused01="-9999" unused02="-9999" stroke="false" strokeType="None" lineGap="-9999" underlineOffset="1"/>
    <FontData name="CreditTextNormal" fileName="times.ttf" location="windows" size="10" index="0" indexOn="false" shadow="true" shadowX="1" shadowY="1" unused01="-9999" unused02="-9999" stroke="false" strokeType="None" lineGap="-9999" underlineOffset="1"/>
    <FontData name="CreditText" fileName="tahoma.ttf" location="windows" size="9" index="0" indexOn="false" shadow="true" shadowX="1" shadowY="1" unused01="-9999" unused02="-9999" stroke="false" strokeType="None" lineGap="-9999" underlineOffset="1"/>
    <FontData name="ZoneTitle" fileName="tahoma.ttf" location="windows" size="32" index="0" indexOn="false" shadow="false" shadowX="0" shadowY="0" unused01="0" unused02="0" stroke="false" strokeType="None" lineGap="-9999" underlineOffset="1"/>
    <FontData name="__SystemWorldFont" fileName="tahoma.ttf" location="windows" size="9" index="0" indexOn="false" shadow="false" shadowX="0" shadowY="0" unused01="0" unused02="0" stroke="true" strokeType="Thick" lineGap="-9999" underlineOffset="1"/>
    <FontData name="__SystemEditBoxFont" fileName="tahoma.ttf" location="windows" size="9" index="0" indexOn="false" shadow="false" shadowX="0" shadowY="0" unused01="0" unused02="0" stroke="false" strokeType="None" lineGap="-9999" underlineOffset="1"/>
    <FontData name="HtmlTitle_nonshadow" fileName="tahoma.ttf" location="windows" size="12" index="0" indexOn="false" shadow="false" shadowX="0" shadowY="0" unused01="0" unused02="0" stroke="false" strokeType="None" lineGap="-9999" underlineOffset="0"/>
    <FontData name="HtmlBody_nonshadow" fileName="tahoma.ttf" location="windows" size="9" index="0" indexOn="false" shadow="false" shadowX="0" shadowY="0" unused01="0" unused02="0" stroke="false" strokeType="None" lineGap="-9999" underlineOffset="0"/>
</Font>
