<?xml version="1.0" encoding="UTF-8" standalone="yes"?>
<Shortcut name="ArenaGamingShortcut" state="" modifiable="true">
    <ShortcutItem key="IK_Q" subKey1="IK_Ctrl" subKey2="IK_None" command="ShowWindow Name=ArenaScoreBoardWnd" action="Press"/>
    <ShortcutItem key="IK_Q" subKey1="IK_Ctrl" subKey2="IK_None" command="StopShowWindow Name=ArenaScoreBoardWnd" action="Release"/>
    <ShortcutItem key="IK_C" subKey1="IK_Alt" subKey2="IK_None" command="ShowWindow Name=ActionWnd" action="Press"/>
    <ShortcutItem key="IK_B" subKey1="IK_Alt" subKey2="IK_None" command="ShowWindow Name=BoardWnd" action="Press"/>
    <ShortcutItem key="IK_J" subKey1="IK_Alt" subKey2="IK_None" command="ShowWindow Name=ChatMessage" action="Press"/>
    <ShortcutItem key="IK_T" subKey1="IK_Alt" subKey2="IK_None" command="ShowWindow Name=DetailStatusWnd" action="Press"/>
    <ShortcutItem key="IK_H" subKey1="IK_Alt" subKey2="IK_Shift" command="ShowWindow Name=HelpHtmlWnd" action="Press"/>
    <ShortcutItem key="IK_V" subKey1="IK_Alt" subKey2="IK_None" command="ShowWindow Name=InventoryWnd" action="Press"/>
    <ShortcutItem key="IK_K" subKey1="IK_Alt" subKey2="IK_None" command="ShowWindow Name=MagicSkillWnd" action="Press"/>
    <ShortcutItem key="IK_M" subKey1="IK_Alt" subKey2="IK_Shift" command="ShowWindow Name=MenuWnd" action="Press"/>
    <ShortcutItem key="IK_O" subKey1="IK_Alt" subKey2="IK_Shift" command="ShowWindow Name=OptionWnd" action="Press"/>
    <ShortcutItem key="IK_R" subKey1="IK_Alt" subKey2="IK_Shift" command="ShowWindow Name=RadarMapWnd" action="Press"/>
    <ShortcutItem key="IK_S" subKey1="IK_Alt" subKey2="IK_Shift" command="ShowWindow Name=StatusWnd" action="Press"/>
    <ShortcutItem key="IK_X" subKey1="IK_Alt" subKey2="IK_None" command="ShowWindow Name=SystemMenuWnd" action="Press"/>
    <ShortcutItem key="IK_I" subKey1="IK_Alt" subKey2="IK_Shift" command="ShowWindow Name=FN_HideDropItemSilhauette" action="Press"/>
    <ShortcutItem key="IK_M" subKey1="IK_Alt" subKey2="IK_Shift" command="ShowWindow Name=FN_SendTargetedCharacterMessage" action="Press"/>
    <ShortcutItem key="IK_Period" subKey1="IK_Alt" subKey2="IK_None" command="ShowWindow Name=FN_MuteAllAudio" action="Press"/>
    <ShortcutItem key="IK_L" subKey1="IK_Alt" subKey2="IK_None" command="ShowWindow Name=FN_UILocReset" action="Press"/>
    <ShortcutItem key="IK_PageUp" subKey1="IK_Alt" subKey2="IK_None" command="SetPrevChatType" action="Press"/>
    <ShortcutItem key="IK_PageDown" subKey1="IK_Alt" subKey2="IK_None" command="SetNextChatType" action="Press"/>
    <ShortcutItem key="IK_Enter" subKey1="IK_None" subKey2="IK_None" command="FocusChatWindow" action="Press"/>
    <ShortcutItem key="IK_Tab" subKey1="IK_None" subKey2="IK_None" command="TabShowInventoryWindow" action="Press"/>
    <ShortcutItem key="IK_H" subKey1="IK_Alt" subKey2="IK_None" command="HideAllWindow" action="Press"/>
    <ShortcutItem key="IK_W" subKey1="IK_Alt" subKey2="IK_None" command="CloseAllWindow" action="Press"/>
    <ShortcutItem key="IK_F" subKey1="IK_Alt" subKey2="IK_None" command="ShowPartyBuff" action="Press"/>
    <ShortcutItem key="IK_P" subKey1="IK_Alt" subKey2="IK_None" command="ApplyMinFrame" action="Press"/>
    <ShortcutItem key="IK_Y" subKey1="IK_Alt" subKey2="IK_None" command="ShowWindow Name=PersonalConnectionsWnd" action="Press"/>
    <ShortcutItem key="IK_F1" subKey1="IK_Alt" subKey2="IK_None" command="SetShortcutPage Num=0" action="Press"/>
    <ShortcutItem key="IK_F2" subKey1="IK_Alt" subKey2="IK_None" command="SetShortcutPage Num=1" action="Press"/>
    <ShortcutItem key="IK_F3" subKey1="IK_Alt" subKey2="IK_None" command="SetShortcutPage Num=2" action="Press"/>
    <ShortcutItem key="IK_F4" subKey1="IK_Alt" subKey2="IK_None" command="SetShortcutPage Num=3" action="Press"/>
    <ShortcutItem key="IK_F5" subKey1="IK_Alt" subKey2="IK_None" command="SetShortcutPage Num=4" action="Press"/>
    <ShortcutItem key="IK_F6" subKey1="IK_Alt" subKey2="IK_None" command="SetShortcutPage Num=5" action="Press"/>
    <ShortcutItem key="IK_F7" subKey1="IK_Alt" subKey2="IK_None" command="SetShortcutPage Num=6" action="Press"/>
    <ShortcutItem key="IK_F8" subKey1="IK_Alt" subKey2="IK_None" command="SetShortcutPage Num=7" action="Press"/>
    <ShortcutItem key="IK_F9" subKey1="IK_Alt" subKey2="IK_None" command="SetShortcutPage Num=8" action="Press"/>
    <ShortcutItem key="IK_F10" subKey1="IK_Alt" subKey2="IK_None" command="SetShortcutPage Num=9" action="Press"/>
    <ShortcutItem key="IK_F1" subKey1="IK_None" subKey2="IK_None" command="UseShortcutItem Num=0" action="Press"/>
    <ShortcutItem key="IK_F2" subKey1="IK_None" subKey2="IK_None" command="UseShortcutItem Num=1" action="Press"/>
    <ShortcutItem key="IK_F3" subKey1="IK_None" subKey2="IK_None" command="UseShortcutItem Num=2" action="Press"/>
    <ShortcutItem key="IK_F4" subKey1="IK_None" subKey2="IK_None" command="UseShortcutItem Num=3" action="Press"/>
    <ShortcutItem key="IK_F5" subKey1="IK_None" subKey2="IK_None" command="UseShortcutItem Num=4" action="Press"/>
    <ShortcutItem key="IK_F6" subKey1="IK_None" subKey2="IK_None" command="UseShortcutItem Num=5" action="Press"/>
    <ShortcutItem key="IK_F7" subKey1="IK_None" subKey2="IK_None" command="UseShortcutItem Num=6" action="Press"/>
    <ShortcutItem key="IK_F8" subKey1="IK_None" subKey2="IK_None" command="UseShortcutItem Num=7" action="Press"/>
    <ShortcutItem key="IK_F9" subKey1="IK_None" subKey2="IK_None" command="UseShortcutItem Num=8" action="Press"/>
    <ShortcutItem key="IK_F10" subKey1="IK_None" subKey2="IK_None" command="UseShortcutItem Num=9" action="Press"/>
    <ShortcutItem key="IK_F11" subKey1="IK_None" subKey2="IK_None" command="UseShortcutItem Num=10" action="Press"/>
    <ShortcutItem key="IK_F12" subKey1="IK_None" subKey2="IK_None" command="UseShortcutItem Num=11" action="Press"/>
    <ShortcutItem key="IK_1" subKey1="IK_Alt" subKey2="IK_None" command="UseShortcutItem Num=12" action="Press"/>
    <ShortcutItem key="IK_2" subKey1="IK_Alt" subKey2="IK_None" command="UseShortcutItem Num=13" action="Press"/>
    <ShortcutItem key="IK_3" subKey1="IK_Alt" subKey2="IK_None" command="UseShortcutItem Num=14" action="Press"/>
    <ShortcutItem key="IK_4" subKey1="IK_Alt" subKey2="IK_None" command="UseShortcutItem Num=15" action="Press"/>
    <ShortcutItem key="IK_5" subKey1="IK_Alt" subKey2="IK_None" command="UseShortcutItem Num=16" action="Press"/>
    <ShortcutItem key="IK_6" subKey1="IK_Alt" subKey2="IK_None" command="UseShortcutItem Num=17" action="Press"/>
    <ShortcutItem key="IK_7" subKey1="IK_Alt" subKey2="IK_None" command="UseShortcutItem Num=18" action="Press"/>
    <ShortcutItem key="IK_8" subKey1="IK_Alt" subKey2="IK_None" command="UseShortcutItem Num=19" action="Press"/>
    <ShortcutItem key="IK_9" subKey1="IK_Alt" subKey2="IK_None" command="UseShortcutItem Num=20" action="Press"/>
    <ShortcutItem key="IK_0" subKey1="IK_Alt" subKey2="IK_None" command="UseShortcutItem Num=21" action="Press"/>
    <ShortcutItem key="IK_Minus" subKey1="IK_Alt" subKey2="IK_None" command="UseShortcutItem Num=22" action="Press"/>
    <ShortcutItem key="IK_Equals" subKey1="IK_Alt" subKey2="IK_None" command="UseShortcutItem Num=23" action="Press"/>
    <ShortcutItem key="IK_PageUp" subKey1="IK_None" subKey2="IK_None" command="FixedDefaultCamera Down" action="Press"/>
    <ShortcutItem key="IK_PageDown" subKey1="IK_None" subKey2="IK_None" command="FixedDefaultCamera Up" action="Press"/>
    <ShortcutItem key="IK_Home" subKey1="IK_None" subKey2="IK_None" command="FixedDefaultCamera" action="Press"/>
    <ShortcutItem key="IK_End" subKey1="IK_None" subKey2="IK_None" command="TurnBack" action="Press"/>
    <ShortcutItem key="IK_Delete" subKey1="IK_None" subKey2="IK_None" command="AutoMove" action="Press"/>
    <ShortcutItem key="IK_Q" subKey1="IK_Alt" subKey2="IK_Shift" command="ToggleHpGauge" action="Press"/>
    <ShortcutItem key="IK_P" subKey1="IK_Alt" subKey2="IK_Shift" command="ShowWindow Name=PartyMatchWnd" action="Press"/>
</Shortcut>
