<?xml version="1.0" encoding="UTF-8" standalone="yes"?>
<Shortcut name="EventMatchObserverStateShortcut" state="EventMatchObserverState" modifiable="false">
    <ShortcutItem key="IK_A" subKey1="IK_None" subKey2="IK_None" command="LeftTurn" action="Press"/>
    <ShortcutItem key="IK_D" subKey1="IK_None" subKey2="IK_None" command="RightTurn" action="Press"/>
    <ShortcutItem key="IK_W" subKey1="IK_None" subKey2="IK_None" command="MoveForward" action="Press"/>
    <ShortcutItem key="IK_S" subKey1="IK_None" subKey2="IK_None" command="MoveBackward" action="Press"/>
    <ShortcutItem key="IK_A" subKey1="IK_None" subKey2="IK_None" command="StopLeftTurn" action="Release"/>
    <ShortcutItem key="IK_D" subKey1="IK_None" subKey2="IK_None" command="StopRightTurn" action="Release"/>
    <ShortcutItem key="IK_W" subKey1="IK_None" subKey2="IK_None" command="StopMoveForward" action="Release"/>
    <ShortcutItem key="IK_S" subKey1="IK_None" subKey2="IK_None" command="StopMoveBackward" action="Release"/>
    <ShortcutItem key="IK_E" subKey1="IK_None" subKey2="IK_None" command="MoveUp" action="Press"/>
    <ShortcutItem key="IK_C" subKey1="IK_None" subKey2="IK_None" command="MoveDown" action="Press"/>
    <ShortcutItem key="IK_E" subKey1="IK_None" subKey2="IK_None" command="StopMoveUp" action="Release"/>
    <ShortcutItem key="IK_C" subKey1="IK_None" subKey2="IK_None" command="StopMoveDown" action="Release"/>
    <ShortcutItem key="IK_GreyPlus" subKey1="IK_None" subKey2="IK_None" command="ModMaxAirSpeedStart Speed=+320.0" action="Press"/>
    <ShortcutItem key="IK_GreyPlus" subKey1="IK_None" subKey2="IK_None" command="ModMaxAirSpeedFinish" action="Release"/>
    <ShortcutItem key="IK_GreyMinus" subKey1="IK_None" subKey2="IK_None" command="ModMaxAirSpeedStart Speed=-320.0" action="Press"/>
    <ShortcutItem key="IK_GreyMinus" subKey1="IK_None" subKey2="IK_None" command="ModMaxAirSpeedFinish" action="Release"/>
    <ShortcutItem key="IK_P" subKey1="IK_None" subKey2="IK_None" command="EventMatchShowPartyWindow" action="Press"/>
    <ShortcutItem key="IK_L" subKey1="IK_None" subKey2="IK_None" command="EventMatchLockPosition" action="Press"/>
    <ShortcutItem key="IK_I" subKey1="IK_None" subKey2="IK_None" command="EventMatchInitPosition" action="Press"/>
    <ShortcutItem key="IK_N" subKey1="IK_None" subKey2="IK_None" command="EventMatchToggleShowClassOrName" action="Press"/>
    <ShortcutItem key="IK_M" subKey1="IK_None" subKey2="IK_None" command="EventMatchToggleTargetName" action="Press"/>
    <ShortcutItem key="IK_G" subKey1="IK_None" subKey2="IK_None" command="EventMatchSwitchMessageMode" action="Press"/>
    <ShortcutItem key="IK_P" subKey1="IK_Alt" subKey2="IK_None" command="EventMatchShowPartyWindow" action="Press"/>
    <ShortcutItem key="IK_L" subKey1="IK_Alt" subKey2="IK_None" command="EventMatchLockPosition" action="Press"/>
    <ShortcutItem key="IK_I" subKey1="IK_Alt" subKey2="IK_None" command="EventMatchInitPosition" action="Press"/>
    <ShortcutItem key="IK_N" subKey1="IK_Alt" subKey2="IK_None" command="EventMatchToggleShowClassOrName" action="Press"/>
    <ShortcutItem key="IK_M" subKey1="IK_Alt" subKey2="IK_None" command="EventMatchToggleTargetName" action="Press"/>
    <ShortcutItem key="IK_G" subKey1="IK_Alt" subKey2="IK_None" command="EventMatchSwitchMessageMode" action="Press"/>
    <ShortcutItem key="IK_J" subKey1="IK_Alt" subKey2="IK_None" command="ShowChatWindow" action="Press"/>
</Shortcut>
