<?xml version="1.0" encoding="UTF-8" standalone="yes"?>
<Shortcut name="FreeCameraStateShortcut" state="" modifiable="true">
    <ShortcutItem key="IK_A" subKey1="IK_None" subKey2="IK_None" command="LeftTurn" action="Press"/>
    <ShortcutItem key="IK_D" subKey1="IK_None" subKey2="IK_None" command="RightTurn" action="Press"/>
    <ShortcutItem key="IK_W" subKey1="IK_None" subKey2="IK_None" command="MoveForward" action="Press"/>
    <ShortcutItem key="IK_S" subKey1="IK_None" subKey2="IK_None" command="MoveBackward" action="Press"/>
    <ShortcutItem key="IK_Q" subKey1="IK_None" subKey2="IK_None" command="MoveLeft" action="Press"/>
    <ShortcutItem key="IK_E" subKey1="IK_None" subKey2="IK_None" command="MoveRight" action="Press"/>
    <ShortcutItem key="IK_R" subKey1="IK_None" subKey2="IK_None" command="MoveUp" action="Press"/>
    <ShortcutItem key="IK_F" subKey1="IK_None" subKey2="IK_None" command="MoveDown" action="Press"/>
    <ShortcutItem key="IK_Delete" subKey1="IK_None" subKey2="IK_None" command="AutoMove" action="Press"/>
    <ShortcutItem key="IK_A" subKey1="IK_None" subKey2="IK_None" command="StopLeftTurn" action="Release"/>
    <ShortcutItem key="IK_D" subKey1="IK_None" subKey2="IK_None" command="StopRightTurn" action="Release"/>
    <ShortcutItem key="IK_W" subKey1="IK_None" subKey2="IK_None" command="StopMoveForward" action="Release"/>
    <ShortcutItem key="IK_S" subKey1="IK_None" subKey2="IK_None" command="StopMoveBackward" action="Release"/>
    <ShortcutItem key="IK_Q" subKey1="IK_None" subKey2="IK_None" command="StopMoveLeft" action="Release"/>
    <ShortcutItem key="IK_E" subKey1="IK_None" subKey2="IK_None" command="StopMoveRight" action="Release"/>
    <ShortcutItem key="IK_R" subKey1="IK_None" subKey2="IK_None" command="StopMoveUp" action="Release"/>
    <ShortcutItem key="IK_F" subKey1="IK_None" subKey2="IK_None" command="StopMoveDown" action="Release"/>
</Shortcut>
