<?xml version="1.0" encoding="UTF-8" standalone="yes"?>
<Shortcut name="GMCameraStateShortcut" state="GMCameraState" modifiable="false">
    <ShortcutItem key="IK_J" subKey1="IK_Alt" subKey2="IK_None" command="ShowChatWindow" action="Press"/>
    <ShortcutItem key="IK_RightBracket" subKey1="IK_None" subKey2="IK_None" command="Perspective speed=1.0" action="Press"/>
    <ShortcutItem key="IK_LeftBracket" subKey1="IK_None" subKey2="IK_None" command="Perspective speed=-1.0" action="Press"/>
    <ShortcutItem key="IK_SingleQuote" subKey1="IK_None" subKey2="IK_None" command="CameraSpeed speed=0.5" action="Press"/>
    <ShortcutItem key="IK_Semicolon" subKey1="IK_None" subKey2="IK_None" command="CameraSpeed speed=-0.5" action="Press"/>
    <ShortcutItem key="IK_E" subKey1="IK_None" subKey2="IK_None" command="MoveUp" action="Press"/>
    <ShortcutItem key="IK_C" subKey1="IK_None" subKey2="IK_None" command="MoveDown" action="Press"/>
    <ShortcutItem key="IK_R" subKey1="IK_None" subKey2="IK_None" command="RollClock" action="Press"/>
    <ShortcutItem key="IK_Q" subKey1="IK_None" subKey2="IK_None" command="RollAntiClock" action="Press"/>
    <ShortcutItem key="IK_E" subKey1="IK_None" subKey2="IK_None" command="StopMoveUp" action="Release"/>
    <ShortcutItem key="IK_C" subKey1="IK_None" subKey2="IK_None" command="StopMoveDown" action="Release"/>
    <ShortcutItem key="IK_R" subKey1="IK_None" subKey2="IK_None" command="StopRollClock" action="Release"/>
    <ShortcutItem key="IK_Q" subKey1="IK_None" subKey2="IK_None" command="StopRollAntiClock" action="Release"/>
    <ShortcutItem key="IK_T" subKey1="IK_None" subKey2="IK_None" command="DeleteRoll" action="Press"/>
    <ShortcutItem key="IK_H" subKey1="IK_Alt" subKey2="IK_None" command="SetGamingState" action="Press"/>
    <ShortcutItem key="IK_Escape" subKey1="IK_None" subKey2="IK_None" command="CAMERAMODESELECTINGCANCEL" action="Press"/>
    <ShortcutItem key="IK_A" subKey1="IK_None" subKey2="IK_None" command="LeftTurn" action="Press"/>
    <ShortcutItem key="IK_D" subKey1="IK_None" subKey2="IK_None" command="RightTurn" action="Press"/>
    <ShortcutItem key="IK_W" subKey1="IK_None" subKey2="IK_None" command="MoveForward" action="Press"/>
    <ShortcutItem key="IK_S" subKey1="IK_None" subKey2="IK_None" command="MoveBackward" action="Press"/>
    <ShortcutItem key="IK_A" subKey1="IK_None" subKey2="IK_None" command="StopLeftTurn" action="Release"/>
    <ShortcutItem key="IK_D" subKey1="IK_None" subKey2="IK_None" command="StopRightTurn" action="Release"/>
    <ShortcutItem key="IK_W" subKey1="IK_None" subKey2="IK_None" command="StopMoveForward" action="Release"/>
    <ShortcutItem key="IK_S" subKey1="IK_None" subKey2="IK_None" command="StopMoveBackward" action="Release"/>
    <ShortcutItem key="IK_Left" subKey1="IK_None" subKey2="IK_None" command="LeftTurn" action="Press"/>
    <ShortcutItem key="IK_Right" subKey1="IK_None" subKey2="IK_None" command="RightTurn" action="Press"/>
    <ShortcutItem key="IK_Up" subKey1="IK_None" subKey2="IK_None" command="MoveForward" action="Press"/>
    <ShortcutItem key="IK_Down" subKey1="IK_None" subKey2="IK_None" command="MoveBackward" action="Press"/>
    <ShortcutItem key="IK_Left" subKey1="IK_None" subKey2="IK_None" command="StopLeftTurn" action="Release"/>
    <ShortcutItem key="IK_Right" subKey1="IK_None" subKey2="IK_None" command="StopRightTurn" action="Release"/>
    <ShortcutItem key="IK_Up" subKey1="IK_None" subKey2="IK_None" command="StopMoveForward" action="Release"/>
    <ShortcutItem key="IK_Down" subKey1="IK_None" subKey2="IK_None" command="StopMoveBackward" action="Release"/>
    <ShortcutItem key="IK_RightBracket" subKey1="IK_Shift" subKey2="IK_None" command="CameraSpeed speed=0.04" action="Press"/>
    <ShortcutItem key="IK_LeftBracket" subKey1="IK_Shift" subKey2="IK_None" command="CameraSpeed speed=-0.04" action="Press"/>
    <ShortcutItem key="IK_E" subKey1="IK_Shift" subKey2="IK_None" command="Cameraviewheightadjust speed=1.0" action="Press"/>
    <ShortcutItem key="IK_C" subKey1="IK_Shift" subKey2="IK_None" command="Cameraviewheightadjust speed=-1.0" action="Press"/>
    <ShortcutItem key="IK_GreyPlus" subKey1="IK_None" subKey2="IK_None" command="ModMaxAirSpeedStart Speed=+320.0" action="Press"/>
    <ShortcutItem key="IK_GreyPlus" subKey1="IK_None" subKey2="IK_None" command="ModMaxAirSpeedFinish" action="Release"/>
    <ShortcutItem key="IK_GreyMinus" subKey1="IK_None" subKey2="IK_None" command="ModMaxAirSpeedStart Speed=-320.0" action="Press"/>
    <ShortcutItem key="IK_GreyMinus" subKey1="IK_None" subKey2="IK_None" command="ModMaxAirSpeedFinish" action="Release"/>
</Shortcut>
