<?xml version="1.0" encoding="UTF-8" standalone="yes"?>
<Shortcut name="GMCameraCustom" state="" modifiable="false">
    <ShortcutItem key="IK_1" subKey1="IK_None" subKey2="IK_None" command="Perspective speed=1.0" action="Press"/>
    <ShortcutItem key="IK_2" subKey1="IK_None" subKey2="IK_None" command="Perspective speed=-1.0" action="Press"/>
    <ShortcutItem key="IK_LeftBracket" subKey1="IK_None" subKey2="IK_None" command="ZoomInHold Speed=80.0" action="Press"/>
    <ShortcutItem key="IK_RightBracket" subKey1="IK_None" subKey2="IK_None" command="ZoomOutHold Speed=80.0" action="Press"/>
    <ShortcutItem key="IK_NumPad7" subKey1="IK_None" subKey2="IK_None" command="ZoomInHold Speed=20.0" action="Press"/>
    <ShortcutItem key="IK_NumPad4" subKey1="IK_None" subKey2="IK_None" command="ZoomOutHold Speed=20.0" action="Press"/>
    <ShortcutItem key="IK_NumPad8" subKey1="IK_None" subKey2="IK_None" command="ZoomInHold Speed=80.0" action="Press"/>
    <ShortcutItem key="IK_NumPad5" subKey1="IK_None" subKey2="IK_None" command="ZoomOutHold Speed=80.0" action="Press"/>
    <ShortcutItem key="IK_NumPad9" subKey1="IK_None" subKey2="IK_None" command="ZoomInHold Speed=250.0" action="Press"/>
    <ShortcutItem key="IK_NumPad6" subKey1="IK_None" subKey2="IK_None" command="ZoomOutHold Speed=250.0" action="Press"/>
    <ShortcutItem key="IK_E" subKey1="IK_None" subKey2="IK_None" command="CameraPitch Speed=+2000" action="Press"/>
    <ShortcutItem key="IK_D" subKey1="IK_None" subKey2="IK_None" command="CameraPitch Speed=-2000" action="Press"/>
    <ShortcutItem key="IK_Y" subKey1="IK_None" subKey2="IK_None" command="CameraPitch Speed=+500" action="Press"/>
    <ShortcutItem key="IK_H" subKey1="IK_None" subKey2="IK_None" command="CameraPitch Speed=-500" action="Press"/>
    <ShortcutItem key="IK_S" subKey1="IK_None" subKey2="IK_None" command="CameraYaw Speed=-6000" action="Press"/>
    <ShortcutItem key="IK_F" subKey1="IK_None" subKey2="IK_None" command="CameraYaw Speed=+6000" action="Press"/>
    <ShortcutItem key="IK_X" subKey1="IK_None" subKey2="IK_None" command="CameraYaw Speed=-2000" action="Press"/>
    <ShortcutItem key="IK_V" subKey1="IK_None" subKey2="IK_None" command="CameraYaw Speed=+2000" action="Press"/>
    <ShortcutItem key="IK_G" subKey1="IK_None" subKey2="IK_None" command="CameraYaw Speed=-1000" action="Press"/>
    <ShortcutItem key="IK_J" subKey1="IK_None" subKey2="IK_None" command="CameraYaw Speed=+1000" action="Press"/>
    <ShortcutItem key="IK_B" subKey1="IK_None" subKey2="IK_None" command="CameraYaw Speed=-500" action="Press"/>
    <ShortcutItem key="IK_M" subKey1="IK_None" subKey2="IK_None" command="CameraYaw Speed=+500" action="Press"/>
    <ShortcutItem key="IK_I" subKey1="IK_None" subKey2="IK_None" command="CameraViewHeightAdjust Speed=+2.0" action="Press"/>
    <ShortcutItem key="IK_K" subKey1="IK_None" subKey2="IK_None" command="CameraViewHeightAdjust Speed=-2.0" action="Press"/>
    <ShortcutItem key="IK_O" subKey1="IK_None" subKey2="IK_None" command="CameraViewHeightAdjust Speed=+5.0" action="Press"/>
    <ShortcutItem key="IK_L" subKey1="IK_None" subKey2="IK_None" command="CameraViewHeightAdjust Speed=-5.0" action="Press"/>
    <ShortcutItem key="IK_P" subKey1="IK_None" subKey2="IK_None" command="CameraViewHeightAdjust Speed=+15.0" action="Press"/>
    <ShortcutItem key="IK_Semicolon" subKey1="IK_None" subKey2="IK_None" command="CameraViewHeightAdjust Speed=-15.0" action="Press"/>
</Shortcut>
