<?xml version="1.0" encoding="UTF-8" standalone="yes"?>
<Shortcut name="TempStateShortcut" state="GamingState" modifiable="true">
    <ShortcutItem key="IK_C" subKey1="IK_None" subKey2="IK_None" command="ShowWindow Name=ActionWnd" action="Press"/>
    <ShortcutItem key="IK_B" subKey1="IK_None" subKey2="IK_None" command="ShowWindow Name=BoardWnd" action="Press"/>
    <ShortcutItem key="IK_N" subKey1="IK_None" subKey2="IK_None" command="ShowWindow Name=ClanWnd" action="Press"/>
    <ShortcutItem key="IK_T" subKey1="IK_None" subKey2="IK_None" command="ShowWindow Name=DetailStatusWnd" action="Press"/>
    <ShortcutItem key="IK_V" subKey1="IK_None" subKey2="IK_None" command="ShowWindow Name=InventoryWnd" action="Press"/>
    <ShortcutItem key="IK_R" subKey1="IK_None" subKey2="IK_None" command="ShowWindow Name=MacroWnd" action="Press"/>
    <ShortcutItem key="IK_K" subKey1="IK_None" subKey2="IK_None" command="ShowWindow Name=MagicSkillWnd" action="Press"/>
    <ShortcutItem key="IK_M" subKey1="IK_None" subKey2="IK_None" command="ShowWindow Name=MinimapWnd" action="Press"/>
    <ShortcutItem key="IK_U" subKey1="IK_None" subKey2="IK_None" command="ShowWindow Name=QuestTreeWnd" action="Press"/>
    <ShortcutItem key="IK_X" subKey1="IK_None" subKey2="IK_None" command="ShowWindow Name=SystemMenuWnd" action="Press"/>
    <ShortcutItem key="IK_Period" subKey1="IK_None" subKey2="IK_None" command="ShowWindow Name=FN_MuteAllAudio" action="Press"/>
    <ShortcutItem key="IK_E" subKey1="IK_None" subKey2="IK_None" command="ShowWindow Name=FN_SHORTCUTEXPAND" action="Press"/>
    <ShortcutItem key="IK_F1" subKey1="IK_None" subKey2="IK_None" command="UseShortcutItem Num=0" action="Press"/>
    <ShortcutItem key="IK_F2" subKey1="IK_None" subKey2="IK_None" command="UseShortcutItem Num=1" action="Press"/>
    <ShortcutItem key="IK_F3" subKey1="IK_None" subKey2="IK_None" command="UseShortcutItem Num=2" action="Press"/>
    <ShortcutItem key="IK_F4" subKey1="IK_None" subKey2="IK_None" command="UseShortcutItem Num=3" action="Press"/>
    <ShortcutItem key="IK_F5" subKey1="IK_None" subKey2="IK_None" command="UseShortcutItem Num=4" action="Press"/>
    <ShortcutItem key="IK_F6" subKey1="IK_None" subKey2="IK_None" command="UseShortcutItem Num=5" action="Press"/>
    <ShortcutItem key="IK_F7" subKey1="IK_None" subKey2="IK_None" command="UseShortcutItem Num=6" action="Press"/>
    <ShortcutItem key="IK_F8" subKey1="IK_None" subKey2="IK_None" command="UseShortcutItem Num=7" action="Press"/>
    <ShortcutItem key="IK_F9" subKey1="IK_None" subKey2="IK_None" command="UseShortcutItem Num=8" action="Press"/>
    <ShortcutItem key="IK_F10" subKey1="IK_None" subKey2="IK_None" command="UseShortcutItem Num=9" action="Press"/>
    <ShortcutItem key="IK_F11" subKey1="IK_None" subKey2="IK_None" command="UseShortcutItem Num=10" action="Press"/>
    <ShortcutItem key="IK_F12" subKey1="IK_None" subKey2="IK_None" command="UseShortcutItem Num=11" action="Press"/>
    <ShortcutItem key="IK_1" subKey1="IK_None" subKey2="IK_None" command="UseShortcutItem Num=12" action="Press"/>
    <ShortcutItem key="IK_2" subKey1="IK_None" subKey2="IK_None" command="UseShortcutItem Num=13" action="Press"/>
    <ShortcutItem key="IK_3" subKey1="IK_None" subKey2="IK_None" command="UseShortcutItem Num=14" action="Press"/>
    <ShortcutItem key="IK_4" subKey1="IK_None" subKey2="IK_None" command="UseShortcutItem Num=15" action="Press"/>
    <ShortcutItem key="IK_5" subKey1="IK_None" subKey2="IK_None" command="UseShortcutItem Num=16" action="Press"/>
    <ShortcutItem key="IK_6" subKey1="IK_None" subKey2="IK_None" command="UseShortcutItem Num=17" action="Press"/>
    <ShortcutItem key="IK_7" subKey1="IK_None" subKey2="IK_None" command="UseShortcutItem Num=18" action="Press"/>
    <ShortcutItem key="IK_8" subKey1="IK_None" subKey2="IK_None" command="UseShortcutItem Num=19" action="Press"/>
    <ShortcutItem key="IK_9" subKey1="IK_None" subKey2="IK_None" command="UseShortcutItem Num=20" action="Press"/>
    <ShortcutItem key="IK_0" subKey1="IK_None" subKey2="IK_None" command="UseShortcutItem Num=21" action="Press"/>
    <ShortcutItem key="IK_Minus" subKey1="IK_None" subKey2="IK_None" command="UseShortcutItem Num=22" action="Press"/>
    <ShortcutItem key="IK_Equals" subKey1="IK_None" subKey2="IK_None" command="UseShortcutItem Num=23" action="Press"/>
    <ShortcutItem key="IK_NumPad1" subKey1="IK_None" subKey2="IK_None" command="UseShortcutItem Num=24" action="Press"/>
    <ShortcutItem key="IK_NumPad2" subKey1="IK_None" subKey2="IK_None" command="UseShortcutItem Num=25" action="Press"/>
    <ShortcutItem key="IK_NumPad3" subKey1="IK_None" subKey2="IK_None" command="UseShortcutItem Num=26" action="Press"/>
    <ShortcutItem key="IK_NumPad4" subKey1="IK_None" subKey2="IK_None" command="UseShortcutItem Num=27" action="Press"/>
    <ShortcutItem key="IK_NumPad5" subKey1="IK_None" subKey2="IK_None" command="UseShortcutItem Num=28" action="Press"/>
    <ShortcutItem key="IK_NumPad6" subKey1="IK_None" subKey2="IK_None" command="UseShortcutItem Num=29" action="Press"/>
    <ShortcutItem key="IK_NumPad7" subKey1="IK_None" subKey2="IK_None" command="UseShortcutItem Num=30" action="Press"/>
    <ShortcutItem key="IK_NumPad8" subKey1="IK_None" subKey2="IK_None" command="UseShortcutItem Num=31" action="Press"/>
    <ShortcutItem key="IK_NumPad9" subKey1="IK_None" subKey2="IK_None" command="UseShortcutItem Num=32" action="Press"/>
    <ShortcutItem key="IK_NumPad0" subKey1="IK_None" subKey2="IK_None" command="UseShortcutItem Num=33" action="Press"/>
    <ShortcutItem key="IK_GreySlash" subKey1="IK_None" subKey2="IK_None" command="UseShortcutItem Num=34" action="Press"/>
    <ShortcutItem key="IK_GreyStar" subKey1="IK_None" subKey2="IK_None" command="UseShortcutItem Num=35" action="Press"/>
    <ShortcutItem key="IK_Delete" subKey1="IK_None" subKey2="IK_None" command="AutoMove" action="Press"/>
    <ShortcutItem key="IK_W" subKey1="IK_None" subKey2="IK_None" command="MoveForward" action="Press"/>
    <ShortcutItem key="IK_W" subKey1="IK_None" subKey2="IK_None" command="StopMoveForward" action="Release"/>
    <ShortcutItem key="IK_S" subKey1="IK_None" subKey2="IK_None" command="MoveBackward" action="Press"/>
    <ShortcutItem key="IK_S" subKey1="IK_None" subKey2="IK_None" command="StopMoveBackward" action="Release"/>
    <ShortcutItem key="IK_A" subKey1="IK_None" subKey2="IK_None" command="MoveLeft" action="Press"/>
    <ShortcutItem key="IK_A" subKey1="IK_None" subKey2="IK_None" command="StopMoveLeft" action="Release"/>
    <ShortcutItem key="IK_D" subKey1="IK_None" subKey2="IK_None" command="MoveRight" action="Press"/>
    <ShortcutItem key="IK_D" subKey1="IK_None" subKey2="IK_None" command="StopMoveRight" action="Release"/>
</Shortcut>
