<?xml version="1.0" encoding="UTF-8" standalone="yes"?>
<ChatChannelDefinition>
    <ChatChannel chatType="NORMAL" chatColor="DCDCDCFF"/>
    <ChatChannel chatType="SHOUT" chatColor="FF7200FF"/>
    <ChatChannel chatType="TELL" chatColor="FF00FFFF"/>
    <ChatChannel chatType="PARTY" chatColor="00FF00FF"/>
    <ChatChannel chatType="CLAN" chatColor="7D77FFFF"/>
    <ChatChannel chatType="SYSTEM" chatColor="B09B79FF"/>
    <ChatChannel chatType="USER_PET" chatColor="DCDCDCFF"/>
    <ChatChannel chatType="GM_PET" chatColor="80FFFFFF"/>
    <ChatChannel chatType="MARKET" chatColor="EAA5F5FF"/>
    <ChatChannel chatType="ALLIANCE" chatColor="77FF99FF"/>
    <ChatChannel chatType="ANNOUNCE" chatColor="80FFFFFF"/>
    <ChatChannel chatType="CUSTOM" chatColor="FF7200FF"/>
    <ChatChannel chatType="L2_FRIEND" chatColor="DCDCDCFF"/>
    <ChatChannel chatType="MSN_CHAT" chatColor="DCDCDCFF"/>
    <ChatChannel chatType="PARTY_ROOM_CHAT" chatColor="DCDCDCFF"/>
    <ChatChannel chatType="COMMANDER_CHAT" chatColor="FF9695FF"/>
    <ChatChannel chatType="INTER_PARTYMASTER_CHAT" chatColor="FFF8B2FF"/>
    <ChatChannel chatType="HERO" chatColor="408CFFFF"/>
    <ChatChannel chatType="CRITICAL_ANNOUNCE" chatColor="00FFFFFF"/>
    <ChatChannel chatType="SCREEN_ANNOUNCE" chatColor="FF9695FF"/>
    <ChatChannel chatType="DOMINIONWAR" chatColor="FFCC00FF"/>
    <ChatChannel chatType="MPCC_ROOM" chatColor="DCDCDCFF"/>
    <ChatChannel chatType="NPC_NORMAL" chatColor="9B9B9BFF"/>
    <ChatChannel chatType="NPC_SHOUT" chatColor="9B9B9BFF"/>
    <ChatChannel chatType="FRIEND_ANNOUNCE" chatColor="00AAA4FF"/>
    <ChatChannel chatType="WORLD" chatColor="F45454FF"/>
</ChatChannelDefinition>
