<?xml version="1.0" encoding="UTF-8" standalone="yes"?>
<HeadDisplayDefinition>
    <HeadDisplayElement typeName="1"/>
    <HeadDisplayElement typeName="4"/>
    <HeadDisplayElement typeName="11">
        <Element reserved="0" drawType="TextType" texName="" u1="0" v1="0" u2="0" v2="0" systemMsg="541" color="FFFF0000"/>
    </HeadDisplayElement>
    <HeadDisplayElement typeName="2"/>
    <HeadDisplayElement typeName="3"/>
    <HeadDisplayElement typeName="6">
        <Element reserved="1" drawType="ImageType" texName="L2UI_CT1.HeadDisplay_DF_Target_Normal" u1="0" v1="0" u2="19" v2="19" systemMsg="0" color="00000000"/>
        <Element reserved="2" drawType="ImageType" texName="L2UI_CT1.HeadDisplay_DF_Target_Target" u1="0" v1="0" u2="19" v2="19" systemMsg="0" color="00000000"/>
        <Element reserved="3" drawType="ImageType" texName="L2UI_CT1.HeadDisplay_DF_Target_Attack" u1="0" v1="0" u2="19" v2="19" systemMsg="0" color="00000000"/>
    </HeadDisplayElement>
    <HeadDisplayElement typeName="7">
        <Element reserved="0" drawType="ImageType" texName="L2UI_CH3.BroadcastObs.br_party1_1" u1="0" v1="0" u2="64" v2="64" systemMsg="0" color="00000000"/>
        <Element reserved="1" drawType="ImageType" texName="L2UI_CH3.BroadcastObs.br_party1_2" u1="0" v1="0" u2="64" v2="64" systemMsg="0" color="00000000"/>
        <Element reserved="2" drawType="ImageType" texName="L2UI_CH3.BroadcastObs.br_party1_3" u1="0" v1="0" u2="64" v2="64" systemMsg="0" color="00000000"/>
        <Element reserved="3" drawType="ImageType" texName="L2UI_CH3.BroadcastObs.br_party1_4" u1="0" v1="0" u2="64" v2="64" systemMsg="0" color="00000000"/>
        <Element reserved="4" drawType="ImageType" texName="L2UI_CH3.BroadcastObs.br_party1_5" u1="0" v1="0" u2="64" v2="64" systemMsg="0" color="00000000"/>
        <Element reserved="5" drawType="ImageType" texName="L2UI_CH3.BroadcastObs.br_party1_6" u1="0" v1="0" u2="64" v2="64" systemMsg="0" color="00000000"/>
        <Element reserved="6" drawType="ImageType" texName="L2UI_CH3.BroadcastObs.br_party1_7" u1="0" v1="0" u2="64" v2="64" systemMsg="0" color="00000000"/>
        <Element reserved="7" drawType="ImageType" texName="L2UI_CH3.BroadcastObs.br_party1_8" u1="0" v1="0" u2="64" v2="64" systemMsg="0" color="00000000"/>
        <Element reserved="8" drawType="ImageType" texName="L2UI_CH3.BroadcastObs.br_party1_9" u1="0" v1="0" u2="64" v2="64" systemMsg="0" color="00000000"/>
        <Element reserved="9" drawType="ImageType" texName="L2UI_CH3.BroadcastObs.br_party2_1" u1="0" v1="0" u2="64" v2="64" systemMsg="0" color="00000000"/>
        <Element reserved="10" drawType="ImageType" texName="L2UI_CH3.BroadcastObs.br_party2_2" u1="0" v1="0" u2="64" v2="64" systemMsg="0" color="00000000"/>
        <Element reserved="11" drawType="ImageType" texName="L2UI_CH3.BroadcastObs.br_party2_3" u1="0" v1="0" u2="64" v2="64" systemMsg="0" color="00000000"/>
        <Element reserved="12" drawType="ImageType" texName="L2UI_CH3.BroadcastObs.br_party2_4" u1="0" v1="0" u2="64" v2="64" systemMsg="0" color="00000000"/>
        <Element reserved="13" drawType="ImageType" texName="L2UI_CH3.BroadcastObs.br_party2_5" u1="0" v1="0" u2="64" v2="64" systemMsg="0" color="00000000"/>
        <Element reserved="14" drawType="ImageType" texName="L2UI_CH3.BroadcastObs.br_party2_6" u1="0" v1="0" u2="64" v2="64" systemMsg="0" color="00000000"/>
        <Element reserved="15" drawType="ImageType" texName="L2UI_CH3.BroadcastObs.br_party2_7" u1="0" v1="0" u2="64" v2="64" systemMsg="0" color="00000000"/>
        <Element reserved="16" drawType="ImageType" texName="L2UI_CH3.BroadcastObs.br_party2_8" u1="0" v1="0" u2="64" v2="64" systemMsg="0" color="00000000"/>
        <Element reserved="17" drawType="ImageType" texName="L2UI_CH3.BroadcastObs.br_party2_9" u1="0" v1="0" u2="64" v2="64" systemMsg="0" color="00000000"/>
    </HeadDisplayElement>
    <HeadDisplayElement typeName="8">
        <Element reserved="1" drawType="ImageType" texName="l2ui_Ct1.HeadDisplay_DF_mark_01" u1="0" v1="0" u2="46" v2="46" systemMsg="0" color="00000000"/>
        <Element reserved="2" drawType="ImageType" texName="l2ui_Ct1.HeadDisplay_DF_mark_02" u1="0" v1="0" u2="46" v2="46" systemMsg="0" color="00000000"/>
        <Element reserved="3" drawType="ImageType" texName="l2ui_Ct1.HeadDisplay_DF_mark_03" u1="0" v1="0" u2="46" v2="46" systemMsg="0" color="00000000"/>
        <Element reserved="4" drawType="ImageType" texName="l2ui_Ct1.HeadDisplay_DF_mark_04" u1="0" v1="0" u2="46" v2="46" systemMsg="0" color="00000000"/>
    </HeadDisplayElement>
    <HeadDisplayElement typeName="10">
        <Element reserved="3" drawType="ImageType" texName="L2UI_CT1.clan.clan_DF_clanwaricon_blueflagleader" u1="0" v1="0" u2="30" v2="30" systemMsg="0" color="00000000"/>
        <Element reserved="4" drawType="ImageType" texName="L2UI_CT1.clan.clan_DF_clanwaricon_blueflagleader_penalty" u1="0" v1="0" u2="30" v2="30" systemMsg="0" color="00000000"/>
        <Element reserved="5" drawType="ImageType" texName="L2UI_CT1.clan.clan_DF_clanwaricon_bluesword" u1="0" v1="0" u2="30" v2="30" systemMsg="0" color="00000000"/>
        <Element reserved="6" drawType="ImageType" texName="L2UI_CT1.clan.clan_DF_clanwaricon_bluesword_penalty" u1="0" v1="0" u2="30" v2="30" systemMsg="0" color="00000000"/>
        <Element reserved="7" drawType="ImageType" texName="L2UI_CT1.clan.clan_DF_clanwaricon_bluecrownleader" u1="0" v1="0" u2="30" v2="30" systemMsg="0" color="00000000"/>
        <Element reserved="8" drawType="ImageType" texName="L2UI_CT1.clan.clan_DF_clanwaricon_bluecrownleader_penalty" u1="0" v1="0" u2="30" v2="30" systemMsg="0" color="00000000"/>
        <Element reserved="9" drawType="ImageType" texName="L2UI_CT1.clan.clan_DF_clanwaricon_blueshield" u1="0" v1="0" u2="30" v2="30" systemMsg="0" color="00000000"/>
        <Element reserved="10" drawType="ImageType" texName="L2UI_CT1.clan.clan_DF_clanwaricon_blueshield_penalty" u1="0" v1="0" u2="30" v2="30" systemMsg="0" color="00000000"/>
        <Element reserved="11" drawType="ImageType" texName="L2UI_CT1.clan.clan_DF_clanwaricon_redflagleader" u1="0" v1="0" u2="30" v2="30" systemMsg="0" color="00000000"/>
        <Element reserved="12" drawType="ImageType" texName="L2UI_CT1.clan.clan_DF_clanwaricon_redflagleader_penalty" u1="0" v1="0" u2="30" v2="30" systemMsg="0" color="00000000"/>
        <Element reserved="13" drawType="ImageType" texName="L2UI_CT1.clan.clan_DF_clanwaricon_redsword" u1="0" v1="0" u2="30" v2="30" systemMsg="0" color="00000000"/>
        <Element reserved="14" drawType="ImageType" texName="L2UI_CT1.clan.clan_DF_clanwaricon_redsword_penalty" u1="0" v1="0" u2="30" v2="30" systemMsg="0" color="00000000"/>
        <Element reserved="15" drawType="ImageType" texName="L2UI_CT1.clan.clan_DF_clanwaricon_redcrownleader" u1="0" v1="0" u2="30" v2="30" systemMsg="0" color="00000000"/>
        <Element reserved="16" drawType="ImageType" texName="L2UI_CT1.clan.clan_DF_clanwaricon_redcrownleader_penalty" u1="0" v1="0" u2="30" v2="30" systemMsg="0" color="00000000"/>
        <Element reserved="17" drawType="ImageType" texName="L2UI_CT1.clan.clan_DF_clanwaricon_redshield" u1="0" v1="0" u2="30" v2="30" systemMsg="0" color="00000000"/>
        <Element reserved="18" drawType="ImageType" texName="L2UI_CT1.clan.clan_DF_clanwaricon_redshield_penalty" u1="0" v1="0" u2="30" v2="30" systemMsg="0" color="00000000"/>
        <Element reserved="19" drawType="ImageType" texName="L2UI_CT1.clan.clan_DF_clanwaricon_bothside" u1="0" v1="0" u2="30" v2="30" systemMsg="0" color="00000000"/>
        <Element reserved="20" drawType="ImageType" texName="L2UI_CT1.clan.clan_DF_clanwaricon_oneside" u1="0" v1="0" u2="30" v2="30" systemMsg="0" color="00000000"/>
    </HeadDisplayElement>
    <HeadDisplayElement typeName="12">
        <Element reserved="0" drawType="ImageType" texName="L2UI_CT1.HeadDisplay_DF_Gage_HP" u1="0" v1="0" u2="80" v2="8" systemMsg="0" color="00000000"/>
        <Element reserved="1" drawType="ImageType" texName="L2UI_CT1.HeadDisplay_DF_Gage_HP_BG" u1="0" v1="0" u2="80" v2="8" systemMsg="0" color="00000000"/>
        <Element reserved="2" drawType="ImageType" texName="L2UI_CT1.HeadDisplay_DF_Gage_Breathing" u1="0" v1="0" u2="64" v2="4" systemMsg="0" color="00000000"/>
        <Element reserved="3" drawType="ImageType" texName="L2UI_CT1.HeadDisplay_DF_Gage_Breathing_Bg" u1="0" v1="0" u2="64" v2="4" systemMsg="0" color="00000000"/>
        <Element reserved="4" drawType="ImageType" texName="L2UI_CT1.HeadDisplay_DF_Gage_Food" u1="0" v1="0" u2="80" v2="7" systemMsg="0" color="00000000"/>
        <Element reserved="5" drawType="ImageType" texName="L2UI_CT1.HeadDisplay_DF_Gage_Food_bg" u1="0" v1="0" u2="80" v2="7" systemMsg="0" color="00000000"/>
        <Element reserved="6" drawType="ImageType" texName="L2UI_CT1.HeadDisplay_DF_Gage_Arrow" u1="0" v1="0" u2="64" v2="4" systemMsg="0" color="00000000"/>
        <Element reserved="7" drawType="ImageType" texName="L2UI_CT1.HeadDisplay_DF_Gage_Arrow_Bg" u1="0" v1="0" u2="64" v2="4" systemMsg="0" color="00000000"/>
    </HeadDisplayElement>
    <HeadDisplayElement typeName="5">
        <Element reserved="0" drawType="ImageType" texName="L2UI_CT1.HeadDisplay_DF_Skill_Enemy_Progress" u1="0" v1="0" u2="68" v2="7" systemMsg="0" color="00000000"/>
        <Element reserved="1" drawType="ImageType" texName="L2UI_CT1.HeadDisplay_DF_Skill_Enemy_Progress_bg" u1="0" v1="0" u2="88" v2="20" systemMsg="0" color="00000000"/>
        <Element reserved="2" drawType="ImageType" texName="L2UI_CT1.HeadDisplay_DF_Skill_Friendly_Progress" u1="0" v1="0" u2="68" v2="7" systemMsg="0" color="00000000"/>
        <Element reserved="3" drawType="ImageType" texName="L2UI_CT1.HeadDisplay_DF_Skill_Friendly_Progress_bg" u1="0" v1="0" u2="88" v2="20" systemMsg="0" color="00000000"/>
        <Element reserved="4" drawType="ImageType" texName="L2UI_CT1.HeadDisplay_DF_Skill_Enemy_Success" u1="0" v1="0" u2="68" v2="7" systemMsg="0" color="00000000"/>
        <Element reserved="5" drawType="ImageType" texName="L2UI_CT1.HeadDisplay_DF_Skill_Enemy_Success_bg" u1="0" v1="0" u2="88" v2="20" systemMsg="0" color="00000000"/>
        <Element reserved="6" drawType="ImageType" texName="L2UI_CT1.HeadDisplay_DF_Skill_Friendly_Success" u1="0" v1="0" u2="68" v2="7" systemMsg="0" color="00000000"/>
        <Element reserved="7" drawType="ImageType" texName="L2UI_CT1.HeadDisplay_DF_Skill_Friendly_Success_bg" u1="0" v1="0" u2="88" v2="20" systemMsg="0" color="00000000"/>
        <Element reserved="8" drawType="ImageType" texName="L2UI_CT1.HeadDisplay_DF_Skill_Enemy_Failed" u1="0" v1="0" u2="68" v2="7" systemMsg="0" color="00000000"/>
        <Element reserved="9" drawType="ImageType" texName="L2UI_CT1.HeadDisplay_DF_Skill_Enemy_Failed_bg" u1="0" v1="0" u2="88" v2="20" systemMsg="0" color="00000000"/>
        <Element reserved="10" drawType="ImageType" texName="L2UI_CT1.HeadDisplay_DF_Skill_Friendly_Failed" u1="0" v1="0" u2="68" v2="7" systemMsg="0" color="00000000"/>
        <Element reserved="11" drawType="ImageType" texName="L2UI_CT1.HeadDisplay_DF_Skill_Friendly_Failed_bg" u1="0" v1="0" u2="88" v2="20" systemMsg="0" color="00000000"/>
        <Element reserved="12" drawType="ImageType" texName="L2UI_CT1.HeadDisplay_DF_Skill_cancelimpossible" u1="0" v1="0" u2="13" v2="13" systemMsg="0" color="00000000"/>
    </HeadDisplayElement>
    <HeadDisplayElement typeName="13"/>
    <HeadDisplayElement typeName="14"/>
    <HeadDisplayElement typeName="9">
        <Element reserved="0" drawType="ImageType" texName="BranchSys2.ui.br_initial_mark" u1="0" v1="0" u2="21" v2="19" systemMsg="0" color="00000000"/>
        <Element reserved="1" drawType="ImageType" texName="BranchSys2.ui.br_lecture_mark" u1="0" v1="0" u2="21" v2="15" systemMsg="0" color="00000000"/>
    </HeadDisplayElement>
    <HeadDisplayLayout offsetX="2" offsetY="-20" startingPoint="12">
        <HeadDisplayCell maxHeight="0">
            <Row typeName="13" reservedName="1" width="0" height="25" offsetX="0" offsetY="8"/>
        </HeadDisplayCell>
        <HeadDisplayCell maxHeight="0">
            <Row typeName="13" reservedName="2" width="0" height="38" offsetX="0" offsetY="50"/>
        </HeadDisplayCell>
        <HeadDisplayCell maxHeight="0">
            <Row typeName="8" reservedName="0" width="46" height="46" offsetX="0" offsetY="0"/>
        </HeadDisplayCell>
        <HeadDisplayCell maxHeight="0">
            <Row typeName="7" reservedName="0" width="64" height="64" offsetX="0" offsetY="0"/>
        </HeadDisplayCell>
        <HeadDisplayCell maxHeight="0">
            <Row typeName="10" reservedName="0" width="29" height="29" offsetX="0" offsetY="0"/>
        </HeadDisplayCell>
        <HeadDisplayCell maxHeight="0">
            <Row typeName="11" reservedName="0" width="0" height="13" offsetX="0" offsetY="0"/>
        </HeadDisplayCell>
        <HeadDisplayCell maxHeight="0">
            <Row typeName="14" reservedName="0" width="0" height="0" offsetX="0" offsetY="-30"/>
        </HeadDisplayCell>
        <HeadDisplayCell maxHeight="0">
            <Row typeName="4" reservedName="0" width="0" height="13" offsetX="0" offsetY="0"/>
        </HeadDisplayCell>
        <HeadDisplayCell maxHeight="19">
            <Row typeName="6" reservedName="0" width="19" height="19" offsetX="0" offsetY="0"/>
            <Row typeName="3" reservedName="0" width="8" height="12" offsetX="-1" offsetY="2"/>
            <Row typeName="2" reservedName="0" width="16" height="12" offsetX="-1" offsetY="2"/>
            <Row typeName="1" reservedName="0" width="0" height="13" offsetX="0" offsetY="1"/>
            <Row typeName="9" reservedName="0" width="21" height="19" offsetX="0" offsetY="1"/>
            <Row typeName="6" reservedName="0" width="19" height="19" offsetX="1" offsetY="0"/>
        </HeadDisplayCell>
        <HeadDisplayCell maxHeight="0">
            <Row typeName="12" reservedName="1" width="64" height="4" offsetX="0" offsetY="0"/>
        </HeadDisplayCell>
        <HeadDisplayCell maxHeight="0">
            <Row typeName="12" reservedName="0" width="80" height="8" offsetX="0" offsetY="-2"/>
        </HeadDisplayCell>
        <HeadDisplayCell maxHeight="0">
            <Row typeName="12" reservedName="2" width="80" height="7" offsetX="0" offsetY="-5"/>
        </HeadDisplayCell>
        <HeadDisplayCell maxHeight="0">
            <Row typeName="12" reservedName="3" width="64" height="4" offsetX="0" offsetY="0"/>
        </HeadDisplayCell>
        <HeadDisplayCell maxHeight="0">
            <Row typeName="5" reservedName="0" width="88" height="10" offsetX="0" offsetY="0"/>
        </HeadDisplayCell>
        <HeadDisplayCell maxHeight="0">
            <Row typeName="5" reservedName="1" width="88" height="20" offsetX="0" offsetY="0"/>
        </HeadDisplayCell>
    </HeadDisplayLayout>
</HeadDisplayDefinition>
