<?xml version="1.0" encoding="UTF-8" standalone="yes"?>
<Window parent="undefined" backTex="undefined" script="ChatWnd" state="GamingState" hidden="false" alwaysFullAlpha="true" savePosition="false" title="-9999" resizeFrame="true" frameSize="None" frameDirection="None" resizeFrameDirection="Free" resizeFrameX="332.0" resizeFrameY="0.0" resizeFrameWidth="16.0" resizeFrameHeight="16.0" resizeMaxIncrease="300" drawerDirection="None" offsetX="0" offsetY="0" ownerWindow="" showAnimType="None" hideAnimType="None" showAnimDirection="None" showAnimSeconds="0.0" hideAnimDirection="None" hideAnimSeconds="0.0" iconName="undefined" tooltipIdx="-9999" workingConfiguration="Game" leftTextureName="undefined" midTextureName="undefined" rightTextureName="undefined" minimizeBtnTextureNormal="undefined" minimizeBtnTexturePushed="undefined" closeBtnTextureNormal="undefined" closeBtnTexturePushed="undefined" leftBackTextureWidth="-9999" midBackTextureWidth="-9999" showInArena="true" name="ChatWnd" extendsName="undefined" alwaysOnBack="true" parentName="" preOrder="undefined" postOrder="undefined" anchored="true" superChild="true" relativeSize="true" absoluteSize="true" widthRate="0.0" heightRate="0.0" width="348" height="188" usePosition="true" relativePoint="BOTTOM_LEFT" anchorPoint="BOTTOM_LEFT" relativeTo="" anchoredX="0.0" anchoredY="-18.0" useFont="false" styleName="undefined" fontName="undefined" fontColor="00000000" fontLine="EMPTY" virtual="true" alwaysZero="0" tooltipType="undefined" tooltipText="-9999" tooltipAppearanceTime="-9999" scrollBarOffsetX="-9999" scrollBarOffsetY="-9999" scrollBarOffsetHeight="-9999">
    <State stateName="ArenaGamingState"/>
    <State stateName="ArenaPickState"/>
    <State stateName="ArenaBattleState"/>
    <State stateName="ArenaObserverState"/>
    <Children>
        <Button normalTex="L2UI_CT1.ChatWindow.chatting_fontsize1" pushedTex="L2UI_CT1.ChatWindow.chatting_fontsize2" highlightTex="undefined" dropTex="undefined" buttonName="-9999" buttonNameText="undefined" disableTime="-9999" disableTex="undefined" name="ChatFontOptionBtn" extendsName="undefined" parentName="ChatWnd" preOrder="undefined" postOrder="undefined" anchored="true" superChild="true" relativeSize="true" absoluteSize="true" widthRate="0.0" heightRate="0.0" width="15" height="15" usePosition="true" relativePoint="BOTTOM_LEFT" anchorPoint="BOTTOM_LEFT" relativeTo="" anchoredX="5.0" anchoredY="-26.0" useFont="false" styleName="undefined" fontName="undefined" fontColor="00000000" fontLine="EMPTY" alwaysZero="0" tooltipType="Text" tooltipText="3096" tooltipAppearanceTime="-9999" scrollBarOffsetX="-9999" scrollBarOffsetY="-9999" scrollBarOffsetHeight="-9999"/>
        <Button normalTex="L2UI_CH3.ChatWnd.Chatting_Option1" pushedTex="L2UI_CH3.ChatWnd.Chatting_Option2" highlightTex="undefined" dropTex="undefined" buttonName="-9999" buttonNameText="undefined" disableTime="-9999" disableTex="undefined" name="ChatFilterBtn" extendsName="undefined" parentName="ChatWnd" preOrder="undefined" postOrder="undefined" anchored="true" superChild="true" relativeSize="true" absoluteSize="true" widthRate="0.0" heightRate="0.0" width="15" height="15" usePosition="true" relativePoint="BOTTOM_LEFT" anchorPoint="BOTTOM_LEFT" relativeTo="" anchoredX="5.0" anchoredY="-7.0" useFont="false" styleName="undefined" fontName="undefined" fontColor="00000000" fontLine="EMPTY" alwaysZero="0" tooltipType="Text" tooltipText="897" tooltipAppearanceTime="-9999" scrollBarOffsetX="-9999" scrollBarOffsetY="-9999" scrollBarOffsetHeight="-9999"/>
        <EditBox editBoxType="CHAT" maxLength="105" chatMarkOn="false" offsetX="15" candidateBoxShowUpPos="true" useAutoCompletion="false" enableCopyNPaste="False" name="ChatEditBox" extendsName="undefined" alwaysOnTop="true" parentName="ChatWnd" preOrder="undefined" postOrder="undefined" anchored="true" superChild="true" relativeSize="true" absoluteSize="true" widthRate="0.0" heightRate="0.0" width="318" height="16" usePosition="true" relativePoint="BOTTOM_LEFT" anchorPoint="BOTTOM_LEFT" relativeTo="" anchoredX="23.0" anchoredY="-6.0" useFont="true" styleName="" fontName="ChatWndDefault" fontColor="00000000" fontLine="EMPTY" alwaysZero="0" tooltipType="undefined" tooltipText="-9999" tooltipAppearanceTime="-9999" scrollBarOffsetX="-9999" scrollBarOffsetY="-9999" scrollBarOffsetHeight="-9999"/>
        <Texture file="L2UI_CH3.ChatWnd.Chatting_Back2" alphaMask="" type="Stretch" layer="None" u="10.0" v="0.0" uSize="328.0" vSize="18.0" alpha="-9999" autoRotate="None" maskLayer="0.0" colorModify="FFFFFFFF" name="ChatWndHeadTex" extendsName="undefined" parentName="ChatWnd" preOrder="undefined" postOrder="undefined" anchored="true" superChild="true" relativeSize="true" absoluteSize="false" sizePercentWindow="" widthRate="1.0" heightRate="0.0" width="0" height="18" usePosition="true" relativePoint="TOP_LEFT" anchorPoint="TOP_LEFT" relativeTo="" anchoredX="0.0" anchoredY="0.0" useFont="false" styleName="undefined" fontName="undefined" fontColor="00000000" fontLine="EMPTY" alwaysZero="0" tooltipType="undefined" tooltipText="-9999" tooltipAppearanceTime="-9999" scrollBarOffsetX="-9999" scrollBarOffsetY="-9999" scrollBarOffsetHeight="-9999"/>
        <Texture file="L2UI_CH3.ChatWnd.Chatting_Back3" alphaMask="" type="Stretch" layer="None" u="10.0" v="7.0" uSize="328.0" vSize="3.0" alpha="-9999" autoRotate="None" maskLayer="0.0" colorModify="FFFFFFFF" name="ChatWndBodyTex" extendsName="undefined" parentName="ChatWnd" preOrder="undefined" postOrder="undefined" anchored="true" superChild="true" relativeSize="true" absoluteSize="false" sizePercentWindow="" widthRate="1.0" heightRate="1.0" width="0" height="-82" usePosition="true" relativePoint="TOP_LEFT" anchorPoint="TOP_LEFT" relativeTo="" anchoredX="0.0" anchoredY="18.0" useFont="false" styleName="undefined" fontName="undefined" fontColor="00000000" fontLine="EMPTY" alwaysZero="0" tooltipType="undefined" tooltipText="-9999" tooltipAppearanceTime="-9999" scrollBarOffsetX="-9999" scrollBarOffsetY="-9999" scrollBarOffsetHeight="-9999"/>
        <Texture file="L2UI_CH3.ChatWnd.Chatting_Back4" alphaMask="" type="Stretch" layer="None" u="10.0" v="0.0" uSize="328.0" vSize="18.0" alpha="-9999" autoRotate="None" maskLayer="0.0" colorModify="FFFFFFFF" name="ChatWndBottomTex" extendsName="undefined" parentName="ChatWnd" preOrder="undefined" postOrder="undefined" anchored="true" superChild="true" relativeSize="true" absoluteSize="false" sizePercentWindow="" widthRate="1.0" heightRate="0.0" width="0" height="18" usePosition="true" relativePoint="BOTTOM_LEFT" anchorPoint="BOTTOM_LEFT" relativeTo="" anchoredX="0.0" anchoredY="-46.0" useFont="false" styleName="undefined" fontName="undefined" fontColor="00000000" fontLine="EMPTY" alwaysZero="0" tooltipType="undefined" tooltipText="-9999" tooltipAppearanceTime="-9999" scrollBarOffsetX="-9999" scrollBarOffsetY="-9999" scrollBarOffsetHeight="-9999"/>
        <Texture file="L2UI_CH3.ChatWnd.Chatting_Back1" alphaMask="" type="Stretch" layer="None" u="0.0" v="0.0" uSize="24.0" vSize="46.0" alpha="-9999" autoRotate="None" maskLayer="0.0" colorModify="FFFFFFFF" name="ChatWndBottomTex1" extendsName="undefined" parentName="ChatWnd" preOrder="undefined" postOrder="undefined" anchored="true" superChild="true" relativeSize="true" absoluteSize="true" widthRate="0.0" heightRate="0.0" width="24" height="46" usePosition="true" relativePoint="BOTTOM_LEFT" anchorPoint="BOTTOM_LEFT" relativeTo="" anchoredX="0.0" anchoredY="0.0" useFont="false" styleName="undefined" fontName="undefined" fontColor="00000000" fontLine="EMPTY" alwaysZero="0" tooltipType="undefined" tooltipText="-9999" tooltipAppearanceTime="-9999" scrollBarOffsetX="-9999" scrollBarOffsetY="-9999" scrollBarOffsetHeight="-9999"/>
        <Texture file="L2UI_CH3.ChatWnd.Chatting_Back1" alphaMask="" type="Stretch" layer="None" u="24.0" v="0.0" uSize="320.0" vSize="46.0" alpha="-9999" autoRotate="None" maskLayer="0.0" colorModify="FFFFFFFF" name="ChatWndBottomTex3" extendsName="undefined" parentName="ChatWnd" preOrder="undefined" postOrder="undefined" anchored="true" superChild="true" relativeSize="true" absoluteSize="true" widthRate="0.0" heightRate="0.0" width="320" height="46" usePosition="true" relativePoint="BOTTOM_LEFT" anchorPoint="BOTTOM_LEFT" relativeTo="" anchoredX="24.0" anchoredY="0.0" useFont="false" styleName="undefined" fontName="undefined" fontColor="00000000" fontLine="EMPTY" alwaysZero="0" tooltipType="undefined" tooltipText="-9999" tooltipAppearanceTime="-9999" scrollBarOffsetX="-9999" scrollBarOffsetY="-9999" scrollBarOffsetHeight="-9999"/>
        <Texture file="L2UI_CH3.ChatWnd.Chatting_Back1" alphaMask="" type="Stretch" layer="None" u="4.0" v="0.0" uSize="2.0" vSize="46.0" alpha="-9999" autoRotate="None" maskLayer="0.0" colorModify="FFFFFFFF" name="ChatWndBottomTex2" extendsName="undefined" parentName="ChatWnd" preOrder="undefined" postOrder="undefined" anchored="true" superChild="true" relativeSize="true" absoluteSize="true" widthRate="0.0" heightRate="0.0" width="2" height="46" usePosition="true" relativePoint="BOTTOM_LEFT" anchorPoint="BOTTOM_LEFT" relativeTo="" anchoredX="342.0" anchoredY="0.0" useFont="false" styleName="undefined" fontName="undefined" fontColor="00000000" fontLine="EMPTY" alwaysZero="0" tooltipType="undefined" tooltipText="-9999" tooltipAppearanceTime="-9999" scrollBarOffsetX="-9999" scrollBarOffsetY="-9999" scrollBarOffsetHeight="-9999"/>
        <Texture file="L2UI_CH3.ChatWnd.Chatting_Back1" alphaMask="" type="Stretch" layer="None" u="342.0" v="0.0" uSize="6.0" vSize="46.0" alpha="-9999" autoRotate="None" maskLayer="0.0" colorModify="FFFFFFFF" name="ChatWndBottomTex4" extendsName="undefined" parentName="ChatWnd" preOrder="undefined" postOrder="undefined" anchored="true" superChild="true" relativeSize="true" absoluteSize="true" widthRate="0.0" heightRate="0.0" width="6" height="46" usePosition="true" relativePoint="BOTTOM_RIGHT" anchorPoint="BOTTOM_RIGHT" relativeTo="" anchoredX="0.0" anchoredY="0.0" useFont="false" styleName="undefined" fontName="undefined" fontColor="00000000" fontLine="EMPTY" alwaysZero="0" tooltipType="undefined" tooltipText="-9999" tooltipAppearanceTime="-9999" scrollBarOffsetX="-9999" scrollBarOffsetY="-9999" scrollBarOffsetHeight="-9999"/>
        <Texture file="L2UI_CH3.ChatWnd.Chatting_IMEkr" alphaMask="" type="Stretch" layer="Normal" u="0.0" v="0.0" uSize="0.0" vSize="0.0" alpha="-9999" autoRotate="None" maskLayer="0.0" colorModify="FFFFFFFF" name="LanguageTexture" extendsName="undefined" alwaysOnTop="true" parentName="ChatWnd" preOrder="undefined" postOrder="undefined" anchored="true" superChild="true" relativeSize="true" absoluteSize="true" widthRate="0.0" heightRate="0.0" width="15" height="15" usePosition="true" relativePoint="BOTTOM_LEFT" anchorPoint="BOTTOM_LEFT" relativeTo="" anchoredX="24.0" anchoredY="-6.0" useFont="false" styleName="undefined" fontName="undefined" fontColor="00000000" fontLine="EMPTY" alwaysZero="0" tooltipType="undefined" tooltipText="-9999" tooltipAppearanceTime="-9999" scrollBarOffsetX="-9999" scrollBarOffsetY="-9999" scrollBarOffsetHeight="-9999"/>
        <ChatWindow lineGap="4" nextLineOffsetX="-9999" name="NormalChat" extendsName="undefined" parentName="ChatWnd" preOrder="undefined" postOrder="undefined" anchored="false" superChild="true" relativeSize="true" absoluteSize="false" sizePercentWindow="" widthRate="1.0" heightRate="1.0" width="-5" height="-49" usePosition="true" relativePoint="TOP_LEFT" anchorPoint="TOP_LEFT" relativeTo="" anchoredX="0.0" anchoredY="-1.0" useFont="false" styleName="undefined" fontName="undefined" fontColor="00000000" fontLine="EMPTY" alwaysZero="0" tooltipType="undefined" tooltipText="-9999" tooltipAppearanceTime="-9999" scrollBarOffsetX="-9999" scrollBarOffsetY="-9999" scrollBarOffsetHeight="-9999"/>
        <ChatWindow lineGap="4" nextLineOffsetX="-9999" name="TradeChat" extendsName="undefined" parentName="ChatWnd" preOrder="undefined" postOrder="undefined" anchored="false" superChild="true" relativeSize="true" absoluteSize="false" sizePercentWindow="" widthRate="1.0" heightRate="1.0" width="-5" height="-49" usePosition="true" relativePoint="TOP_LEFT" anchorPoint="TOP_LEFT" relativeTo="" anchoredX="0.0" anchoredY="-1.0" useFont="false" styleName="undefined" fontName="undefined" fontColor="00000000" fontLine="EMPTY" alwaysZero="0" tooltipType="undefined" tooltipText="-9999" tooltipAppearanceTime="-9999" scrollBarOffsetX="-9999" scrollBarOffsetY="-9999" scrollBarOffsetHeight="-9999"/>
        <ChatWindow lineGap="4" nextLineOffsetX="-9999" name="PartyChat" extendsName="undefined" parentName="ChatWnd" preOrder="undefined" postOrder="undefined" anchored="false" superChild="true" relativeSize="true" absoluteSize="false" sizePercentWindow="" widthRate="1.0" heightRate="1.0" width="-5" height="-49" usePosition="true" relativePoint="TOP_LEFT" anchorPoint="TOP_LEFT" relativeTo="" anchoredX="0.0" anchoredY="-1.0" useFont="false" styleName="undefined" fontName="undefined" fontColor="00000000" fontLine="EMPTY" alwaysZero="0" tooltipType="undefined" tooltipText="-9999" tooltipAppearanceTime="-9999" scrollBarOffsetX="-9999" scrollBarOffsetY="-9999" scrollBarOffsetHeight="-9999"/>
        <ChatWindow lineGap="4" nextLineOffsetX="-9999" name="ClanChat" extendsName="undefined" parentName="ChatWnd" preOrder="undefined" postOrder="undefined" anchored="false" superChild="true" relativeSize="true" absoluteSize="false" sizePercentWindow="" widthRate="1.0" heightRate="1.0" width="-5" height="-49" usePosition="true" relativePoint="TOP_LEFT" anchorPoint="TOP_LEFT" relativeTo="" anchoredX="0.0" anchoredY="-1.0" useFont="false" styleName="undefined" fontName="undefined" fontColor="00000000" fontLine="EMPTY" alwaysZero="0" tooltipType="undefined" tooltipText="-9999" tooltipAppearanceTime="-9999" scrollBarOffsetX="-9999" scrollBarOffsetY="-9999" scrollBarOffsetHeight="-9999"/>
        <ChatWindow lineGap="4" nextLineOffsetX="-9999" name="AllyChat" extendsName="undefined" parentName="ChatWnd" preOrder="undefined" postOrder="undefined" anchored="false" superChild="true" relativeSize="true" absoluteSize="false" sizePercentWindow="" widthRate="1.0" heightRate="1.0" width="-5" height="-49" usePosition="true" relativePoint="TOP_LEFT" anchorPoint="TOP_LEFT" relativeTo="" anchoredX="0.0" anchoredY="-1.0" useFont="false" styleName="undefined" fontName="undefined" fontColor="00000000" fontLine="EMPTY" alwaysZero="0" tooltipType="undefined" tooltipText="-9999" tooltipAppearanceTime="-9999" scrollBarOffsetX="-9999" scrollBarOffsetY="-9999" scrollBarOffsetHeight="-9999"/>
        <Tab name="ChatTabCtrl" extendsName="undefined" parentName="ChatWnd" preOrder="undefined" postOrder="undefined" anchored="true" superChild="true" relativeSize="true" absoluteSize="true" widthRate="0.0" heightRate="0.0" width="320" height="23" usePosition="true" relativePoint="BOTTOM_LEFT" anchorPoint="BOTTOM_LEFT" relativeTo="" anchoredX="22.0" anchoredY="-23.0" useFont="false" styleName="undefined" fontName="undefined" fontColor="00000000" fontLine="EMPTY" alwaysZero="0" tooltipType="undefined" tooltipText="-9999" tooltipAppearanceTime="-9999" scrollBarOffsetX="-9999" scrollBarOffsetY="-9999" scrollBarOffsetHeight="-9999">
            <TabElement buttonName="441" buttonNameText="undefined" nameOffsetX="0" nameOffsetY="0" target="NormalChat" width="64" height="21" normalTex="L2UI_CH3.ChatWnd.Chatting_Tab2" pushedTex="L2UI_CH3.ChatWnd.Chatting_Tab1" movable="false" gap="0" tooltip="-1" blinkTextureName=""/>
            <TabElement buttonName="355" buttonNameText="undefined" nameOffsetX="0" nameOffsetY="0" target="TradeChat" width="64" height="21" normalTex="L2UI_CH3.ChatWnd.Chatting_Tab2" pushedTex="L2UI_CH3.ChatWnd.Chatting_Tab1" movable="true" gap="0" tooltip="-1" blinkTextureName=""/>
            <TabElement buttonName="188" buttonNameText="undefined" nameOffsetX="0" nameOffsetY="0" target="PartyChat" width="64" height="21" normalTex="L2UI_CH3.ChatWnd.Chatting_Tab2" pushedTex="L2UI_CH3.ChatWnd.Chatting_Tab1" movable="true" gap="0" tooltip="-1" blinkTextureName=""/>
            <TabElement buttonName="128" buttonNameText="undefined" nameOffsetX="0" nameOffsetY="0" target="ClanChat" width="64" height="21" normalTex="L2UI_CH3.ChatWnd.Chatting_Tab2" pushedTex="L2UI_CH3.ChatWnd.Chatting_Tab1" movable="true" gap="0" tooltip="-1" blinkTextureName=""/>
            <TabElement buttonName="559" buttonNameText="undefined" nameOffsetX="0" nameOffsetY="0" target="AllyChat" width="64" height="21" normalTex="L2UI_CH3.ChatWnd.Chatting_Tab2" pushedTex="L2UI_CH3.ChatWnd.Chatting_Tab1" movable="true" gap="0" tooltip="-1" blinkTextureName=""/>
        </Tab>
    </Children>
</Window>
