<?xml version="1.0" encoding="UTF-8" standalone="yes"?>
<Window parent="ManorInfoWnd" backTex="undefined" script="undefined" state="undefined" hidden="true" title="-9999" frameSize="None" frameDirection="None" resizeFrameDirection="None" resizeFrameX="-9999.0" resizeFrameY="-9999.0" resizeFrameWidth="-9999.0" resizeFrameHeight="-9999.0" resizeMaxIncrease="0" drawerDirection="None" offsetX="0" offsetY="0" ownerWindow="" showAnimType="None" hideAnimType="None" showAnimDirection="None" showAnimSeconds="0.0" hideAnimDirection="None" hideAnimSeconds="0.0" iconName="undefined" tooltipIdx="-9999" workingConfiguration="Game" leftTextureName="undefined" midTextureName="undefined" rightTextureName="undefined" minimizeBtnTextureNormal="undefined" minimizeBtnTexturePushed="undefined" closeBtnTextureNormal="undefined" closeBtnTexturePushed="undefined" leftBackTextureWidth="-9999" midBackTextureWidth="-9999" name="DefaultInfoWnd" extendsName="undefined" parentName="" preOrder="undefined" postOrder="undefined" anchored="true" superChild="true" relativeSize="true" absoluteSize="true" widthRate="0.0" heightRate="0.0" width="587" height="267" usePosition="true" relativePoint="TOP_LEFT" anchorPoint="TOP_LEFT" relativeTo="" anchoredX="6.0" anchoredY="58.0" useFont="false" styleName="undefined" fontName="undefined" fontColor="00000000" fontLine="EMPTY" alwaysZero="0" tooltipType="undefined" tooltipText="-9999" tooltipAppearanceTime="-9999" scrollBarOffsetX="-9999" scrollBarOffsetY="-9999" scrollBarOffsetHeight="-9999">
    <Children>
        <ListCtrl maxRow="1000" showRow="10" useVScroll="true" contentsHeight="18" headerHeight="19" usePageBrowser="false" useWheelForScroll="true" compareTooltip="false" name="DefaultInfoListCtrl" extendsName="undefined" parentName="DefaultInfoWnd" preOrder="undefined" postOrder="undefined" anchored="true" superChild="true" relativeSize="true" absoluteSize="true" widthRate="0.0" heightRate="0.0" width="583" height="199" usePosition="true" relativePoint="TOP_LEFT" anchorPoint="TOP_LEFT" relativeTo="" anchoredX="2.0" anchoredY="35.0" useFont="false" styleName="undefined" fontName="undefined" fontColor="00000000" fontLine="EMPTY" alwaysZero="0" tooltipType="ManorDefaultInfo" tooltipText="-1" tooltipAppearanceTime="-9999" scrollBarOffsetX="-9999" scrollBarOffsetY="-9999" scrollBarOffsetHeight="-9999">
            <ListElement textStringId="1124" width="169" bAscend="true" bClickEnable="true" bNumber="false"/>
            <ListElement textStringId="537" width="50" bAscend="true" bClickEnable="true" bNumber="true"/>
            <ListElement textStringId="1132" width="79" bAscend="true" bClickEnable="true" bNumber="true"/>
            <ListElement textStringId="1133" width="79" bAscend="true" bClickEnable="true" bNumber="true"/>
            <ListElement textStringId="1134" width="94" bAscend="true" bClickEnable="true" bNumber="false"/>
            <ListElement textStringId="1135" width="112" bAscend="true" bClickEnable="true" bNumber="false"/>
        </ListCtrl>
        <TextBox text="undefined" textAlign="Undefined" textVAlign="Undefined" fontType="Normal" backTex="undefined" sysString="1131" systemMsg="-9999" textColor="DCDCDCFF" autosize="true" name="txt" extendsName="undefined" parentName="DefaultInfoWnd" preOrder="undefined" postOrder="undefined" anchored="false" superChild="true" relativeSize="true" absoluteSize="true" widthRate="0.0" heightRate="0.0" width="186" height="13" usePosition="true" relativePoint="TOP_LEFT" anchorPoint="TOP_LEFT" relativeTo="" anchoredX="9.0" anchoredY="8.0" useFont="false" styleName="undefined" fontName="undefined" fontColor="00000000" fontLine="EMPTY" alwaysZero="0" tooltipType="undefined" tooltipText="-9999" tooltipAppearanceTime="-9999" scrollBarOffsetX="-9999" scrollBarOffsetY="-9999" scrollBarOffsetHeight="-9999"/>
        <TextBox text="undefined" textAlign="Undefined" textVAlign="Undefined" fontType="Normal" backTex="undefined" sysString="-9999" systemMsg="-9999" textColor="DCDCDCFF" autosize="true" name="txt2" extendsName="undefined" parentName="DefaultInfoWnd" preOrder="undefined" postOrder="undefined" anchored="false" superChild="true" relativeSize="true" absoluteSize="true" widthRate="0.0" heightRate="0.0" width="0" height="10" usePosition="true" relativePoint="TOP_LEFT" anchorPoint="TOP_LEFT" relativeTo="" anchoredX="5.0" anchoredY="247.0" useFont="false" styleName="undefined" fontName="undefined" fontColor="00000000" fontLine="EMPTY" alwaysZero="0" tooltipType="undefined" tooltipText="-9999" tooltipAppearanceTime="-9999" scrollBarOffsetX="-9999" scrollBarOffsetY="-9999" scrollBarOffsetHeight="-9999"/>
        <Button normalTex="L2UI_CT1.Button.Button_DF" pushedTex="L2UI_CT1.Button.Button_DF_Click" highlightTex="undefined" dropTex="undefined" buttonName="1119" buttonNameText="undefined" disableTime="-9999" disableTex="undefined" name="btnBuySeed" extendsName="undefined" parentName="DefaultInfoWnd" preOrder="undefined" postOrder="undefined" anchored="false" superChild="true" relativeSize="true" absoluteSize="true" widthRate="0.0" heightRate="0.0" width="85" height="27" usePosition="true" relativePoint="TOP_LEFT" anchorPoint="TOP_LEFT" relativeTo="" anchoredX="415.0" anchoredY="240.0" useFont="false" styleName="undefined" fontName="undefined" fontColor="00000000" fontLine="EMPTY" alwaysZero="0" tooltipType="undefined" tooltipText="-9999" tooltipAppearanceTime="-9999" scrollBarOffsetX="-9999" scrollBarOffsetY="-9999" scrollBarOffsetHeight="-9999"/>
        <Button normalTex="L2UI_CT1.Button.Button_DF" pushedTex="L2UI_CT1.Button.Button_DF_Click" highlightTex="undefined" dropTex="undefined" buttonName="1130" buttonNameText="undefined" disableTime="-9999" disableTex="undefined" name="btnSellCrop" extendsName="undefined" parentName="DefaultInfoWnd" preOrder="undefined" postOrder="undefined" anchored="false" superChild="true" relativeSize="true" absoluteSize="true" widthRate="0.0" heightRate="0.0" width="85" height="27" usePosition="true" relativePoint="TOP_LEFT" anchorPoint="TOP_LEFT" relativeTo="" anchoredX="499.0" anchoredY="240.0" useFont="false" styleName="undefined" fontName="undefined" fontColor="00000000" fontLine="EMPTY" alwaysZero="0" tooltipType="undefined" tooltipText="-9999" tooltipAppearanceTime="-9999" scrollBarOffsetX="-9999" scrollBarOffsetY="-9999" scrollBarOffsetHeight="-9999"/>
        <Texture file="L2UI_CT1.GroupBox.GroupBox_DF" alphaMask="" type="Stretch" layer="Background" u="0.0" v="0.0" uSize="0.0" vSize="0.0" alpha="-9999" autoRotate="None" maskLayer="0.0" colorModify="FFFFFFFF" name="txtDefaultInfoBg" extendsName="undefined" alwaysOnBack="true" parentName="DefaultInfoWnd" preOrder="undefined" postOrder="undefined" anchored="false" superChild="true" relativeSize="true" absoluteSize="true" widthRate="0.0" heightRate="0.0" width="587" height="29" usePosition="true" relativePoint="TOP_LEFT" anchorPoint="TOP_LEFT" relativeTo="" anchoredX="0.0" anchoredY="0.0" useFont="false" styleName="undefined" fontName="undefined" fontColor="00000000" fontLine="EMPTY" virtual="true" alwaysZero="0" tooltipType="undefined" tooltipText="-9999" tooltipAppearanceTime="-9999" scrollBarOffsetX="-9999" scrollBarOffsetY="-9999" scrollBarOffsetHeight="-9999"/>
        <Texture file="L2UI_CT1.GroupBox.GroupBox_DF" alphaMask="" type="Stretch" layer="Background" u="0.0" v="0.0" uSize="0.0" vSize="0.0" alpha="-9999" autoRotate="None" maskLayer="0.0" colorModify="FFFFFFFF" name="txtDefaultListBg" extendsName="undefined" alwaysOnBack="true" parentName="DefaultInfoWnd" preOrder="undefined" postOrder="undefined" anchored="false" superChild="true" relativeSize="true" absoluteSize="true" widthRate="0.0" heightRate="0.0" width="587" height="202" usePosition="true" relativePoint="TOP_LEFT" anchorPoint="TOP_LEFT" relativeTo="" anchoredX="0.0" anchoredY="34.0" useFont="false" styleName="undefined" fontName="undefined" fontColor="00000000" fontLine="EMPTY" virtual="true" alwaysZero="0" tooltipType="undefined" tooltipText="-9999" tooltipAppearanceTime="-9999" scrollBarOffsetX="-9999" scrollBarOffsetY="-9999" scrollBarOffsetHeight="-9999"/>
        <Texture file="L2UI_CT1.ListCtrl.ListCtrl_df_decoration" alphaMask="" type="Stretch" layer="Background" u="0.0" v="0.0" uSize="0.0" vSize="0.0" alpha="-9999" autoRotate="None" maskLayer="0.0" colorModify="FFFFFFFF" name="txtDefaultListDeco" extendsName="undefined" alwaysOnTop="true" parentName="DefaultInfoWnd" preOrder="undefined" postOrder="undefined" anchored="false" superChild="true" relativeSize="true" absoluteSize="true" widthRate="0.0" heightRate="0.0" width="585" height="19" usePosition="true" relativePoint="TOP_LEFT" anchorPoint="TOP_LEFT" relativeTo="" anchoredX="1.0" anchoredY="35.0" useFont="false" styleName="undefined" fontName="undefined" fontColor="00000000" fontLine="EMPTY" virtual="true" alwaysZero="0" tooltipType="undefined" tooltipText="-9999" tooltipAppearanceTime="-9999" scrollBarOffsetX="-9999" scrollBarOffsetY="-9999" scrollBarOffsetHeight="-9999"/>
    </Children>
</Window>
