<?xml version="1.0" encoding="UTF-8" standalone="yes"?>
<Window parent="undefined" backTex="L2UI_CT1.Windows_DF_Drawer_Bg" script="EnsoulSubWnd" state="GamingState" frame="false" hidden="true" alwaysFullAlpha="true" title="656" frameSize="None" frameDirection="None" draggable="false" resizeFrameDirection="None" resizeFrameX="-9999.0" resizeFrameY="-9999.0" resizeFrameWidth="-9999.0" resizeFrameHeight="-9999.0" resizeMaxIncrease="0" drawerDirection="Right" offsetX="1" offsetY="30" directionFixed="false" ownerWindow="EnsoulWnd" showAnimType="None" hideAnimType="None" showAnimDirection="None" showAnimSeconds="0.0" hideAnimDirection="None" hideAnimSeconds="0.0" iconName="undefined" tooltipIdx="-9999" workingConfiguration="Game" leftTextureName="undefined" midTextureName="undefined" rightTextureName="undefined" minimizeBtnTextureNormal="undefined" minimizeBtnTexturePushed="undefined" closeBtnTextureNormal="undefined" closeBtnTexturePushed="undefined" leftBackTextureWidth="-9999" midBackTextureWidth="-9999" name="EnsoulSubWnd" extendsName="undefined" parentName="" preOrder="undefined" postOrder="undefined" anchored="false" superChild="true" relativeSize="true" absoluteSize="true" widthRate="0.0" heightRate="0.0" width="263" height="339" usePosition="true" relativePoint="CENTER_LEFT" anchorPoint="CENTER_LEFT" relativeTo="" anchoredX="10.0" anchoredY="50.0" useFont="false" styleName="undefined" fontName="undefined" fontColor="00000000" fontLine="EMPTY" alwaysZero="0" tooltipType="undefined" tooltipText="-9999" tooltipAppearanceTime="-9999" scrollBarOffsetX="-9999" scrollBarOffsetY="-9999" scrollBarOffsetHeight="-9999">
    <Children>
        <Texture file="l2ui_ct1.ItemWindow_DF_SlotBox" alphaMask="" type="Normal" layer="Background" u="0.0" v="0.0" uSize="0.0" vSize="0.0" alpha="-9999" autoRotate="None" maskLayer="0.0" colorModify="FFFFFFFF" name="SlotBg1_Texture" extendsName="undefined" parentName="EnsoulSubWnd" preOrder="undefined" postOrder="undefined" anchored="false" superChild="true" relativeSize="true" absoluteSize="true" widthRate="0.0" heightRate="0.0" width="222" height="287" usePosition="true" relativePoint="TOP_LEFT" anchorPoint="TOP_LEFT" relativeTo="" anchoredX="13.0" anchoredY="39.0" useFont="false" styleName="undefined" fontName="undefined" fontColor="00000000" fontLine="EMPTY" alwaysZero="0" tooltipType="undefined" tooltipText="-9999" tooltipAppearanceTime="-9999" scrollBarOffsetX="-9999" scrollBarOffsetY="-9999" scrollBarOffsetHeight="-9999"/>
        <ItemWindow itemWndType="ScrollType" col="6" row="8" maxItemNum="999" iconWidth="32" iconHeight="32" gapX="5" gapY="4" offsetX="-9999" offsetY="-9999" backgroundItemWidth="-9999" backgroundItemHeight="-9999" backgroundItemTex="undefined" selectedItemWidth="-9999" selectedItemHeight="-9999" selectedItemTex="undefined" unselectedItemWidth="-9999" unselectedItemHeight="-9999" unselectedItemTex="undefined" newToggleItemOffSetX="-9999" newToggleItemOffSetY="-9999" newToggleItemWidth="-9999" newToggleItemHeight="-9999" newToggleItemTex="undefined" blankItemWidth="34" blankItemHeight="34" blankItemTex="l2ui_ct1.ItemWindow_DF_SlotBox_Disable" blankItemDependency="0" showIconFrame="false" outLineUp="L2ui_ct1.ItemWindow.ItemWindow_df_frame" outLineDown="L2ui_ct1.ItemWindow.ItemWindow_df_frame_down" buttonTypePrevButtonPosX="-9999" buttonTypePrevButtonPosY="-9999" buttonTypeNextButtonPosX="-9999" buttonTypeNextButtonPosY="-9999" name="EnsoulSubWnd_Item1" extendsName="undefined" parentName="EnsoulSubWnd" preOrder="undefined" postOrder="undefined" anchored="true" superChild="false" relativeSize="true" absoluteSize="true" widthRate="0.0" heightRate="0.0" width="237" height="288" usePosition="true" relativePoint="TOP_LEFT" anchorPoint="TOP_LEFT" relativeTo="" anchoredX="14.0" anchoredY="39.0" useFont="false" styleName="undefined" fontName="undefined" fontColor="00000000" fontLine="EMPTY" virtual="false" alwaysZero="0" tooltipType="Inventory" tooltipText="-9999" tooltipAppearanceTime="-9999" scrollBarOffsetX="-9999" scrollBarOffsetY="-9999" scrollBarOffsetHeight="-9999">
            <ItemWindowInner width="34" height="34" num="0" texture="L2UI_CT1.ItemWindow_DF_SlotBox_BeltExpand"/>
        </ItemWindow>
        <ItemWindow itemWndType="ScrollType" col="6" row="8" maxItemNum="999" iconWidth="32" iconHeight="32" gapX="5" gapY="4" offsetX="-9999" offsetY="-9999" backgroundItemWidth="-9999" backgroundItemHeight="-9999" backgroundItemTex="undefined" selectedItemWidth="-9999" selectedItemHeight="-9999" selectedItemTex="undefined" unselectedItemWidth="-9999" unselectedItemHeight="-9999" unselectedItemTex="undefined" newToggleItemOffSetX="-9999" newToggleItemOffSetY="-9999" newToggleItemWidth="-9999" newToggleItemHeight="-9999" newToggleItemTex="undefined" blankItemWidth="34" blankItemHeight="34" blankItemTex="l2ui_ct1.ItemWindow_DF_SlotBox_Disable" blankItemDependency="0" showIconFrame="false" outLineUp="L2ui_ct1.ItemWindow.ItemWindow_df_frame" outLineDown="L2ui_ct1.ItemWindow.ItemWindow_df_frame_down" buttonTypePrevButtonPosX="-9999" buttonTypePrevButtonPosY="-9999" buttonTypeNextButtonPosX="-9999" buttonTypeNextButtonPosY="-9999" name="EnsoulSubWnd_Item2" extendsName="undefined" parentName="EnsoulSubWnd" preOrder="undefined" postOrder="undefined" anchored="true" superChild="false" relativeSize="true" absoluteSize="true" widthRate="0.0" heightRate="0.0" width="237" height="288" usePosition="true" relativePoint="TOP_LEFT" anchorPoint="TOP_LEFT" relativeTo="" anchoredX="14.0" anchoredY="39.0" useFont="false" styleName="undefined" fontName="undefined" fontColor="00000000" fontLine="EMPTY" virtual="false" alwaysZero="0" tooltipType="Inventory" tooltipText="-9999" tooltipAppearanceTime="-9999" scrollBarOffsetX="-9999" scrollBarOffsetY="-9999" scrollBarOffsetHeight="-9999">
            <ItemWindowInner width="34" height="34" num="0" texture="L2UI_CT1.ItemWindow_DF_SlotBox_BeltExpand"/>
        </ItemWindow>
        <Tab name="EnsoulSubWnd_Tab" extendsName="undefined" parentName="EnsoulSubWnd" preOrder="undefined" postOrder="undefined" anchored="true" superChild="false" relativeSize="true" absoluteSize="true" widthRate="0.0" heightRate="0.0" width="112" height="23" usePosition="true" relativePoint="TOP_LEFT" anchorPoint="TOP_LEFT" relativeTo="" anchoredX="16.0" anchoredY="12.0" useFont="false" styleName="undefined" fontName="undefined" fontColor="00000000" fontLine="EMPTY" alwaysZero="0" tooltipType="undefined" tooltipText="-9999" tooltipAppearanceTime="-9999" scrollBarOffsetX="-9999" scrollBarOffsetY="-9999" scrollBarOffsetHeight="-9999">
            <TabElement buttonName="2520" buttonNameText="undefined" nameOffsetX="0" nameOffsetY="0" target="EnsoulSubWnd_Item1" width="55" height="23" normalTex="L2UI_CT1.Tab_DF_Tab_Unselected" pushedTex="L2UI_CT1.Tab_DF_Tab_Selected" movable="false" gap="0" tooltip="-1" blinkTextureName=""/>
            <TabElement buttonName="2554" buttonNameText="undefined" nameOffsetX="0" nameOffsetY="0" target="EnsoulSubWnd_Item2" width="55" height="23" normalTex="l2ui_ct1.Tab_DF_Tab_Unselected" pushedTex="L2UI_CT1.Tab_DF_Tab_Selected" movable="false" gap="0" tooltip="-1" blinkTextureName=""/>
        </Tab>
        <Texture file="l2ui_ct1.Tab_DF_Bg_line" alphaMask="" type="Normal" layer="Background" u="0.0" v="0.0" uSize="0.0" vSize="0.0" alpha="-9999" autoRotate="None" maskLayer="0.0" colorModify="FFFFFFFF" name="tabbgLine" extendsName="undefined" parentName="EnsoulSubWnd" preOrder="undefined" postOrder="undefined" anchored="true" superChild="true" relativeSize="true" absoluteSize="true" widthRate="0.0" heightRate="0.0" width="127" height="23" usePosition="true" relativePoint="TOP_RIGHT" anchorPoint="TOP_RIGHT" relativeTo="" anchoredX="-11.0" anchoredY="12.0" useFont="false" styleName="undefined" fontName="undefined" fontColor="00000000" fontLine="EMPTY" alwaysZero="0" tooltipType="undefined" tooltipText="-9999" tooltipAppearanceTime="-9999" scrollBarOffsetX="-9999" scrollBarOffsetY="-9999" scrollBarOffsetHeight="-9999"/>
        <Texture file="l2ui_ct1.Tab_DF_bg" alphaMask="" type="Normal" layer="Background" u="0.0" v="0.0" uSize="0.0" vSize="0.0" alpha="-9999" autoRotate="None" maskLayer="0.0" colorModify="FFFFFFFF" name="tabbg" extendsName="undefined" parentName="EnsoulSubWnd" preOrder="undefined" postOrder="undefined" anchored="true" superChild="true" relativeSize="true" absoluteSize="true" widthRate="0.0" heightRate="0.0" width="248" height="320" usePosition="true" relativePoint="TOP_LEFT" anchorPoint="TOP_LEFT" relativeTo="" anchoredX="8.0" anchoredY="12.0" useFont="false" styleName="undefined" fontName="undefined" fontColor="00000000" fontLine="EMPTY" alwaysZero="0" tooltipType="undefined" tooltipText="-9999" tooltipAppearanceTime="-9999" scrollBarOffsetX="-9999" scrollBarOffsetY="-9999" scrollBarOffsetHeight="-9999"/>
    </Children>
</Window>
