<?xml version="1.0" encoding="UTF-8" standalone="yes"?>
<Window parent="undefined" backTex="L2UI_ct1.Windows.Windows_DF_Large_Bg_Darker" script="GMFindTreeWnd" state="GamingState" frame="true" stuckable="true" hidden="true" title="420" frameSize="Big" frameDirection="Top" exitbutton="true" movable="true" resizeFrameDirection="None" resizeFrameX="-9999.0" resizeFrameY="-9999.0" resizeFrameWidth="-9999.0" resizeFrameHeight="-9999.0" resizeMaxIncrease="0" drawerDirection="None" offsetX="0" offsetY="0" ownerWindow="" showAnimType="None" hideAnimType="None" showAnimDirection="None" showAnimSeconds="0.0" hideAnimDirection="None" hideAnimSeconds="0.0" iconName="undefined" tooltipIdx="-9999" workingConfiguration="Game" leftTextureName="undefined" midTextureName="undefined" rightTextureName="undefined" minimizeBtnTextureNormal="undefined" minimizeBtnTexturePushed="undefined" closeBtnTextureNormal="undefined" closeBtnTexturePushed="undefined" leftBackTextureWidth="-9999" midBackTextureWidth="-9999" showInArena="true" name="GMFindTreeWnd" extendsName="undefined" parentName="" preOrder="undefined" postOrder="undefined" anchored="false" superChild="true" relativeSize="true" absoluteSize="true" widthRate="0.0" heightRate="0.0" width="369" height="338" usePosition="true" relativePoint="CENTER_RIGHT" anchorPoint="CENTER_RIGHT" relativeTo="" anchoredX="-35.0" anchoredY="0.0" useFont="false" styleName="undefined" fontName="undefined" fontColor="00000000" fontLine="EMPTY" alwaysZero="0" tooltipType="undefined" tooltipText="-9999" tooltipAppearanceTime="-9999" scrollBarOffsetX="-9999" scrollBarOffsetY="-9999" scrollBarOffsetHeight="-9999">
    <State stateName="ArenaGamingState"/>
    <State stateName="ArenaPickState"/>
    <State stateName="ArenaBattleState"/>
    <Children>
        <ListCtrl maxRow="1000" showRow="14" useVScroll="true" contentsHeight="18" headerHeight="19" usePageBrowser="false" useWheelForScroll="true" compareTooltip="false" name="ListFindWnd" extendsName="undefined" parentName="GMFindTreeWnd" preOrder="undefined" postOrder="undefined" anchored="true" superChild="true" relativeSize="true" absoluteSize="true" widthRate="0.0" heightRate="0.0" width="356" height="272" usePosition="true" relativePoint="TOP_LEFT" anchorPoint="TOP_LEFT" relativeTo="" anchoredX="6.0" anchoredY="29.0" useFont="false" styleName="undefined" fontName="undefined" fontColor="00000000" fontLine="EMPTY" alwaysZero="0" tooltipType="undefined" tooltipText="-9999" tooltipAppearanceTime="-9999" scrollBarOffsetX="-9999" scrollBarOffsetY="-9999" scrollBarOffsetHeight="-9999">
            <ListElement textStringId="50" width="256" bAscend="true" bClickEnable="true" bNumber="false"/>
            <ListElement textStringId="416" width="100" bAscend="true" bClickEnable="true" bNumber="true"/>
            <ListElement textStringId="-1" width="0" bAscend="true" bClickEnable="true" bNumber="false"/>
            <ListElement textStringId="-1" width="0" bAscend="true" bClickEnable="true" bNumber="false"/>
            <ListElement textStringId="-1" width="0" bAscend="true" bClickEnable="true" bNumber="false"/>
            <ListElement textStringId="-1" width="0" bAscend="true" bClickEnable="true" bNumber="false"/>
            <ListElement textStringId="-1" width="0" bAscend="true" bClickEnable="true" bNumber="false"/>
            <ListElement textStringId="-1" width="0" bAscend="true" bClickEnable="true" bNumber="false"/>
            <ListElement textStringId="-1" width="0" bAscend="true" bClickEnable="true" bNumber="false"/>
            <ListElement textStringId="-1" width="0" bAscend="true" bClickEnable="true" bNumber="false"/>
            <ListElement textStringId="-1" width="0" bAscend="true" bClickEnable="true" bNumber="false"/>
            <ListElement textStringId="-1" width="0" bAscend="true" bClickEnable="true" bNumber="false"/>
            <ListElement textStringId="-1" width="0" bAscend="true" bClickEnable="true" bNumber="false"/>
            <ListElement textStringId="-1" width="0" bAscend="true" bClickEnable="true" bNumber="false"/>
            <ListElement textStringId="-1" width="0" bAscend="true" bClickEnable="true" bNumber="false"/>
            <ListElement textStringId="-1" width="0" bAscend="true" bClickEnable="true" bNumber="false"/>
            <ListElement textStringId="-1" width="0" bAscend="true" bClickEnable="true" bNumber="false"/>
            <ListElement textStringId="-1" width="0" bAscend="true" bClickEnable="true" bNumber="false"/>
            <ListElement textStringId="-1" width="0" bAscend="true" bClickEnable="true" bNumber="false"/>
            <ListElement textStringId="-1" width="0" bAscend="true" bClickEnable="true" bNumber="false"/>
            <ListElement textStringId="-1" width="0" bAscend="true" bClickEnable="true" bNumber="false"/>
            <ListElement textStringId="-1" width="0" bAscend="true" bClickEnable="true" bNumber="false"/>
        </ListCtrl>
        <ComboBox name="ComboBox" extendsName="undefined" parentName="GMFindTreeWnd" preOrder="undefined" postOrder="undefined" anchored="false" superChild="true" relativeSize="true" absoluteSize="true" widthRate="0.0" heightRate="0.0" width="110" height="19" usePosition="true" relativePoint="TOP_LEFT" anchorPoint="TOP_LEFT" relativeTo="" anchoredX="9.0" anchoredY="310.0" useFont="false" styleName="undefined" fontName="undefined" fontColor="00000000" fontLine="EMPTY" alwaysZero="0" tooltipType="undefined" tooltipText="-9999" tooltipAppearanceTime="-9999" scrollBarOffsetX="-9999" scrollBarOffsetY="-9999" scrollBarOffsetHeight="-9999"/>
        <Button normalTex="undefined" pushedTex="undefined" highlightTex="undefined" dropTex="undefined" buttonName="1543" buttonNameText="undefined" disableTime="-9999" disableTex="undefined" name="btnSummon" extendsName="undefined" parentName="GMFindTreeWnd" preOrder="undefined" postOrder="undefined" anchored="false" superChild="true" relativeSize="true" absoluteSize="true" widthRate="0.0" heightRate="0.0" width="58" height="27" usePosition="true" relativePoint="TOP_LEFT" anchorPoint="TOP_RIGHT" relativeTo="ComboBox" anchoredX="180.0" anchoredY="-4.0" useFont="false" styleName="undefined" fontName="undefined" fontColor="00000000" fontLine="EMPTY" alwaysZero="0" tooltipType="undefined" tooltipText="-9999" tooltipAppearanceTime="-9999" scrollBarOffsetX="-9999" scrollBarOffsetY="-9999" scrollBarOffsetHeight="-9999"/>
        <EditBox editBoxType="NORMAL" maxLength="-9999" showCursor="true" chatMarkOn="false" offsetX="-9999" candidateBoxShowUpPos="true" useAutoCompletion="true" enableCopyNPaste="False" name="EditBox" extendsName="undefined" parentName="GMFindTreeWnd" preOrder="undefined" postOrder="undefined" anchored="true" superChild="true" relativeSize="true" absoluteSize="true" widthRate="0.0" heightRate="0.0" width="124" height="20" usePosition="true" relativePoint="TOP_LEFT" anchorPoint="TOP_LEFT" relativeTo="ComboBox" anchoredX="115.0" anchoredY="0.0" useFont="true" styleName="" fontName="__SYSTEMEDITBOXFONT" fontColor="00000000" fontLine="EMPTY" alwaysZero="0" tooltipType="undefined" tooltipText="-9999" tooltipAppearanceTime="-9999" scrollBarOffsetX="-9999" scrollBarOffsetY="-9999" scrollBarOffsetHeight="-9999"/>
        <Button normalTex="undefined" pushedTex="undefined" highlightTex="undefined" dropTex="undefined" buttonName="1310" buttonNameText="undefined" disableTime="-9999" disableTex="undefined" name="btnFind" extendsName="undefined" parentName="GMFindTreeWnd" preOrder="undefined" postOrder="undefined" anchored="false" superChild="true" relativeSize="true" absoluteSize="true" widthRate="0.0" heightRate="0.0" width="41" height="27" usePosition="true" relativePoint="TOP_LEFT" anchorPoint="TOP_RIGHT" relativeTo="EditBox" anchoredX="4.0" anchoredY="-4.0" useFont="false" styleName="undefined" fontName="undefined" fontColor="00000000" fontLine="EMPTY" alwaysZero="0" tooltipType="undefined" tooltipText="-9999" tooltipAppearanceTime="-9999" scrollBarOffsetX="-9999" scrollBarOffsetY="-9999" scrollBarOffsetHeight="-9999"/>
    </Children>
</Window>
