<?xml version="1.0" encoding="UTF-8" standalone="yes"?>
<Window parent="undefined" backTex="L2UI_ct1.Windows.Windows_DF_Large_Bg" script="undefined" state="GamingState" frame="true" iconable="true" hidden="true" savePosition="true" title="138" frameSize="Big" frameDirection="Top" exitbutton="true" movable="true" resizeFrameDirection="None" resizeFrameX="-9999.0" resizeFrameY="-9999.0" resizeFrameWidth="-9999.0" resizeFrameHeight="-9999.0" resizeMaxIncrease="0" drawerDirection="None" offsetX="0" offsetY="0" ownerWindow="" showAnimType="None" hideAnimType="None" showAnimDirection="None" showAnimSeconds="0.0" hideAnimDirection="None" hideAnimSeconds="0.0" iconName="L2UI_Ct1.Icon_df_Min_Inventory" tooltipIdx="195" workingConfiguration="Game" leftTextureName="undefined" midTextureName="undefined" rightTextureName="undefined" minimizeBtnTextureNormal="undefined" minimizeBtnTexturePushed="undefined" closeBtnTextureNormal="undefined" closeBtnTexturePushed="undefined" leftBackTextureWidth="-9999" midBackTextureWidth="-9999" showInArena="true" name="GMInventoryInspecotrWnd" extendsName="undefined" parentName="" preOrder="undefined" postOrder="undefined" anchored="false" superChild="true" relativeSize="true" absoluteSize="true" widthRate="0.0" heightRate="0.0" width="446" height="394" usePosition="true" relativePoint="CENTER_RIGHT" anchorPoint="CENTER_RIGHT" relativeTo="" anchoredX="-8.0" anchoredY="-70.0" useFont="false" styleName="undefined" fontName="undefined" fontColor="00000000" fontLine="EMPTY" alwaysZero="0" tooltipType="undefined" tooltipText="-9999" tooltipAppearanceTime="-9999" scrollBarOffsetX="-9999" scrollBarOffsetY="-9999" scrollBarOffsetHeight="-9999">
    <State stateName="ArenaGamingState"/>
    <State stateName="ArenaPickState"/>
    <State stateName="ArenaBattleState"/>
    <Children>
        <Texture file="l2ui_ct1.Inventory_DF_TalismanSlot_Disable" alphaMask="" type="Normal" layer="Normal" u="0.0" v="0.0" uSize="0.0" vSize="0.0" alpha="-9999" autoRotate="None" maskLayer="0.0" colorModify="FFFFFFFF" name="Talisman1_Disable" extendsName="undefined" alwaysOnTop="true" parentName="GMInventoryInspecotrWnd" preOrder="undefined" postOrder="undefined" anchored="true" superChild="true" relativeSize="true" absoluteSize="true" widthRate="0.0" heightRate="0.0" width="16" height="16" usePosition="true" relativePoint="TOP_LEFT" anchorPoint="TOP_LEFT" relativeTo="" anchoredX="58.0" anchoredY="351.0" useFont="false" styleName="undefined" fontName="undefined" fontColor="00000000" fontLine="EMPTY" alwaysZero="0" tooltipType="undefined" tooltipText="-9999" tooltipAppearanceTime="-9999" scrollBarOffsetX="-9999" scrollBarOffsetY="-9999" scrollBarOffsetHeight="-9999"/>
        <Texture file="l2ui_ct1.Inventory_DF_TalismanSlot_Disable" alphaMask="" type="Normal" layer="Normal" u="0.0" v="0.0" uSize="0.0" vSize="0.0" alpha="-9999" autoRotate="None" maskLayer="0.0" colorModify="FFFFFFFF" name="Talisman2_Disable" extendsName="undefined" alwaysOnTop="true" parentName="GMInventoryInspecotrWnd" preOrder="undefined" postOrder="undefined" anchored="true" superChild="true" relativeSize="true" absoluteSize="true" widthRate="0.0" heightRate="0.0" width="16" height="16" usePosition="true" relativePoint="TOP_LEFT" anchorPoint="TOP_LEFT" relativeTo="" anchoredX="75.0" anchoredY="351.0" useFont="false" styleName="undefined" fontName="undefined" fontColor="00000000" fontLine="EMPTY" alwaysZero="0" tooltipType="undefined" tooltipText="-9999" tooltipAppearanceTime="-9999" scrollBarOffsetX="-9999" scrollBarOffsetY="-9999" scrollBarOffsetHeight="-9999"/>
        <Texture file="l2ui_ct1.Inventory_DF_TalismanSlot_Disable" alphaMask="" type="Normal" layer="Normal" u="0.0" v="0.0" uSize="0.0" vSize="0.0" alpha="-9999" autoRotate="None" maskLayer="0.0" colorModify="FFFFFFFF" name="Talisman3_Disable" extendsName="undefined" alwaysOnTop="true" parentName="GMInventoryInspecotrWnd" preOrder="undefined" postOrder="undefined" anchored="true" superChild="true" relativeSize="true" absoluteSize="true" widthRate="0.0" heightRate="0.0" width="16" height="16" usePosition="true" relativePoint="TOP_LEFT" anchorPoint="TOP_LEFT" relativeTo="" anchoredX="92.0" anchoredY="351.0" useFont="false" styleName="undefined" fontName="undefined" fontColor="00000000" fontLine="EMPTY" alwaysZero="0" tooltipType="undefined" tooltipText="-9999" tooltipAppearanceTime="-9999" scrollBarOffsetX="-9999" scrollBarOffsetY="-9999" scrollBarOffsetHeight="-9999"/>
        <Texture file="l2ui_ct1.Inventory_DF_TalismanSlot_Disable" alphaMask="" type="Normal" layer="Normal" u="0.0" v="0.0" uSize="0.0" vSize="0.0" alpha="-9999" autoRotate="None" maskLayer="0.0" colorModify="FFFFFFFF" name="Talisman4_Disable" extendsName="undefined" alwaysOnTop="true" parentName="GMInventoryInspecotrWnd" preOrder="undefined" postOrder="undefined" anchored="true" superChild="true" relativeSize="true" absoluteSize="true" widthRate="0.0" heightRate="0.0" width="16" height="16" usePosition="true" relativePoint="TOP_LEFT" anchorPoint="TOP_LEFT" relativeTo="" anchoredX="58.0" anchoredY="369.0" useFont="false" styleName="undefined" fontName="undefined" fontColor="00000000" fontLine="EMPTY" alwaysZero="0" tooltipType="undefined" tooltipText="-9999" tooltipAppearanceTime="-9999" scrollBarOffsetX="-9999" scrollBarOffsetY="-9999" scrollBarOffsetHeight="-9999"/>
        <Texture file="l2ui_ct1.Inventory_DF_TalismanSlot_Disable" alphaMask="" type="Normal" layer="Normal" u="0.0" v="0.0" uSize="0.0" vSize="0.0" alpha="-9999" autoRotate="None" maskLayer="0.0" colorModify="FFFFFFFF" name="Talisman5_Disable" extendsName="undefined" alwaysOnTop="true" parentName="GMInventoryInspecotrWnd" preOrder="undefined" postOrder="undefined" anchored="true" superChild="true" relativeSize="true" absoluteSize="true" widthRate="0.0" heightRate="0.0" width="16" height="16" usePosition="true" relativePoint="TOP_LEFT" anchorPoint="TOP_LEFT" relativeTo="" anchoredX="75.0" anchoredY="369.0" useFont="false" styleName="undefined" fontName="undefined" fontColor="00000000" fontLine="EMPTY" alwaysZero="0" tooltipType="undefined" tooltipText="-9999" tooltipAppearanceTime="-9999" scrollBarOffsetX="-9999" scrollBarOffsetY="-9999" scrollBarOffsetHeight="-9999"/>
        <Texture file="l2ui_ct1.Inventory_DF_TalismanSlot_Disable" alphaMask="" type="Normal" layer="Normal" u="0.0" v="0.0" uSize="0.0" vSize="0.0" alpha="-9999" autoRotate="None" maskLayer="0.0" colorModify="FFFFFFFF" name="Talisman6_Disable" extendsName="undefined" alwaysOnTop="true" parentName="GMInventoryInspecotrWnd" preOrder="undefined" postOrder="undefined" anchored="true" superChild="true" relativeSize="true" absoluteSize="true" widthRate="0.0" heightRate="0.0" width="16" height="16" usePosition="true" relativePoint="TOP_LEFT" anchorPoint="TOP_LEFT" relativeTo="" anchoredX="92.0" anchoredY="369.0" useFont="false" styleName="undefined" fontName="undefined" fontColor="00000000" fontLine="EMPTY" alwaysZero="0" tooltipType="undefined" tooltipText="-9999" tooltipAppearanceTime="-9999" scrollBarOffsetX="-9999" scrollBarOffsetY="-9999" scrollBarOffsetHeight="-9999"/>
        <Texture file="l2ui_ct1.Inventory_DF_CloakSlot_Disable" alphaMask="" type="Normal" layer="Normal" u="0.0" v="0.0" uSize="0.0" vSize="0.0" alpha="-9999" autoRotate="None" maskLayer="0.0" colorModify="FFFFFFFF" name="CloakSlot_Disable" extendsName="undefined" alwaysOnTop="true" parentName="GMInventoryInspecotrWnd" preOrder="undefined" postOrder="undefined" anchored="true" superChild="true" relativeSize="true" absoluteSize="true" widthRate="0.0" heightRate="0.0" width="34" height="34" usePosition="true" relativePoint="TOP_LEFT" anchorPoint="TOP_LEFT" relativeTo="" anchoredX="8.0" anchoredY="232.0" useFont="false" styleName="undefined" fontName="undefined" fontColor="00000000" fontLine="EMPTY" alwaysZero="0" tooltipType="undefined" tooltipText="-9999" tooltipAppearanceTime="-9999" scrollBarOffsetX="-9999" scrollBarOffsetY="-9999" scrollBarOffsetHeight="-9999"/>
        <Button normalTex="L2UI_CT1.Inventory_DF_Btn_RotateLeft" pushedTex="L2UI_CT1.Inventory_DF_Btn_RotateLeft_Down" highlightTex="L2UI_CT1.Inventory_DF_Btn_RotateLeft_Over" dropTex="undefined" buttonName="-9999" buttonNameText="undefined" disableTime="-9999" disableTex="undefined" name="BtnRotateRight" extendsName="undefined" alwaysOnTop="true" parentName="GMInventoryInspecotrWnd" preOrder="undefined" postOrder="undefined" anchored="true" superChild="true" relativeSize="true" absoluteSize="true" widthRate="0.0" heightRate="0.0" width="44" height="23" usePosition="true" relativePoint="TOP_LEFT" anchorPoint="TOP_LEFT" relativeTo="" anchoredX="58.0" anchoredY="327.0" useFont="false" styleName="undefined" fontName="undefined" fontColor="00000000" fontLine="EMPTY" alwaysZero="0" tooltipType="undefined" tooltipText="-9999" tooltipAppearanceTime="-9999" scrollBarOffsetX="-9999" scrollBarOffsetY="-9999" scrollBarOffsetHeight="-9999"/>
        <Button normalTex="L2UI_CT1.Inventory_DF_Btn_RotateRight" pushedTex="L2UI_CT1.Inventory_DF_Btn_RotateRight_Down" highlightTex="L2UI_CT1.Inventory_DF_Btn_RotateRight_Over" dropTex="undefined" buttonName="-9999" buttonNameText="undefined" disableTime="-9999" disableTex="undefined" name="BtnRotateLeft" extendsName="undefined" alwaysOnTop="true" parentName="GMInventoryInspecotrWnd" preOrder="undefined" postOrder="undefined" anchored="true" superChild="true" relativeSize="true" absoluteSize="true" widthRate="0.0" heightRate="0.0" width="44" height="23" usePosition="true" relativePoint="TOP_LEFT" anchorPoint="TOP_LEFT" relativeTo="" anchoredX="103.0" anchoredY="327.0" useFont="false" styleName="undefined" fontName="undefined" fontColor="00000000" fontLine="EMPTY" alwaysZero="0" tooltipType="undefined" tooltipText="-9999" tooltipAppearanceTime="-9999" scrollBarOffsetX="-9999" scrollBarOffsetY="-9999" scrollBarOffsetHeight="-9999"/>
        <CharacterViewportWindow characterScale="1.0" characterOffsetX="-2" characterOffsetY="-6" cameraDistMax="200" cameraDistMin="50" defaultCameraPitch="-800" defaultCameraYaw="34000" zoomRate="3" rotationRate="700" backgroundTex="L2UI_CT1.Inventory_DF_EquipBg" maskTex="L2UI_CT1.Inventory_df_EquipMask" npcID="0" userInfo="0" name="ObjectViewport" extendsName="undefined" alwaysOnBack="true" parentName="GMInventoryInspecotrWnd" preOrder="undefined" postOrder="undefined" anchored="false" superChild="true" relativeSize="true" absoluteSize="true" widthRate="0.0" heightRate="0.0" width="204" height="364" usePosition="true" relativePoint="TOP_LEFT" anchorPoint="TOP_LEFT" relativeTo="" anchoredX="0.0" anchoredY="28.0" useFont="false" styleName="undefined" fontName="undefined" fontColor="00000000" fontLine="EMPTY" virtual="true" alwaysZero="0" tooltipType="undefined" tooltipText="-9999" tooltipAppearanceTime="-9999" scrollBarOffsetX="-9999" scrollBarOffsetY="-9999" scrollBarOffsetHeight="-9999"/>
        <Window parent="undefined" backTex="undefined" script="undefined" state="undefined" title="-9999" frameSize="None" frameDirection="None" resizeFrameDirection="None" resizeFrameX="-9999.0" resizeFrameY="-9999.0" resizeFrameWidth="-9999.0" resizeFrameHeight="-9999.0" resizeMaxIncrease="0" drawerDirection="None" offsetX="0" offsetY="0" ownerWindow="" showAnimType="None" hideAnimType="None" showAnimDirection="None" showAnimSeconds="0.0" hideAnimDirection="None" hideAnimSeconds="0.0" iconName="undefined" tooltipIdx="-9999" workingConfiguration="Game" leftTextureName="undefined" midTextureName="undefined" rightTextureName="undefined" minimizeBtnTextureNormal="undefined" minimizeBtnTexturePushed="undefined" closeBtnTextureNormal="undefined" closeBtnTexturePushed="undefined" leftBackTextureWidth="-9999" midBackTextureWidth="-9999" name="ObjectViewportDispatchMsg" extendsName="undefined" parentName="GMInventoryInspecotrWnd" preOrder="undefined" postOrder="undefined" anchored="false" superChild="true" relativeSize="true" absoluteSize="true" widthRate="0.0" heightRate="0.0" width="118" height="231" usePosition="true" relativePoint="TOP_LEFT" anchorPoint="TOP_LEFT" relativeTo="" anchoredX="43.0" anchoredY="94.0" useFont="false" styleName="undefined" fontName="undefined" fontColor="00000000" fontLine="EMPTY" alwaysZero="0" tooltipType="undefined" tooltipText="-9999" tooltipAppearanceTime="-9999" scrollBarOffsetX="-9999" scrollBarOffsetY="-9999" scrollBarOffsetHeight="-9999">
            <Children/>
        </Window>
        <ItemWindow itemWndType="ScrollType" col="6" row="8" maxItemNum="250" iconWidth="32" iconHeight="32" gapX="4" gapY="4" offsetX="-9999" offsetY="-9999" backgroundItemWidth="-9999" backgroundItemHeight="-9999" backgroundItemTex="undefined" selectedItemWidth="-9999" selectedItemHeight="-9999" selectedItemTex="undefined" unselectedItemWidth="-9999" unselectedItemHeight="-9999" unselectedItemTex="undefined" newToggleItemOffSetX="-9999" newToggleItemOffSetY="-9999" newToggleItemWidth="-9999" newToggleItemHeight="-9999" newToggleItemTex="undefined" blankItemWidth="-9999" blankItemHeight="-9999" blankItemTex="undefined" blankItemDependency="0" outLineUp="L2UI_ct1.ItemWindow.ItemWindow_DF_Frame" outLineDown="L2UI_ct1.ItemWindow.ItemWindow_DF_Frame_Down" buttonTypePrevButtonPosX="-9999" buttonTypePrevButtonPosY="-9999" buttonTypeNextButtonPosX="-9999" buttonTypeNextButtonPosY="-9999" name="QuestItem" extendsName="undefined" parentName="GMInventoryInspecotrWnd" preOrder="undefined" postOrder="undefined" anchored="true" superChild="true" relativeSize="true" absoluteSize="true" widthRate="0.0" heightRate="0.0" width="231" height="288" usePosition="true" relativePoint="TOP_LEFT" anchorPoint="TOP_LEFT" relativeTo="" anchoredX="210.0" anchoredY="58.0" useFont="false" styleName="undefined" fontName="undefined" fontColor="00000000" fontLine="EMPTY" alwaysZero="0" tooltipType="Inventory" tooltipText="-1" tooltipAppearanceTime="-9999" scrollBarOffsetX="-9999" scrollBarOffsetY="-9999" scrollBarOffsetHeight="-9999"/>
        <ItemWindow itemWndType="ScrollType" col="6" row="8" maxItemNum="250" iconWidth="32" iconHeight="32" gapX="4" gapY="4" offsetX="-9999" offsetY="-9999" backgroundItemWidth="-9999" backgroundItemHeight="-9999" backgroundItemTex="undefined" selectedItemWidth="-9999" selectedItemHeight="-9999" selectedItemTex="undefined" unselectedItemWidth="-9999" unselectedItemHeight="-9999" unselectedItemTex="undefined" newToggleItemOffSetX="-9999" newToggleItemOffSetY="-9999" newToggleItemWidth="-9999" newToggleItemHeight="-9999" newToggleItemTex="undefined" blankItemWidth="34" blankItemHeight="34" blankItemTex="L2UI_ct1.ItemWindow.ItemWindow_DF_SlotBox_Disable" blankItemDependency="0" outLineUp="L2UI_ct1.ItemWindow.ItemWindow_DF_Frame" outLineDown="L2UI_ct1.ItemWindow.ItemWindow_DF_Frame_Down" buttonTypePrevButtonPosX="-9999" buttonTypePrevButtonPosY="-9999" buttonTypeNextButtonPosX="-9999" buttonTypeNextButtonPosY="-9999" name="InventoryItem" extendsName="undefined" parentName="GMInventoryInspecotrWnd" preOrder="undefined" postOrder="undefined" anchored="true" superChild="true" relativeSize="true" absoluteSize="true" widthRate="0.0" heightRate="0.0" width="231" height="288" usePosition="true" relativePoint="TOP_LEFT" anchorPoint="TOP_LEFT" relativeTo="" anchoredX="210.0" anchoredY="58.0" useFont="false" styleName="undefined" fontName="undefined" fontColor="00000000" fontLine="EMPTY" alwaysZero="0" tooltipType="Inventory" tooltipText="-1" tooltipAppearanceTime="-9999" scrollBarOffsetX="-9999" scrollBarOffsetY="-9999" scrollBarOffsetHeight="-9999"/>
        <Texture file="l2ui_ct1.Inventory_DF_EquipSlot" alphaMask="" type="Normal" layer="Background" u="0.0" v="0.0" uSize="0.0" vSize="0.0" alpha="-9999" autoRotate="None" maskLayer="0.0" colorModify="FFFFFFFF" name="EquipSlotBg" extendsName="undefined" parentName="GMInventoryInspecotrWnd" preOrder="undefined" postOrder="undefined" anchored="false" superChild="true" relativeSize="true" absoluteSize="true" widthRate="0.0" heightRate="0.0" width="204" height="365" usePosition="true" relativePoint="TOP_LEFT" anchorPoint="TOP_LEFT" relativeTo="" anchoredX="0.0" anchoredY="28.0" useFont="false" styleName="undefined" fontName="undefined" fontColor="00000000" fontLine="EMPTY" alwaysZero="0" tooltipType="undefined" tooltipText="-9999" tooltipAppearanceTime="-9999" scrollBarOffsetX="-9999" scrollBarOffsetY="-9999" scrollBarOffsetHeight="-9999"/>
        <Texture file="l2ui_ct1.Inventory_DF_TalismanAllow" alphaMask="" type="Normal" layer="Normal" u="0.0" v="0.0" uSize="0.0" vSize="0.0" alpha="-9999" autoRotate="None" maskLayer="0.0" colorModify="FFFFFFFF" name="TalismanAllow" extendsName="undefined" alwaysOnTop="true" parentName="GMInventoryInspecotrWnd" preOrder="undefined" postOrder="undefined" anchored="true" superChild="true" relativeSize="true" absoluteSize="true" widthRate="0.0" heightRate="0.0" width="11" height="11" usePosition="true" relativePoint="TOP_LEFT" anchorPoint="TOP_LEFT" relativeTo="" anchoredX="103.0" anchoredY="363.0" useFont="false" styleName="undefined" fontName="undefined" fontColor="00000000" fontLine="EMPTY" alwaysZero="0" tooltipType="undefined" tooltipText="-9999" tooltipAppearanceTime="-9999" scrollBarOffsetX="-9999" scrollBarOffsetY="-9999" scrollBarOffsetHeight="-9999"/>
        <ItemWindow itemWndType="ScrollType" col="1" row="1" maxItemNum="1" iconWidth="32" iconHeight="32" gapX="5" gapY="3" offsetX="-9999" offsetY="-9999" backgroundItemWidth="-9999" backgroundItemHeight="-9999" backgroundItemTex="undefined" selectedItemWidth="-9999" selectedItemHeight="-9999" selectedItemTex="undefined" unselectedItemWidth="-9999" unselectedItemHeight="-9999" unselectedItemTex="undefined" newToggleItemOffSetX="-9999" newToggleItemOffSetY="-9999" newToggleItemWidth="-9999" newToggleItemHeight="-9999" newToggleItemTex="undefined" blankItemWidth="-9999" blankItemHeight="-9999" blankItemTex="undefined" blankItemDependency="0" noScroll="true" outLineUp="L2UI_ct1.ItemWindow.ItemWindow_DF_Frame" outLineDown="L2UI_ct1.ItemWindow.ItemWindow_DF_Frame_Down" buttonTypePrevButtonPosX="-9999" buttonTypePrevButtonPosY="-9999" buttonTypeNextButtonPosX="-9999" buttonTypeNextButtonPosY="-9999" name="EquipItem_Head" extendsName="EquipItem_Underwear" parentName="GMInventoryInspecotrWnd" preOrder="undefined" postOrder="undefined" anchored="true" superChild="true" relativeSize="true" absoluteSize="true" widthRate="0.0" heightRate="0.0" width="34" height="34" usePosition="true" relativePoint="NONE" anchorPoint="TOP_LEFT" relativeTo="" anchoredX="8.0" anchoredY="36.0" useFont="false" styleName="undefined" fontName="undefined" fontColor="00000000" fontLine="EMPTY" alwaysZero="0" tooltipType="Inventory" tooltipText="-1" tooltipAppearanceTime="-9999" scrollBarOffsetX="-9999" scrollBarOffsetY="-9999" scrollBarOffsetHeight="-9999"/>
        <ItemWindow itemWndType="ScrollType" col="1" row="1" maxItemNum="1" iconWidth="32" iconHeight="32" gapX="5" gapY="3" offsetX="-9999" offsetY="-9999" backgroundItemWidth="-9999" backgroundItemHeight="-9999" backgroundItemTex="undefined" selectedItemWidth="-9999" selectedItemHeight="-9999" selectedItemTex="undefined" unselectedItemWidth="-9999" unselectedItemHeight="-9999" unselectedItemTex="undefined" newToggleItemOffSetX="-9999" newToggleItemOffSetY="-9999" newToggleItemWidth="-9999" newToggleItemHeight="-9999" newToggleItemTex="undefined" blankItemWidth="-9999" blankItemHeight="-9999" blankItemTex="undefined" blankItemDependency="0" noScroll="true" outLineUp="L2UI_ct1.ItemWindow.ItemWindow_DF_Frame" outLineDown="L2UI_ct1.ItemWindow.ItemWindow_DF_Frame_Down" buttonTypePrevButtonPosX="-9999" buttonTypePrevButtonPosY="-9999" buttonTypeNextButtonPosX="-9999" buttonTypeNextButtonPosY="-9999" name="EquipItem_Chest" extendsName="EquipItem_Underwear" parentName="GMInventoryInspecotrWnd" preOrder="undefined" postOrder="undefined" anchored="true" superChild="true" relativeSize="true" absoluteSize="true" widthRate="0.0" heightRate="0.0" width="34" height="34" usePosition="true" relativePoint="NONE" anchorPoint="TOP_LEFT" relativeTo="" anchoredX="8.0" anchoredY="75.0" useFont="false" styleName="undefined" fontName="undefined" fontColor="00000000" fontLine="EMPTY" alwaysZero="0" tooltipType="Inventory" tooltipText="-1" tooltipAppearanceTime="-9999" scrollBarOffsetX="-9999" scrollBarOffsetY="-9999" scrollBarOffsetHeight="-9999"/>
        <ItemWindow itemWndType="ScrollType" col="1" row="1" maxItemNum="1" iconWidth="32" iconHeight="32" gapX="5" gapY="3" offsetX="-9999" offsetY="-9999" backgroundItemWidth="-9999" backgroundItemHeight="-9999" backgroundItemTex="undefined" selectedItemWidth="-9999" selectedItemHeight="-9999" selectedItemTex="undefined" unselectedItemWidth="-9999" unselectedItemHeight="-9999" unselectedItemTex="undefined" newToggleItemOffSetX="-9999" newToggleItemOffSetY="-9999" newToggleItemWidth="-9999" newToggleItemHeight="-9999" newToggleItemTex="undefined" blankItemWidth="-9999" blankItemHeight="-9999" blankItemTex="undefined" blankItemDependency="0" noScroll="true" outLineUp="L2UI_ct1.ItemWindow.ItemWindow_DF_Frame" outLineDown="L2UI_ct1.ItemWindow.ItemWindow_DF_Frame_Down" buttonTypePrevButtonPosX="-9999" buttonTypePrevButtonPosY="-9999" buttonTypeNextButtonPosX="-9999" buttonTypeNextButtonPosY="-9999" name="EquipItem_Legs" extendsName="EquipItem_Underwear" parentName="GMInventoryInspecotrWnd" preOrder="undefined" postOrder="undefined" anchored="true" superChild="true" relativeSize="true" absoluteSize="true" widthRate="0.0" heightRate="0.0" width="34" height="34" usePosition="true" relativePoint="NONE" anchorPoint="TOP_LEFT" relativeTo="" anchoredX="8.0" anchoredY="114.0" useFont="false" styleName="undefined" fontName="undefined" fontColor="00000000" fontLine="EMPTY" alwaysZero="0" tooltipType="Inventory" tooltipText="-1" tooltipAppearanceTime="-9999" scrollBarOffsetX="-9999" scrollBarOffsetY="-9999" scrollBarOffsetHeight="-9999"/>
        <ItemWindow itemWndType="ScrollType" col="1" row="1" maxItemNum="1" iconWidth="32" iconHeight="32" gapX="5" gapY="3" offsetX="-9999" offsetY="-9999" backgroundItemWidth="-9999" backgroundItemHeight="-9999" backgroundItemTex="undefined" selectedItemWidth="-9999" selectedItemHeight="-9999" selectedItemTex="undefined" unselectedItemWidth="-9999" unselectedItemHeight="-9999" unselectedItemTex="undefined" newToggleItemOffSetX="-9999" newToggleItemOffSetY="-9999" newToggleItemWidth="-9999" newToggleItemHeight="-9999" newToggleItemTex="undefined" blankItemWidth="-9999" blankItemHeight="-9999" blankItemTex="undefined" blankItemDependency="0" noScroll="true" outLineUp="L2UI_ct1.ItemWindow.ItemWindow_DF_Frame" outLineDown="L2UI_ct1.ItemWindow.ItemWindow_DF_Frame_Down" buttonTypePrevButtonPosX="-9999" buttonTypePrevButtonPosY="-9999" buttonTypeNextButtonPosX="-9999" buttonTypeNextButtonPosY="-9999" name="EquipItem_Feet" extendsName="EquipItem_Underwear" parentName="GMInventoryInspecotrWnd" preOrder="undefined" postOrder="undefined" anchored="true" superChild="true" relativeSize="true" absoluteSize="true" widthRate="0.0" heightRate="0.0" width="34" height="34" usePosition="true" relativePoint="NONE" anchorPoint="TOP_LEFT" relativeTo="" anchoredX="8.0" anchoredY="192.0" useFont="false" styleName="undefined" fontName="undefined" fontColor="00000000" fontLine="EMPTY" alwaysZero="0" tooltipType="Inventory" tooltipText="-1" tooltipAppearanceTime="-9999" scrollBarOffsetX="-9999" scrollBarOffsetY="-9999" scrollBarOffsetHeight="-9999"/>
        <ItemWindow itemWndType="ScrollType" col="1" row="1" maxItemNum="1" iconWidth="32" iconHeight="32" gapX="5" gapY="3" offsetX="-9999" offsetY="-9999" backgroundItemWidth="-9999" backgroundItemHeight="-9999" backgroundItemTex="undefined" selectedItemWidth="-9999" selectedItemHeight="-9999" selectedItemTex="undefined" unselectedItemWidth="-9999" unselectedItemHeight="-9999" unselectedItemTex="undefined" newToggleItemOffSetX="-9999" newToggleItemOffSetY="-9999" newToggleItemWidth="-9999" newToggleItemHeight="-9999" newToggleItemTex="undefined" blankItemWidth="-9999" blankItemHeight="-9999" blankItemTex="undefined" blankItemDependency="0" noScroll="true" outLineUp="L2UI_ct1.ItemWindow.ItemWindow_DF_Frame" outLineDown="L2UI_ct1.ItemWindow.ItemWindow_DF_Frame_Down" buttonTypePrevButtonPosX="-9999" buttonTypePrevButtonPosY="-9999" buttonTypeNextButtonPosX="-9999" buttonTypeNextButtonPosY="-9999" name="EquipItem_Gloves" extendsName="EquipItem_Underwear" parentName="GMInventoryInspecotrWnd" preOrder="undefined" postOrder="undefined" anchored="true" superChild="true" relativeSize="true" absoluteSize="true" widthRate="0.0" heightRate="0.0" width="34" height="34" usePosition="true" relativePoint="NONE" anchorPoint="TOP_LEFT" relativeTo="" anchoredX="8.0" anchoredY="153.0" useFont="false" styleName="undefined" fontName="undefined" fontColor="00000000" fontLine="EMPTY" alwaysZero="0" tooltipType="Inventory" tooltipText="-1" tooltipAppearanceTime="-9999" scrollBarOffsetX="-9999" scrollBarOffsetY="-9999" scrollBarOffsetHeight="-9999"/>
        <ItemWindow itemWndType="ScrollType" col="1" row="1" maxItemNum="1" iconWidth="32" iconHeight="32" gapX="5" gapY="3" offsetX="-9999" offsetY="-9999" backgroundItemWidth="-9999" backgroundItemHeight="-9999" backgroundItemTex="undefined" selectedItemWidth="-9999" selectedItemHeight="-9999" selectedItemTex="undefined" unselectedItemWidth="-9999" unselectedItemHeight="-9999" unselectedItemTex="undefined" newToggleItemOffSetX="-9999" newToggleItemOffSetY="-9999" newToggleItemWidth="-9999" newToggleItemHeight="-9999" newToggleItemTex="undefined" blankItemWidth="-9999" blankItemHeight="-9999" blankItemTex="undefined" blankItemDependency="0" noScroll="true" outLineUp="L2UI_ct1.ItemWindow.ItemWindow_DF_Frame" outLineDown="L2UI_ct1.ItemWindow.ItemWindow_DF_Frame_Down" buttonTypePrevButtonPosX="-9999" buttonTypePrevButtonPosY="-9999" buttonTypeNextButtonPosX="-9999" buttonTypeNextButtonPosY="-9999" name="EquipItem_Cloak" extendsName="EquipItem_Underwear" parentName="GMInventoryInspecotrWnd" preOrder="undefined" postOrder="undefined" anchored="true" superChild="true" relativeSize="true" absoluteSize="true" widthRate="0.0" heightRate="0.0" width="34" height="34" usePosition="true" relativePoint="NONE" anchorPoint="TOP_LEFT" relativeTo="" anchoredX="8.0" anchoredY="232.0" useFont="false" styleName="undefined" fontName="undefined" fontColor="00000000" fontLine="EMPTY" alwaysZero="0" tooltipType="Inventory" tooltipText="-1" tooltipAppearanceTime="-9999" scrollBarOffsetX="-9999" scrollBarOffsetY="-9999" scrollBarOffsetHeight="-9999"/>
        <ItemWindow itemWndType="ScrollType" col="1" row="1" maxItemNum="1" iconWidth="32" iconHeight="32" gapX="5" gapY="3" offsetX="-9999" offsetY="-9999" backgroundItemWidth="-9999" backgroundItemHeight="-9999" backgroundItemTex="undefined" selectedItemWidth="-9999" selectedItemHeight="-9999" selectedItemTex="undefined" unselectedItemWidth="-9999" unselectedItemHeight="-9999" unselectedItemTex="undefined" newToggleItemOffSetX="-9999" newToggleItemOffSetY="-9999" newToggleItemWidth="-9999" newToggleItemHeight="-9999" newToggleItemTex="undefined" blankItemWidth="-9999" blankItemHeight="-9999" blankItemTex="undefined" blankItemDependency="0" noScroll="true" outLineUp="L2UI_ct1.ItemWindow.ItemWindow_DF_Frame" outLineDown="L2UI_ct1.ItemWindow.ItemWindow_DF_Frame_Down" buttonTypePrevButtonPosX="-9999" buttonTypePrevButtonPosY="-9999" buttonTypeNextButtonPosX="-9999" buttonTypeNextButtonPosY="-9999" name="EquipItem_Underwear" extendsName="undefined" parentName="GMInventoryInspecotrWnd" preOrder="undefined" postOrder="undefined" anchored="true" superChild="true" relativeSize="true" absoluteSize="true" widthRate="0.0" heightRate="0.0" width="34" height="34" usePosition="true" relativePoint="TOP_LEFT" anchorPoint="TOP_LEFT" relativeTo="" anchoredX="8.0" anchoredY="272.0" useFont="false" styleName="undefined" fontName="undefined" fontColor="00000000" fontLine="EMPTY" alwaysZero="0" tooltipType="Inventory" tooltipText="-1" tooltipAppearanceTime="-9999" scrollBarOffsetX="-9999" scrollBarOffsetY="-9999" scrollBarOffsetHeight="-9999"/>
        <ItemWindow itemWndType="ScrollType" col="1" row="1" maxItemNum="1" iconWidth="32" iconHeight="32" gapX="5" gapY="3" offsetX="-9999" offsetY="-9999" backgroundItemWidth="-9999" backgroundItemHeight="-9999" backgroundItemTex="undefined" selectedItemWidth="-9999" selectedItemHeight="-9999" selectedItemTex="undefined" unselectedItemWidth="-9999" unselectedItemHeight="-9999" unselectedItemTex="undefined" newToggleItemOffSetX="-9999" newToggleItemOffSetY="-9999" newToggleItemWidth="-9999" newToggleItemHeight="-9999" newToggleItemTex="undefined" blankItemWidth="-9999" blankItemHeight="-9999" blankItemTex="undefined" blankItemDependency="0" noScroll="true" outLineUp="L2UI_ct1.ItemWindow.ItemWindow_DF_Frame" outLineDown="L2UI_ct1.ItemWindow.ItemWindow_DF_Frame_Down" buttonTypePrevButtonPosX="-9999" buttonTypePrevButtonPosY="-9999" buttonTypeNextButtonPosX="-9999" buttonTypeNextButtonPosY="-9999" name="EquipItem_Waist" extendsName="EquipItem_Underwear" parentName="GMInventoryInspecotrWnd" preOrder="undefined" postOrder="undefined" anchored="true" superChild="true" relativeSize="true" absoluteSize="true" widthRate="0.0" heightRate="0.0" width="34" height="34" usePosition="true" relativePoint="NONE" anchorPoint="TOP_LEFT" relativeTo="" anchoredX="8.0" anchoredY="311.0" useFont="false" styleName="undefined" fontName="undefined" fontColor="00000000" fontLine="EMPTY" alwaysZero="0" tooltipType="Inventory" tooltipText="-1" tooltipAppearanceTime="-9999" scrollBarOffsetX="-9999" scrollBarOffsetY="-9999" scrollBarOffsetHeight="-9999"/>
        <ItemWindow itemWndType="ScrollType" col="1" row="1" maxItemNum="1" iconWidth="32" iconHeight="32" gapX="5" gapY="3" offsetX="-9999" offsetY="-9999" backgroundItemWidth="-9999" backgroundItemHeight="-9999" backgroundItemTex="undefined" selectedItemWidth="-9999" selectedItemHeight="-9999" selectedItemTex="undefined" unselectedItemWidth="-9999" unselectedItemHeight="-9999" unselectedItemTex="undefined" newToggleItemOffSetX="-9999" newToggleItemOffSetY="-9999" newToggleItemWidth="-9999" newToggleItemHeight="-9999" newToggleItemTex="undefined" blankItemWidth="-9999" blankItemHeight="-9999" blankItemTex="undefined" blankItemDependency="0" noScroll="true" outLineUp="L2UI_ct1.ItemWindow.ItemWindow_DF_Frame" outLineDown="L2UI_ct1.ItemWindow.ItemWindow_DF_Frame_Down" buttonTypePrevButtonPosX="-9999" buttonTypePrevButtonPosY="-9999" buttonTypeNextButtonPosX="-9999" buttonTypeNextButtonPosY="-9999" name="EquipItem_Hair" extendsName="EquipItem_Underwear" parentName="GMInventoryInspecotrWnd" preOrder="undefined" postOrder="undefined" anchored="true" superChild="true" relativeSize="true" absoluteSize="true" widthRate="0.0" heightRate="0.0" width="34" height="34" usePosition="true" relativePoint="NONE" anchorPoint="TOP_LEFT" relativeTo="" anchoredX="162.0" anchoredY="36.0" useFont="false" styleName="undefined" fontName="undefined" fontColor="00000000" fontLine="EMPTY" alwaysZero="0" tooltipType="Inventory" tooltipText="-1" tooltipAppearanceTime="-9999" scrollBarOffsetX="-9999" scrollBarOffsetY="-9999" scrollBarOffsetHeight="-9999"/>
        <ItemWindow itemWndType="ScrollType" col="1" row="1" maxItemNum="1" iconWidth="32" iconHeight="32" gapX="5" gapY="3" offsetX="-9999" offsetY="-9999" backgroundItemWidth="-9999" backgroundItemHeight="-9999" backgroundItemTex="undefined" selectedItemWidth="-9999" selectedItemHeight="-9999" selectedItemTex="undefined" unselectedItemWidth="-9999" unselectedItemHeight="-9999" unselectedItemTex="undefined" newToggleItemOffSetX="-9999" newToggleItemOffSetY="-9999" newToggleItemWidth="-9999" newToggleItemHeight="-9999" newToggleItemTex="undefined" blankItemWidth="-9999" blankItemHeight="-9999" blankItemTex="undefined" blankItemDependency="0" noScroll="true" outLineUp="L2UI_ct1.ItemWindow.ItemWindow_DF_Frame" outLineDown="L2UI_ct1.ItemWindow.ItemWindow_DF_Frame_Down" buttonTypePrevButtonPosX="-9999" buttonTypePrevButtonPosY="-9999" buttonTypeNextButtonPosX="-9999" buttonTypeNextButtonPosY="-9999" name="EquipItem_Hair2" extendsName="EquipItem_Underwear" parentName="GMInventoryInspecotrWnd" preOrder="undefined" postOrder="undefined" anchored="true" superChild="true" relativeSize="true" absoluteSize="true" widthRate="0.0" heightRate="0.0" width="34" height="34" usePosition="true" relativePoint="NONE" anchorPoint="TOP_LEFT" relativeTo="" anchoredX="162.0" anchoredY="75.0" useFont="false" styleName="undefined" fontName="undefined" fontColor="00000000" fontLine="EMPTY" alwaysZero="0" tooltipType="Inventory" tooltipText="-1" tooltipAppearanceTime="-9999" scrollBarOffsetX="-9999" scrollBarOffsetY="-9999" scrollBarOffsetHeight="-9999"/>
        <ItemWindow itemWndType="ScrollType" col="1" row="1" maxItemNum="1" iconWidth="32" iconHeight="32" gapX="5" gapY="3" offsetX="-9999" offsetY="-9999" backgroundItemWidth="-9999" backgroundItemHeight="-9999" backgroundItemTex="undefined" selectedItemWidth="-9999" selectedItemHeight="-9999" selectedItemTex="undefined" unselectedItemWidth="-9999" unselectedItemHeight="-9999" unselectedItemTex="undefined" newToggleItemOffSetX="-9999" newToggleItemOffSetY="-9999" newToggleItemWidth="-9999" newToggleItemHeight="-9999" newToggleItemTex="undefined" blankItemWidth="-9999" blankItemHeight="-9999" blankItemTex="undefined" blankItemDependency="0" noScroll="true" outLineUp="L2UI_ct1.ItemWindow.ItemWindow_DF_Frame" outLineDown="L2UI_ct1.ItemWindow.ItemWindow_DF_Frame_Down" buttonTypePrevButtonPosX="-9999" buttonTypePrevButtonPosY="-9999" buttonTypeNextButtonPosX="-9999" buttonTypeNextButtonPosY="-9999" name="EquipItem_LEar" extendsName="EquipItem_Underwear" parentName="GMInventoryInspecotrWnd" preOrder="undefined" postOrder="undefined" anchored="true" superChild="true" relativeSize="true" absoluteSize="true" widthRate="0.0" heightRate="0.0" width="34" height="34" usePosition="true" relativePoint="NONE" anchorPoint="TOP_LEFT" relativeTo="" anchoredX="162.0" anchoredY="114.0" useFont="false" styleName="undefined" fontName="undefined" fontColor="00000000" fontLine="EMPTY" alwaysZero="0" tooltipType="Inventory" tooltipText="-1" tooltipAppearanceTime="-9999" scrollBarOffsetX="-9999" scrollBarOffsetY="-9999" scrollBarOffsetHeight="-9999"/>
        <ItemWindow itemWndType="ScrollType" col="1" row="1" maxItemNum="1" iconWidth="32" iconHeight="32" gapX="5" gapY="3" offsetX="-9999" offsetY="-9999" backgroundItemWidth="-9999" backgroundItemHeight="-9999" backgroundItemTex="undefined" selectedItemWidth="-9999" selectedItemHeight="-9999" selectedItemTex="undefined" unselectedItemWidth="-9999" unselectedItemHeight="-9999" unselectedItemTex="undefined" newToggleItemOffSetX="-9999" newToggleItemOffSetY="-9999" newToggleItemWidth="-9999" newToggleItemHeight="-9999" newToggleItemTex="undefined" blankItemWidth="-9999" blankItemHeight="-9999" blankItemTex="undefined" blankItemDependency="0" noScroll="true" outLineUp="L2UI_ct1.ItemWindow.ItemWindow_DF_Frame" outLineDown="L2UI_ct1.ItemWindow.ItemWindow_DF_Frame_Down" buttonTypePrevButtonPosX="-9999" buttonTypePrevButtonPosY="-9999" buttonTypeNextButtonPosX="-9999" buttonTypeNextButtonPosY="-9999" name="EquipItem_REar" extendsName="EquipItem_Underwear" parentName="GMInventoryInspecotrWnd" preOrder="undefined" postOrder="undefined" anchored="true" superChild="true" relativeSize="true" absoluteSize="true" widthRate="0.0" heightRate="0.0" width="34" height="34" usePosition="true" relativePoint="NONE" anchorPoint="TOP_LEFT" relativeTo="" anchoredX="162.0" anchoredY="153.0" useFont="false" styleName="undefined" fontName="undefined" fontColor="00000000" fontLine="EMPTY" alwaysZero="0" tooltipType="Inventory" tooltipText="-1" tooltipAppearanceTime="-9999" scrollBarOffsetX="-9999" scrollBarOffsetY="-9999" scrollBarOffsetHeight="-9999"/>
        <ItemWindow itemWndType="ScrollType" col="1" row="1" maxItemNum="1" iconWidth="32" iconHeight="32" gapX="5" gapY="3" offsetX="-9999" offsetY="-9999" backgroundItemWidth="-9999" backgroundItemHeight="-9999" backgroundItemTex="undefined" selectedItemWidth="-9999" selectedItemHeight="-9999" selectedItemTex="undefined" unselectedItemWidth="-9999" unselectedItemHeight="-9999" unselectedItemTex="undefined" newToggleItemOffSetX="-9999" newToggleItemOffSetY="-9999" newToggleItemWidth="-9999" newToggleItemHeight="-9999" newToggleItemTex="undefined" blankItemWidth="-9999" blankItemHeight="-9999" blankItemTex="undefined" blankItemDependency="0" noScroll="true" outLineUp="L2UI_ct1.ItemWindow.ItemWindow_DF_Frame" outLineDown="L2UI_ct1.ItemWindow.ItemWindow_DF_Frame_Down" buttonTypePrevButtonPosX="-9999" buttonTypePrevButtonPosY="-9999" buttonTypeNextButtonPosX="-9999" buttonTypeNextButtonPosY="-9999" name="EquipItem_Neck" extendsName="EquipItem_Underwear" parentName="GMInventoryInspecotrWnd" preOrder="undefined" postOrder="undefined" anchored="true" superChild="true" relativeSize="true" absoluteSize="true" widthRate="0.0" heightRate="0.0" width="34" height="34" usePosition="true" relativePoint="NONE" anchorPoint="TOP_LEFT" relativeTo="" anchoredX="162.0" anchoredY="193.0" useFont="false" styleName="undefined" fontName="undefined" fontColor="00000000" fontLine="EMPTY" alwaysZero="0" tooltipType="Inventory" tooltipText="-1" tooltipAppearanceTime="-9999" scrollBarOffsetX="-9999" scrollBarOffsetY="-9999" scrollBarOffsetHeight="-9999"/>
        <ItemWindow itemWndType="ScrollType" col="1" row="1" maxItemNum="1" iconWidth="32" iconHeight="32" gapX="5" gapY="3" offsetX="-9999" offsetY="-9999" backgroundItemWidth="-9999" backgroundItemHeight="-9999" backgroundItemTex="undefined" selectedItemWidth="-9999" selectedItemHeight="-9999" selectedItemTex="undefined" unselectedItemWidth="-9999" unselectedItemHeight="-9999" unselectedItemTex="undefined" newToggleItemOffSetX="-9999" newToggleItemOffSetY="-9999" newToggleItemWidth="-9999" newToggleItemHeight="-9999" newToggleItemTex="undefined" blankItemWidth="-9999" blankItemHeight="-9999" blankItemTex="undefined" blankItemDependency="0" noScroll="true" outLineUp="L2UI_ct1.ItemWindow.ItemWindow_DF_Frame" outLineDown="L2UI_ct1.ItemWindow.ItemWindow_DF_Frame_Down" buttonTypePrevButtonPosX="-9999" buttonTypePrevButtonPosY="-9999" buttonTypeNextButtonPosX="-9999" buttonTypeNextButtonPosY="-9999" name="EquipItem_LFinger" extendsName="EquipItem_Underwear" parentName="GMInventoryInspecotrWnd" preOrder="undefined" postOrder="undefined" anchored="true" superChild="true" relativeSize="true" absoluteSize="true" widthRate="0.0" heightRate="0.0" width="34" height="34" usePosition="true" relativePoint="NONE" anchorPoint="TOP_LEFT" relativeTo="" anchoredX="162.0" anchoredY="233.0" useFont="false" styleName="undefined" fontName="undefined" fontColor="00000000" fontLine="EMPTY" alwaysZero="0" tooltipType="Inventory" tooltipText="-1" tooltipAppearanceTime="-9999" scrollBarOffsetX="-9999" scrollBarOffsetY="-9999" scrollBarOffsetHeight="-9999"/>
        <ItemWindow itemWndType="ScrollType" col="1" row="1" maxItemNum="1" iconWidth="32" iconHeight="32" gapX="5" gapY="3" offsetX="-9999" offsetY="-9999" backgroundItemWidth="-9999" backgroundItemHeight="-9999" backgroundItemTex="undefined" selectedItemWidth="-9999" selectedItemHeight="-9999" selectedItemTex="undefined" unselectedItemWidth="-9999" unselectedItemHeight="-9999" unselectedItemTex="undefined" newToggleItemOffSetX="-9999" newToggleItemOffSetY="-9999" newToggleItemWidth="-9999" newToggleItemHeight="-9999" newToggleItemTex="undefined" blankItemWidth="-9999" blankItemHeight="-9999" blankItemTex="undefined" blankItemDependency="0" noScroll="true" outLineUp="L2UI_ct1.ItemWindow.ItemWindow_DF_Frame" outLineDown="L2UI_ct1.ItemWindow.ItemWindow_DF_Frame_Down" buttonTypePrevButtonPosX="-9999" buttonTypePrevButtonPosY="-9999" buttonTypeNextButtonPosX="-9999" buttonTypeNextButtonPosY="-9999" name="EquipItem_RFinger" extendsName="EquipItem_Underwear" parentName="GMInventoryInspecotrWnd" preOrder="undefined" postOrder="undefined" anchored="true" superChild="true" relativeSize="true" absoluteSize="true" widthRate="0.0" heightRate="0.0" width="34" height="34" usePosition="true" relativePoint="NONE" anchorPoint="TOP_LEFT" relativeTo="" anchoredX="162.0" anchoredY="272.0" useFont="false" styleName="undefined" fontName="undefined" fontColor="00000000" fontLine="EMPTY" alwaysZero="0" tooltipType="Inventory" tooltipText="-1" tooltipAppearanceTime="-9999" scrollBarOffsetX="-9999" scrollBarOffsetY="-9999" scrollBarOffsetHeight="-9999"/>
        <ItemWindow itemWndType="ScrollType" col="1" row="1" maxItemNum="1" iconWidth="32" iconHeight="32" gapX="5" gapY="3" offsetX="-9999" offsetY="-9999" backgroundItemWidth="-9999" backgroundItemHeight="-9999" backgroundItemTex="undefined" selectedItemWidth="-9999" selectedItemHeight="-9999" selectedItemTex="undefined" unselectedItemWidth="-9999" unselectedItemHeight="-9999" unselectedItemTex="undefined" newToggleItemOffSetX="-9999" newToggleItemOffSetY="-9999" newToggleItemWidth="-9999" newToggleItemHeight="-9999" newToggleItemTex="undefined" blankItemWidth="-9999" blankItemHeight="-9999" blankItemTex="undefined" blankItemDependency="0" noScroll="true" outLineUp="L2UI_ct1.ItemWindow.ItemWindow_DF_Frame" outLineDown="L2UI_ct1.ItemWindow.ItemWindow_DF_Frame_Down" buttonTypePrevButtonPosX="-9999" buttonTypePrevButtonPosY="-9999" buttonTypeNextButtonPosX="-9999" buttonTypeNextButtonPosY="-9999" name="EquipItem_LBracelet" extendsName="EquipItem_Underwear" parentName="GMInventoryInspecotrWnd" preOrder="undefined" postOrder="undefined" anchored="true" superChild="true" relativeSize="true" absoluteSize="true" widthRate="0.0" heightRate="0.0" width="34" height="34" usePosition="true" relativePoint="NONE" anchorPoint="TOP_LEFT" relativeTo="" anchoredX="162.0" anchoredY="311.0" useFont="false" styleName="undefined" fontName="undefined" fontColor="00000000" fontLine="EMPTY" alwaysZero="0" tooltipType="Inventory" tooltipText="-1" tooltipAppearanceTime="-9999" scrollBarOffsetX="-9999" scrollBarOffsetY="-9999" scrollBarOffsetHeight="-9999"/>
        <ItemWindow itemWndType="ScrollType" col="1" row="1" maxItemNum="1" iconWidth="32" iconHeight="32" gapX="5" gapY="3" offsetX="-9999" offsetY="-9999" backgroundItemWidth="-9999" backgroundItemHeight="-9999" backgroundItemTex="undefined" selectedItemWidth="-9999" selectedItemHeight="-9999" selectedItemTex="undefined" unselectedItemWidth="-9999" unselectedItemHeight="-9999" unselectedItemTex="undefined" newToggleItemOffSetX="-9999" newToggleItemOffSetY="-9999" newToggleItemWidth="-9999" newToggleItemHeight="-9999" newToggleItemTex="undefined" blankItemWidth="-9999" blankItemHeight="-9999" blankItemTex="undefined" blankItemDependency="0" noScroll="true" outLineUp="L2UI_ct1.ItemWindow.ItemWindow_DF_Frame" outLineDown="L2UI_ct1.ItemWindow.ItemWindow_DF_Frame_Down" buttonTypePrevButtonPosX="-9999" buttonTypePrevButtonPosY="-9999" buttonTypeNextButtonPosX="-9999" buttonTypeNextButtonPosY="-9999" name="EquipItem_RHand" extendsName="EquipItem_Underwear" parentName="GMInventoryInspecotrWnd" preOrder="undefined" postOrder="undefined" anchored="true" superChild="true" relativeSize="true" absoluteSize="true" widthRate="0.0" heightRate="0.0" width="34" height="34" usePosition="true" relativePoint="NONE" anchorPoint="TOP_LEFT" relativeTo="" anchoredX="8.0" anchoredY="351.0" useFont="false" styleName="undefined" fontName="undefined" fontColor="00000000" fontLine="EMPTY" alwaysZero="0" tooltipType="Inventory" tooltipText="-1" tooltipAppearanceTime="-9999" scrollBarOffsetX="-9999" scrollBarOffsetY="-9999" scrollBarOffsetHeight="-9999"/>
        <ItemWindow itemWndType="ScrollType" col="1" row="1" maxItemNum="1" iconWidth="32" iconHeight="32" gapX="5" gapY="3" offsetX="-9999" offsetY="-9999" backgroundItemWidth="-9999" backgroundItemHeight="-9999" backgroundItemTex="undefined" selectedItemWidth="-9999" selectedItemHeight="-9999" selectedItemTex="undefined" unselectedItemWidth="-9999" unselectedItemHeight="-9999" unselectedItemTex="undefined" newToggleItemOffSetX="-9999" newToggleItemOffSetY="-9999" newToggleItemWidth="-9999" newToggleItemHeight="-9999" newToggleItemTex="undefined" blankItemWidth="-9999" blankItemHeight="-9999" blankItemTex="undefined" blankItemDependency="0" noScroll="true" outLineUp="L2UI_ct1.ItemWindow.ItemWindow_DF_Frame" outLineDown="L2UI_ct1.ItemWindow.ItemWindow_DF_Frame_Down" buttonTypePrevButtonPosX="-9999" buttonTypePrevButtonPosY="-9999" buttonTypeNextButtonPosX="-9999" buttonTypeNextButtonPosY="-9999" name="EquipItem_LHand" extendsName="EquipItem_Underwear" parentName="GMInventoryInspecotrWnd" preOrder="undefined" postOrder="undefined" anchored="true" superChild="true" relativeSize="true" absoluteSize="true" widthRate="0.0" heightRate="0.0" width="34" height="34" usePosition="true" relativePoint="NONE" anchorPoint="TOP_LEFT" relativeTo="" anchoredX="162.0" anchoredY="351.0" useFont="false" styleName="undefined" fontName="undefined" fontColor="00000000" fontLine="EMPTY" alwaysZero="0" tooltipType="Inventory" tooltipText="-1" tooltipAppearanceTime="-9999" scrollBarOffsetX="-9999" scrollBarOffsetY="-9999" scrollBarOffsetHeight="-9999"/>
        <ItemWindow itemWndType="ScrollType" col="1" row="1" maxItemNum="1" iconWidth="32" iconHeight="32" gapX="5" gapY="3" offsetX="-9999" offsetY="-9999" backgroundItemWidth="-9999" backgroundItemHeight="-9999" backgroundItemTex="undefined" selectedItemWidth="-9999" selectedItemHeight="-9999" selectedItemTex="undefined" unselectedItemWidth="-9999" unselectedItemHeight="-9999" unselectedItemTex="undefined" newToggleItemOffSetX="-9999" newToggleItemOffSetY="-9999" newToggleItemWidth="-9999" newToggleItemHeight="-9999" newToggleItemTex="undefined" blankItemWidth="-9999" blankItemHeight="-9999" blankItemTex="undefined" blankItemDependency="0" noScroll="true" outLineUp="L2UI_ct1.ItemWindow.ItemWindow_DF_Frame" outLineDown="L2UI_ct1.ItemWindow.ItemWindow_DF_Frame_Down" buttonTypePrevButtonPosX="-9999" buttonTypePrevButtonPosY="-9999" buttonTypeNextButtonPosX="-9999" buttonTypeNextButtonPosY="-9999" name="EquipItem_RBracelet" extendsName="EquipItem_Underwear" parentName="GMInventoryInspecotrWnd" preOrder="undefined" postOrder="undefined" anchored="true" superChild="true" relativeSize="true" absoluteSize="true" widthRate="0.0" heightRate="0.0" width="34" height="34" usePosition="true" relativePoint="NONE" anchorPoint="TOP_LEFT" relativeTo="" anchoredX="112.0" anchoredY="351.0" useFont="false" styleName="undefined" fontName="undefined" fontColor="00000000" fontLine="EMPTY" alwaysZero="0" tooltipType="Inventory" tooltipText="-1" tooltipAppearanceTime="-9999" scrollBarOffsetX="-9999" scrollBarOffsetY="-9999" scrollBarOffsetHeight="-9999"/>
        <ItemWindow itemWndType="ScrollType" col="1" row="1" maxItemNum="1" iconWidth="16" iconHeight="16" gapX="4" gapY="4" offsetX="-9999" offsetY="-9999" backgroundItemWidth="-9999" backgroundItemHeight="-9999" backgroundItemTex="undefined" selectedItemWidth="-9999" selectedItemHeight="-9999" selectedItemTex="undefined" unselectedItemWidth="-9999" unselectedItemHeight="-9999" unselectedItemTex="undefined" newToggleItemOffSetX="-9999" newToggleItemOffSetY="-9999" newToggleItemWidth="-9999" newToggleItemHeight="-9999" newToggleItemTex="undefined" blankItemWidth="-9999" blankItemHeight="-9999" blankItemTex="undefined" blankItemDependency="0" noScroll="true" outLineUp="L2UI_ct1.ItemWindow.ItemWindow_DF_Frame" outLineDown="L2UI_ct1.ItemWindow.ItemWindow_DF_Frame_Down" buttonTypePrevButtonPosX="-9999" buttonTypePrevButtonPosY="-9999" buttonTypeNextButtonPosX="-9999" buttonTypeNextButtonPosY="-9999" name="EquipItem_Talisman1" extendsName="undefined" parentName="GMInventoryInspecotrWnd" preOrder="undefined" postOrder="undefined" anchored="true" superChild="true" relativeSize="true" absoluteSize="true" widthRate="0.0" heightRate="0.0" width="17" height="17" usePosition="true" relativePoint="TOP_LEFT" anchorPoint="TOP_LEFT" relativeTo="" anchoredX="57.0" anchoredY="350.0" useFont="false" styleName="undefined" fontName="undefined" fontColor="00000000" fontLine="EMPTY" alwaysZero="0" tooltipType="Inventory" tooltipText="-1" tooltipAppearanceTime="-9999" scrollBarOffsetX="-9999" scrollBarOffsetY="-9999" scrollBarOffsetHeight="-9999"/>
        <ItemWindow itemWndType="ScrollType" col="1" row="1" maxItemNum="1" iconWidth="16" iconHeight="16" gapX="4" gapY="4" offsetX="-9999" offsetY="-9999" backgroundItemWidth="-9999" backgroundItemHeight="-9999" backgroundItemTex="undefined" selectedItemWidth="-9999" selectedItemHeight="-9999" selectedItemTex="undefined" unselectedItemWidth="-9999" unselectedItemHeight="-9999" unselectedItemTex="undefined" newToggleItemOffSetX="-9999" newToggleItemOffSetY="-9999" newToggleItemWidth="-9999" newToggleItemHeight="-9999" newToggleItemTex="undefined" blankItemWidth="-9999" blankItemHeight="-9999" blankItemTex="undefined" blankItemDependency="0" noScroll="true" outLineUp="L2UI_ct1.ItemWindow.ItemWindow_DF_Frame" outLineDown="L2UI_ct1.ItemWindow.ItemWindow_DF_Frame_Down" buttonTypePrevButtonPosX="-9999" buttonTypePrevButtonPosY="-9999" buttonTypeNextButtonPosX="-9999" buttonTypeNextButtonPosY="-9999" name="EquipItem_Talisman2" extendsName="undefined" parentName="GMInventoryInspecotrWnd" preOrder="undefined" postOrder="undefined" anchored="true" superChild="true" relativeSize="true" absoluteSize="true" widthRate="0.0" heightRate="0.0" width="17" height="17" usePosition="true" relativePoint="TOP_LEFT" anchorPoint="TOP_LEFT" relativeTo="" anchoredX="74.0" anchoredY="350.0" useFont="false" styleName="undefined" fontName="undefined" fontColor="00000000" fontLine="EMPTY" alwaysZero="0" tooltipType="Inventory" tooltipText="-1" tooltipAppearanceTime="-9999" scrollBarOffsetX="-9999" scrollBarOffsetY="-9999" scrollBarOffsetHeight="-9999"/>
        <ItemWindow itemWndType="ScrollType" col="1" row="1" maxItemNum="1" iconWidth="16" iconHeight="16" gapX="4" gapY="4" offsetX="-9999" offsetY="-9999" backgroundItemWidth="-9999" backgroundItemHeight="-9999" backgroundItemTex="undefined" selectedItemWidth="-9999" selectedItemHeight="-9999" selectedItemTex="undefined" unselectedItemWidth="-9999" unselectedItemHeight="-9999" unselectedItemTex="undefined" newToggleItemOffSetX="-9999" newToggleItemOffSetY="-9999" newToggleItemWidth="-9999" newToggleItemHeight="-9999" newToggleItemTex="undefined" blankItemWidth="-9999" blankItemHeight="-9999" blankItemTex="undefined" blankItemDependency="0" noScroll="true" outLineUp="L2UI_ct1.ItemWindow.ItemWindow_DF_Frame" outLineDown="L2UI_ct1.ItemWindow.ItemWindow_DF_Frame_Down" buttonTypePrevButtonPosX="-9999" buttonTypePrevButtonPosY="-9999" buttonTypeNextButtonPosX="-9999" buttonTypeNextButtonPosY="-9999" name="EquipItem_Talisman3" extendsName="undefined" parentName="GMInventoryInspecotrWnd" preOrder="undefined" postOrder="undefined" anchored="true" superChild="true" relativeSize="true" absoluteSize="true" widthRate="0.0" heightRate="0.0" width="17" height="17" usePosition="true" relativePoint="TOP_LEFT" anchorPoint="TOP_LEFT" relativeTo="" anchoredX="91.0" anchoredY="350.0" useFont="false" styleName="undefined" fontName="undefined" fontColor="00000000" fontLine="EMPTY" alwaysZero="0" tooltipType="Inventory" tooltipText="-1" tooltipAppearanceTime="-9999" scrollBarOffsetX="-9999" scrollBarOffsetY="-9999" scrollBarOffsetHeight="-9999"/>
        <ItemWindow itemWndType="ScrollType" col="1" row="1" maxItemNum="1" iconWidth="16" iconHeight="16" gapX="4" gapY="4" offsetX="-9999" offsetY="-9999" backgroundItemWidth="-9999" backgroundItemHeight="-9999" backgroundItemTex="undefined" selectedItemWidth="-9999" selectedItemHeight="-9999" selectedItemTex="undefined" unselectedItemWidth="-9999" unselectedItemHeight="-9999" unselectedItemTex="undefined" newToggleItemOffSetX="-9999" newToggleItemOffSetY="-9999" newToggleItemWidth="-9999" newToggleItemHeight="-9999" newToggleItemTex="undefined" blankItemWidth="-9999" blankItemHeight="-9999" blankItemTex="undefined" blankItemDependency="0" noScroll="true" outLineUp="L2UI_ct1.ItemWindow.ItemWindow_DF_Frame" outLineDown="L2UI_ct1.ItemWindow.ItemWindow_DF_Frame_Down" buttonTypePrevButtonPosX="-9999" buttonTypePrevButtonPosY="-9999" buttonTypeNextButtonPosX="-9999" buttonTypeNextButtonPosY="-9999" name="EquipItem_Talisman4" extendsName="undefined" parentName="GMInventoryInspecotrWnd" preOrder="undefined" postOrder="undefined" anchored="true" superChild="true" relativeSize="true" absoluteSize="true" widthRate="0.0" heightRate="0.0" width="17" height="17" usePosition="true" relativePoint="TOP_LEFT" anchorPoint="TOP_LEFT" relativeTo="" anchoredX="57.0" anchoredY="368.0" useFont="false" styleName="undefined" fontName="undefined" fontColor="00000000" fontLine="EMPTY" alwaysZero="0" tooltipType="Inventory" tooltipText="-1" tooltipAppearanceTime="-9999" scrollBarOffsetX="-9999" scrollBarOffsetY="-9999" scrollBarOffsetHeight="-9999"/>
        <ItemWindow itemWndType="ScrollType" col="1" row="1" maxItemNum="1" iconWidth="16" iconHeight="16" gapX="4" gapY="4" offsetX="-9999" offsetY="-9999" backgroundItemWidth="-9999" backgroundItemHeight="-9999" backgroundItemTex="undefined" selectedItemWidth="-9999" selectedItemHeight="-9999" selectedItemTex="undefined" unselectedItemWidth="-9999" unselectedItemHeight="-9999" unselectedItemTex="undefined" newToggleItemOffSetX="-9999" newToggleItemOffSetY="-9999" newToggleItemWidth="-9999" newToggleItemHeight="-9999" newToggleItemTex="undefined" blankItemWidth="-9999" blankItemHeight="-9999" blankItemTex="undefined" blankItemDependency="0" noScroll="true" outLineUp="L2UI_ct1.ItemWindow.ItemWindow_DF_Frame" outLineDown="L2UI_ct1.ItemWindow.ItemWindow_DF_Frame_Down" buttonTypePrevButtonPosX="-9999" buttonTypePrevButtonPosY="-9999" buttonTypeNextButtonPosX="-9999" buttonTypeNextButtonPosY="-9999" name="EquipItem_Talisman5" extendsName="undefined" parentName="GMInventoryInspecotrWnd" preOrder="undefined" postOrder="undefined" anchored="true" superChild="true" relativeSize="true" absoluteSize="true" widthRate="0.0" heightRate="0.0" width="17" height="17" usePosition="true" relativePoint="TOP_LEFT" anchorPoint="TOP_LEFT" relativeTo="" anchoredX="74.0" anchoredY="368.0" useFont="false" styleName="undefined" fontName="undefined" fontColor="00000000" fontLine="EMPTY" alwaysZero="0" tooltipType="Inventory" tooltipText="-1" tooltipAppearanceTime="-9999" scrollBarOffsetX="-9999" scrollBarOffsetY="-9999" scrollBarOffsetHeight="-9999"/>
        <ItemWindow itemWndType="ScrollType" col="1" row="1" maxItemNum="1" iconWidth="16" iconHeight="16" gapX="4" gapY="4" offsetX="-9999" offsetY="-9999" backgroundItemWidth="-9999" backgroundItemHeight="-9999" backgroundItemTex="undefined" selectedItemWidth="-9999" selectedItemHeight="-9999" selectedItemTex="undefined" unselectedItemWidth="-9999" unselectedItemHeight="-9999" unselectedItemTex="undefined" newToggleItemOffSetX="-9999" newToggleItemOffSetY="-9999" newToggleItemWidth="-9999" newToggleItemHeight="-9999" newToggleItemTex="undefined" blankItemWidth="-9999" blankItemHeight="-9999" blankItemTex="undefined" blankItemDependency="0" noScroll="true" outLineUp="L2UI_ct1.ItemWindow.ItemWindow_DF_Frame" outLineDown="L2UI_ct1.ItemWindow.ItemWindow_DF_Frame_Down" buttonTypePrevButtonPosX="-9999" buttonTypePrevButtonPosY="-9999" buttonTypeNextButtonPosX="-9999" buttonTypeNextButtonPosY="-9999" name="EquipItem_Talisman6" extendsName="undefined" parentName="GMInventoryInspecotrWnd" preOrder="undefined" postOrder="undefined" anchored="true" superChild="true" relativeSize="true" absoluteSize="true" widthRate="0.0" heightRate="0.0" width="17" height="17" usePosition="true" relativePoint="TOP_LEFT" anchorPoint="TOP_LEFT" relativeTo="" anchoredX="91.0" anchoredY="368.0" useFont="false" styleName="undefined" fontName="undefined" fontColor="00000000" fontLine="EMPTY" alwaysZero="0" tooltipType="Inventory" tooltipText="-1" tooltipAppearanceTime="-9999" scrollBarOffsetX="-9999" scrollBarOffsetY="-9999" scrollBarOffsetHeight="-9999"/>
        <ItemWindow itemWndType="ScrollType" col="1" row="3" maxItemNum="1" iconWidth="18" iconHeight="18" gapX="-9999" gapY="2" offsetX="-9999" offsetY="-9999" backgroundItemWidth="-9999" backgroundItemHeight="-9999" backgroundItemTex="undefined" selectedItemWidth="-9999" selectedItemHeight="-9999" selectedItemTex="undefined" unselectedItemWidth="-9999" unselectedItemHeight="-9999" unselectedItemTex="undefined" newToggleItemOffSetX="-9999" newToggleItemOffSetY="-9999" newToggleItemWidth="-9999" newToggleItemHeight="-9999" newToggleItemTex="undefined" blankItemWidth="-9999" blankItemHeight="-9999" blankItemTex="undefined" blankItemDependency="0" noSelectItem="true" noItemDrag="true" noScroll="true" outLineUp="undefined" outLineDown="undefined" buttonTypePrevButtonPosX="-9999" buttonTypePrevButtonPosY="-9999" buttonTypeNextButtonPosX="-9999" buttonTypeNextButtonPosY="-9999" name="HennaItem" extendsName="undefined" parentName="GMInventoryInspecotrWnd" preOrder="undefined" postOrder="undefined" anchored="true" superChild="true" relativeSize="true" absoluteSize="true" widthRate="0.0" heightRate="0.0" width="19" height="59" usePosition="true" relativePoint="TOP_LEFT" anchorPoint="TOP_LEFT" relativeTo="" anchoredX="139.0" anchoredY="35.0" useFont="false" styleName="undefined" fontName="undefined" fontColor="00000000" fontLine="EMPTY" alwaysZero="0" tooltipType="NormalItem" tooltipText="-1" tooltipAppearanceTime="-9999" scrollBarOffsetX="-9999" scrollBarOffsetY="-9999" scrollBarOffsetHeight="-9999"/>
        <TextBox text="undefined" textAlign="Right" textVAlign="Undefined" fontType="Normal" backTex="undefined" sysString="-9999" systemMsg="-9999" textColor="DCDCDCFF" autosize="true" name="ItemCount" extendsName="undefined" parentName="GMInventoryInspecotrWnd" preOrder="undefined" postOrder="undefined" anchored="false" superChild="true" relativeSize="true" absoluteSize="true" widthRate="0.0" heightRate="0.0" width="0" height="14" usePosition="true" relativePoint="TOP_RIGHT" anchorPoint="TOP_RIGHT" relativeTo="" anchoredX="-5.0" anchoredY="38.0" useFont="true" styleName="" fontName="" fontColor="B09B79FF" fontLine="EMPTY" alwaysZero="0" tooltipType="undefined" tooltipText="-9999" tooltipAppearanceTime="-9999" scrollBarOffsetX="-9999" scrollBarOffsetY="-9999" scrollBarOffsetHeight="-9999"/>
        <Texture file="L2UI_ct1.ItemWindow.ItemWindow_DF_Slotbox_2x2" alphaMask="" type="Normal" layer="Background" u="0.0" v="0.0" uSize="0.0" vSize="0.0" alpha="-9999" autoRotate="None" maskLayer="0.0" colorModify="FFFFFFFF" name="InventoryItembkg" extendsName="undefined" alwaysOnBack="true" parentName="GMInventoryInspecotrWnd" preOrder="undefined" postOrder="undefined" anchored="true" superChild="true" relativeSize="true" absoluteSize="true" widthRate="0.0" heightRate="0.0" width="216" height="288" usePosition="true" relativePoint="TOP_LEFT" anchorPoint="TOP_LEFT" relativeTo="" anchoredX="209.0" anchoredY="58.0" useFont="false" styleName="undefined" fontName="undefined" fontColor="00000000" fontLine="EMPTY" virtual="true" alwaysZero="0" tooltipType="undefined" tooltipText="-9999" tooltipAppearanceTime="-9999" scrollBarOffsetX="-9999" scrollBarOffsetY="-9999" scrollBarOffsetHeight="-9999"/>
        <ItemWindow itemWndType="ScrollType" col="6" row="8" maxItemNum="250" iconWidth="32" iconHeight="32" gapX="4" gapY="4" offsetX="-9999" offsetY="-9999" backgroundItemWidth="-9999" backgroundItemHeight="-9999" backgroundItemTex="undefined" selectedItemWidth="-9999" selectedItemHeight="-9999" selectedItemTex="undefined" unselectedItemWidth="-9999" unselectedItemHeight="-9999" unselectedItemTex="undefined" newToggleItemOffSetX="-9999" newToggleItemOffSetY="-9999" newToggleItemWidth="-9999" newToggleItemHeight="-9999" newToggleItemTex="undefined" blankItemWidth="34" blankItemHeight="34" blankItemTex="L2UI_ct1.ItemWindow.ItemWindow_DF_SlotBox_Disable" blankItemDependency="0" outLineUp="L2UI_ct1.ItemWindow.ItemWindow_DF_Frame" outLineDown="L2UI_ct1.ItemWindow.ItemWindow_DF_Frame_Down" buttonTypePrevButtonPosX="-9999" buttonTypePrevButtonPosY="-9999" buttonTypeNextButtonPosX="-9999" buttonTypeNextButtonPosY="-9999" name="InventoryItem" extendsName="undefined" parentName="GMInventoryInspecotrWnd" preOrder="undefined" postOrder="undefined" anchored="true" superChild="true" relativeSize="true" absoluteSize="true" widthRate="0.0" heightRate="0.0" width="231" height="288" usePosition="true" relativePoint="TOP_LEFT" anchorPoint="TOP_LEFT" relativeTo="" anchoredX="210.0" anchoredY="58.0" useFont="false" styleName="undefined" fontName="undefined" fontColor="00000000" fontLine="EMPTY" alwaysZero="0" tooltipType="Inventory" tooltipText="-1" tooltipAppearanceTime="-9999" scrollBarOffsetX="-9999" scrollBarOffsetY="-9999" scrollBarOffsetHeight="-9999"/>
        <Texture file="L2UI_ct1.ItemWindow.ItemWindow_DF_Slotbox_2x2" alphaMask="" type="Normal" layer="Background" u="0.0" v="0.0" uSize="0.0" vSize="0.0" alpha="-9999" autoRotate="None" maskLayer="0.0" colorModify="FFFFFFFF" name="InventoryItembkg" extendsName="undefined" alwaysOnBack="true" parentName="GMInventoryInspecotrWnd" preOrder="undefined" postOrder="undefined" anchored="true" superChild="true" relativeSize="true" absoluteSize="true" widthRate="0.0" heightRate="0.0" width="216" height="288" usePosition="true" relativePoint="TOP_LEFT" anchorPoint="TOP_LEFT" relativeTo="" anchoredX="209.0" anchoredY="58.0" useFont="false" styleName="undefined" fontName="undefined" fontColor="00000000" fontLine="EMPTY" virtual="true" alwaysZero="0" tooltipType="undefined" tooltipText="-9999" tooltipAppearanceTime="-9999" scrollBarOffsetX="-9999" scrollBarOffsetY="-9999" scrollBarOffsetHeight="-9999"/>
        <ItemWindow itemWndType="ScrollType" col="6" row="8" maxItemNum="250" iconWidth="32" iconHeight="32" gapX="4" gapY="4" offsetX="-9999" offsetY="-9999" backgroundItemWidth="-9999" backgroundItemHeight="-9999" backgroundItemTex="undefined" selectedItemWidth="-9999" selectedItemHeight="-9999" selectedItemTex="undefined" unselectedItemWidth="-9999" unselectedItemHeight="-9999" unselectedItemTex="undefined" newToggleItemOffSetX="-9999" newToggleItemOffSetY="-9999" newToggleItemWidth="-9999" newToggleItemHeight="-9999" newToggleItemTex="undefined" blankItemWidth="-9999" blankItemHeight="-9999" blankItemTex="undefined" blankItemDependency="0" outLineUp="L2UI_ct1.ItemWindow.ItemWindow_DF_Frame" outLineDown="L2UI_ct1.ItemWindow.ItemWindow_DF_Frame_Down" buttonTypePrevButtonPosX="-9999" buttonTypePrevButtonPosY="-9999" buttonTypeNextButtonPosX="-9999" buttonTypeNextButtonPosY="-9999" name="QuestItem" extendsName="undefined" parentName="GMInventoryInspecotrWnd" preOrder="undefined" postOrder="undefined" anchored="true" superChild="true" relativeSize="true" absoluteSize="true" widthRate="0.0" heightRate="0.0" width="231" height="288" usePosition="true" relativePoint="TOP_LEFT" anchorPoint="TOP_LEFT" relativeTo="" anchoredX="210.0" anchoredY="58.0" useFont="false" styleName="undefined" fontName="undefined" fontColor="00000000" fontLine="EMPTY" alwaysZero="0" tooltipType="Inventory" tooltipText="-1" tooltipAppearanceTime="-9999" scrollBarOffsetX="-9999" scrollBarOffsetY="-9999" scrollBarOffsetHeight="-9999"/>
        <Tab name="InventoryTab" extendsName="undefined" parentName="GMInventoryInspecotrWnd" preOrder="undefined" postOrder="undefined" anchored="true" superChild="true" relativeSize="true" absoluteSize="true" widthRate="0.0" heightRate="0.0" width="160" height="23" usePosition="true" relativePoint="TOP_LEFT" anchorPoint="TOP_LEFT" relativeTo="" anchoredX="212.0" anchoredY="31.0" useFont="false" styleName="undefined" fontName="undefined" fontColor="00000000" fontLine="EMPTY" alwaysZero="0" tooltipType="undefined" tooltipText="-9999" tooltipAppearanceTime="-9999" scrollBarOffsetX="-9999" scrollBarOffsetY="-9999" scrollBarOffsetHeight="-9999">
            <TabElement buttonName="2" buttonNameText="undefined" nameOffsetX="0" nameOffsetY="0" target="InventoryItem" width="80" height="23" normalTex="L2UI_ct1.tab.Tab_DF_Tab_Unselected" pushedTex="L2UI_ct1.tab.Tab_DF_Tab_Selected" movable="false" gap="0" tooltip="-1" blinkTextureName=""/>
            <TabElement buttonName="118" buttonNameText="undefined" nameOffsetX="0" nameOffsetY="0" target="QuestItem" width="80" height="23" normalTex="L2UI_ct1.tab.Tab_DF_Tab_Unselected" pushedTex="L2UI_ct1.tab.Tab_DF_Tab_Selected" movable="false" gap="0" tooltip="-1" blinkTextureName=""/>
        </Tab>
        <Texture file="L2UI_ct1.tab.Tab_DF_Bg_line" alphaMask="" type="Normal" layer="Background" u="0.0" v="0.0" uSize="0.0" vSize="0.0" alpha="-9999" autoRotate="None" maskLayer="0.0" colorModify="FFFFFFFF" name="tabbkg" extendsName="undefined" alwaysOnBack="true" parentName="GMInventoryInspecotrWnd" preOrder="undefined" postOrder="undefined" anchored="true" superChild="true" relativeSize="true" absoluteSize="true" widthRate="0.0" heightRate="0.0" width="69" height="23" usePosition="true" relativePoint="TOP_LEFT" anchorPoint="TOP_LEFT" relativeTo="" anchoredX="372.0" anchoredY="31.0" useFont="false" styleName="undefined" fontName="undefined" fontColor="00000000" fontLine="EMPTY" virtual="true" alwaysZero="0" tooltipType="undefined" tooltipText="-9999" tooltipAppearanceTime="-9999" scrollBarOffsetX="-9999" scrollBarOffsetY="-9999" scrollBarOffsetHeight="-9999"/>
        <Texture file="L2UI_ct1.tab.Tab_DF_bg" alphaMask="" type="Normal" layer="Background" u="0.0" v="0.0" uSize="0.0" vSize="0.0" alpha="-9999" autoRotate="None" maskLayer="0.0" colorModify="FFFFFFFF" name="tabbkg" extendsName="undefined" alwaysOnBack="true" parentName="GMInventoryInspecotrWnd" preOrder="undefined" postOrder="undefined" anchored="true" superChild="true" relativeSize="true" absoluteSize="true" widthRate="0.0" heightRate="0.0" width="242" height="321" usePosition="true" relativePoint="TOP_LEFT" anchorPoint="TOP_LEFT" relativeTo="" anchoredX="204.0" anchoredY="31.0" useFont="false" styleName="undefined" fontName="undefined" fontColor="00000000" fontLine="EMPTY" virtual="true" alwaysZero="0" tooltipType="undefined" tooltipText="-9999" tooltipAppearanceTime="-9999" scrollBarOffsetX="-9999" scrollBarOffsetY="-9999" scrollBarOffsetHeight="-9999"/>
        <Button normalTex="L2UI_ch3.InventoryWnd.inventory_recipe" pushedTex="L2UI_ch3.InventoryWnd.inventory_recipe" highlightTex="undefined" dropTex="L2UI_ch3.InventoryWnd.inventory_recipe_drag" buttonName="-9999" buttonNameText="undefined" disableTime="-9999" disableTex="undefined" name="CrystallizeButton" extendsName="undefined" parentName="GMInventoryInspecotrWnd" preOrder="undefined" postOrder="undefined" anchored="true" superChild="true" relativeSize="true" absoluteSize="true" widthRate="0.0" heightRate="0.0" width="39" height="40" usePosition="true" relativePoint="TOP_LEFT" anchorPoint="TOP_LEFT" relativeTo="" anchoredX="205.0" anchoredY="352.0" useFont="false" styleName="undefined" fontName="undefined" fontColor="00000000" fontLine="EMPTY" alwaysZero="0" tooltipType="Text" tooltipText="891" tooltipAppearanceTime="-9999" scrollBarOffsetX="-9999" scrollBarOffsetY="-9999" scrollBarOffsetHeight="-9999"/>
        <Button normalTex="L2UI_ch3.InventoryWnd.inventory_trash" pushedTex="L2UI_ch3.InventoryWnd.inventory_trash" highlightTex="undefined" dropTex="L2UI_ch3.InventoryWnd.inventory_trash_drag" buttonName="-9999" buttonNameText="undefined" disableTime="-9999" disableTex="undefined" name="TrashButton" extendsName="undefined" parentName="GMInventoryInspecotrWnd" preOrder="undefined" postOrder="undefined" anchored="true" superChild="true" relativeSize="true" absoluteSize="true" widthRate="0.0" heightRate="0.0" width="39" height="40" usePosition="true" relativePoint="TOP_LEFT" anchorPoint="TOP_LEFT" relativeTo="" anchoredX="405.0" anchoredY="352.0" useFont="false" styleName="undefined" fontName="undefined" fontColor="00000000" fontLine="EMPTY" alwaysZero="0" tooltipType="Text" tooltipText="890" tooltipAppearanceTime="-9999" scrollBarOffsetX="-9999" scrollBarOffsetY="-9999" scrollBarOffsetHeight="-9999"/>
        <Button normalTex="L2UI_ct1.InventoryWnd.Inventory_DF_Btn_Align" pushedTex="L2UI_ct1.InventoryWnd.Inventory_DF_Btn_Align_Down" highlightTex="undefined" dropTex="undefined" buttonName="-9999" buttonNameText="undefined" disableTime="-9999" disableTex="undefined" name="SortButton" extendsName="undefined" alwaysOnTop="true" parentName="GMInventoryInspecotrWnd" preOrder="undefined" postOrder="undefined" anchored="true" superChild="true" relativeSize="true" absoluteSize="true" widthRate="0.0" heightRate="0.0" width="15" height="15" usePosition="true" relativePoint="TOP_RIGHT" anchorPoint="TOP_RIGHT" relativeTo="InventoryItem" anchoredX="0.0" anchoredY="0.0" useFont="false" styleName="undefined" fontName="undefined" fontColor="00000000" fontLine="EMPTY" alwaysZero="0" tooltipType="Text" tooltipText="1680" tooltipAppearanceTime="-9999" scrollBarOffsetX="-9999" scrollBarOffsetY="-9999" scrollBarOffsetHeight="-9999"/>
        <Texture file="L2UI_ct1.GroupBox.GroupBox_DF_Text" alphaMask="" type="Stretch" layer="Background" u="0.0" v="0.0" uSize="0.0" vSize="0.0" alpha="-9999" autoRotate="None" maskLayer="0.0" colorModify="FFFFFFFF" name="adenabk" extendsName="undefined" alwaysOnBack="true" parentName="GMInventoryInspecotrWnd" preOrder="undefined" postOrder="undefined" anchored="false" superChild="true" relativeSize="true" absoluteSize="true" widthRate="0.0" heightRate="0.0" width="110" height="18" usePosition="true" relativePoint="TOP_LEFT" anchorPoint="TOP_LEFT" relativeTo="" anchoredX="292.0" anchoredY="356.0" useFont="false" styleName="undefined" fontName="undefined" fontColor="00000000" fontLine="EMPTY" virtual="true" alwaysZero="0" tooltipType="undefined" tooltipText="-9999" tooltipAppearanceTime="-9999" scrollBarOffsetX="-9999" scrollBarOffsetY="-9999" scrollBarOffsetHeight="-9999"/>
        <TextBox text="undefined" textAlign="Right" textVAlign="Undefined" fontType="Normal" backTex="undefined" sysString="-9999" systemMsg="-9999" textColor="DCDCDCFF" autosize="true" name="AdenaText" extendsName="undefined" parentName="GMInventoryInspecotrWnd" preOrder="undefined" postOrder="undefined" anchored="false" superChild="true" relativeSize="true" absoluteSize="true" widthRate="0.0" heightRate="0.0" width="102" height="0" usePosition="true" relativePoint="TOP_LEFT" anchorPoint="TOP_LEFT" relativeTo="" anchoredX="296.0" anchoredY="359.0" useFont="false" styleName="undefined" fontName="undefined" fontColor="00000000" fontLine="EMPTY" alwaysZero="0" tooltipType="Text" tooltipText="-9999" tooltipAppearanceTime="-9999" scrollBarOffsetX="-9999" scrollBarOffsetY="-9999" scrollBarOffsetHeight="-9999"/>
        <Texture file="L2UI_ct1.Icon.Icon_DF_Common_Adena" alphaMask="" type="Normal" layer="Normal" u="0.0" v="0.0" uSize="0.0" vSize="0.0" alpha="-9999" autoRotate="None" maskLayer="0.0" colorModify="FFFFFFFF" name="AdenaIcon" extendsName="undefined" parentName="GMInventoryInspecotrWnd" preOrder="undefined" postOrder="undefined" anchored="true" superChild="true" relativeSize="true" absoluteSize="true" widthRate="0.0" heightRate="0.0" width="18" height="13" usePosition="true" relativePoint="TOP_LEFT" anchorPoint="TOP_LEFT" relativeTo="" anchoredX="271.0" anchoredY="359.0" useFont="false" styleName="undefined" fontName="undefined" fontColor="00000000" fontLine="EMPTY" alwaysZero="0" tooltipType="undefined" tooltipText="-9999" tooltipAppearanceTime="-9999" scrollBarOffsetX="-9999" scrollBarOffsetY="-9999" scrollBarOffsetHeight="-9999"/>
        <Texture file="L2UI_ct1.Icon.Icon_DF_Common_Weight" alphaMask="" type="Normal" layer="Normal" u="0.0" v="0.0" uSize="0.0" vSize="0.0" alpha="-9999" autoRotate="None" maskLayer="0.0" colorModify="FFFFFFFF" name="WeightIcon" extendsName="undefined" parentName="GMInventoryInspecotrWnd" preOrder="undefined" postOrder="undefined" anchored="true" superChild="true" relativeSize="true" absoluteSize="true" widthRate="0.0" heightRate="0.0" width="18" height="13" usePosition="true" relativePoint="TOP_LEFT" anchorPoint="TOP_LEFT" relativeTo="" anchoredX="272.0" anchoredY="376.0" useFont="false" styleName="undefined" fontName="undefined" fontColor="00000000" fontLine="EMPTY" alwaysZero="0" tooltipType="undefined" tooltipText="-9999" tooltipAppearanceTime="-9999" scrollBarOffsetX="-9999" scrollBarOffsetY="-9999" scrollBarOffsetHeight="-9999"/>
        <InvenWeight target="Player" textureWidth="4" textureHeight="13" textureStepLeft="l2ui_ct1.Gauges.Gauge_DF_Large_Weight_Left" textureStepMid="l2ui_ct1.Gauges.Gauge_DF_Large_Weight_Center" textureStepRight="l2ui_ct1.Gauges.Gauge_DF_Large_Weight_Right" textureWarnLeft="l2ui_ct1.Gauges.Gauge_DF_Large_HP_Left" textureWarnMid="l2ui_ct1.Gauges.Gauge_DF_Large_HP_Center" textureWarnRight="l2ui_ct1.Gauges.Gauge_DF_Large_HP_Right" textureAddedLeft="l2ui_ct1.Gauges.Gauge_DF_Large_MP_Left" textureAddedMid="l2ui_ct1.Gauges.Gauge_DF_Large_MP_Center" textureAddedRight="l2ui_ct1.Gauges.Gauge_DF_Large_MP_Right" textureBackLeft="l2ui_ct1.Gauges.Gauge_DF_Large_Weight_bg_Left" textureBackMid="l2ui_ct1.Gauges.Gauge_DF_Large_Weight_bg_Center" textureBackRight="l2ui_ct1.Gauges.Gauge_DF_Large_Weight_bg_Right" gaugeTexTexture="L2UI_ct1.Misc.MISC_DF_StatusNumber" fontWidth="8" fontHeight="13" name="InvenWeight" extendsName="undefined" parentName="GMInventoryInspecotrWnd" preOrder="undefined" postOrder="undefined" anchored="true" superChild="true" relativeSize="true" absoluteSize="true" widthRate="0.0" heightRate="0.0" width="110" height="13" usePosition="true" relativePoint="TOP_LEFT" anchorPoint="TOP_LEFT" relativeTo="" anchoredX="292.0" anchoredY="376.0" useFont="false" styleName="undefined" fontName="undefined" fontColor="00000000" fontLine="EMPTY" alwaysZero="0" tooltipType="undefined" tooltipText="-9999" tooltipAppearanceTime="-9999" scrollBarOffsetX="-9999" scrollBarOffsetY="-9999" scrollBarOffsetHeight="-9999"/>
    </Children>
</Window>
