<?xml version="1.0" encoding="UTF-8" standalone="yes"?>
<Window parent="undefined" backTex="L2UI_CT1.Windows.Windows_DF_Large_Bg" script="MagicskillGuidewnd" state="GamingState" frame="true" iconable="false" stuckable="true" hidden="true" savePosition="true" title="2070" frameSize="Big" frameDirection="Top" exitbutton="true" movable="true" resizeFrameDirection="None" resizeFrameX="-9999.0" resizeFrameY="-9999.0" resizeFrameWidth="-9999.0" resizeFrameHeight="-9999.0" resizeMaxIncrease="0" drawerDirection="None" offsetX="0" offsetY="0" ownerWindow="" showAnimType="None" hideAnimType="None" showAnimDirection="None" showAnimSeconds="0.0" hideAnimDirection="None" hideAnimSeconds="0.0" iconName="undefined" tooltipIdx="-9999" workingConfiguration="Game" leftTextureName="undefined" midTextureName="undefined" rightTextureName="undefined" minimizeBtnTextureNormal="undefined" minimizeBtnTexturePushed="undefined" closeBtnTextureNormal="undefined" closeBtnTexturePushed="undefined" leftBackTextureWidth="-9999" midBackTextureWidth="-9999" showInArena="true" name="MagicskillGuidewnd" extendsName="undefined" parentName="" preOrder="undefined" postOrder="undefined" anchored="false" superChild="true" relativeSize="true" absoluteSize="true" widthRate="0.0" heightRate="0.0" width="434" height="358" usePosition="true" relativePoint="CENTER" anchorPoint="CENTER" relativeTo="" anchoredX="0.0" anchoredY="0.0" useFont="false" styleName="undefined" fontName="undefined" fontColor="00000000" fontLine="EMPTY" alwaysZero="0" tooltipType="undefined" tooltipText="-9999" tooltipAppearanceTime="-9999" scrollBarOffsetX="-9999" scrollBarOffsetY="-9999" scrollBarOffsetHeight="-9999">
    <State stateName="ArenaGamingState"/>
    <State stateName="ArenaBattleState"/>
    <Children>
        <TextBox text="undefined" textAlign="Undefined" textVAlign="Undefined" fontType="Normal" backTex="undefined" sysString="562" systemMsg="-9999" textColor="DCDCDCFF" autosize="true" name="title_01" extendsName="undefined" parentName="MagicskillGuidewnd" preOrder="undefined" postOrder="undefined" anchored="false" superChild="true" relativeSize="true" absoluteSize="true" widthRate="0.0" heightRate="0.0" width="65" height="13" usePosition="true" relativePoint="TOP_LEFT" anchorPoint="TOP_LEFT" relativeTo="" anchoredX="12.0" anchoredY="36.0" useFont="false" styleName="undefined" fontName="undefined" fontColor="00000000" fontLine="EMPTY" alwaysZero="0" tooltipType="undefined" tooltipText="-9999" tooltipAppearanceTime="-9999" scrollBarOffsetX="-9999" scrollBarOffsetY="-9999" scrollBarOffsetHeight="-9999"/>
        <TextBox text="undefined" textAlign="Undefined" textVAlign="Undefined" fontType="Normal" backTex="undefined" sysString="57" systemMsg="-9999" textColor="DCDCDCFF" autosize="true" name="title_02" extendsName="undefined" parentName="MagicskillGuidewnd" preOrder="undefined" postOrder="undefined" anchored="false" superChild="true" relativeSize="true" absoluteSize="true" widthRate="0.0" heightRate="0.0" width="65" height="13" usePosition="true" relativePoint="TOP_LEFT" anchorPoint="TOP_LEFT" relativeTo="" anchoredX="198.0" anchoredY="36.0" useFont="false" styleName="undefined" fontName="undefined" fontColor="00000000" fontLine="EMPTY" alwaysZero="0" tooltipType="undefined" tooltipText="-9999" tooltipAppearanceTime="-9999" scrollBarOffsetX="-9999" scrollBarOffsetY="-9999" scrollBarOffsetHeight="-9999"/>
        <HtmlCtrl viewType="" name="HtmlViewer_02" extendsName="undefined" parentName="MagicskillGuidewnd" preOrder="undefined" postOrder="undefined" anchored="false" superChild="true" relativeSize="true" absoluteSize="true" widthRate="0.0" heightRate="0.0" width="230" height="294" usePosition="true" relativePoint="TOP_LEFT" anchorPoint="TOP_LEFT" relativeTo="" anchoredX="196.0" anchoredY="55.0" useFont="false" styleName="undefined" fontName="undefined" fontColor="00000000" fontLine="EMPTY" alwaysZero="0" tooltipType="undefined" tooltipText="-9999" tooltipAppearanceTime="-9999" scrollBarOffsetX="-9999" scrollBarOffsetY="-9999" scrollBarOffsetHeight="-9999"/>
        <Texture file="L2UI_CT1.GroupBox.GroupBox_DF" alphaMask="" type="Stretch" layer="Background" u="0.0" v="0.0" uSize="0.0" vSize="0.0" alpha="-9999" autoRotate="None" maskLayer="0.0" colorModify="FFFFFFFF" name="GroupBox_01" extendsName="undefined" alwaysOnBack="true" parentName="MagicskillGuidewnd" preOrder="undefined" postOrder="undefined" anchored="false" superChild="true" relativeSize="true" absoluteSize="true" widthRate="0.0" heightRate="0.0" width="179" height="300" usePosition="true" relativePoint="TOP_LEFT" anchorPoint="TOP_LEFT" relativeTo="" anchoredX="6.0" anchoredY="51.0" useFont="false" styleName="undefined" fontName="undefined" fontColor="00000000" fontLine="EMPTY" virtual="true" alwaysZero="0" tooltipType="undefined" tooltipText="-9999" tooltipAppearanceTime="-9999" scrollBarOffsetX="-9999" scrollBarOffsetY="-9999" scrollBarOffsetHeight="-9999"/>
        <Texture file="L2UI_CT1.GroupBox.GroupBox_DF" alphaMask="" type="Stretch" layer="Background" u="0.0" v="0.0" uSize="0.0" vSize="0.0" alpha="-9999" autoRotate="None" maskLayer="0.0" colorModify="FFFFFFFF" name="GroupBox_02" extendsName="undefined" alwaysOnBack="true" parentName="MagicskillGuidewnd" preOrder="undefined" postOrder="undefined" anchored="false" superChild="true" relativeSize="true" absoluteSize="true" widthRate="0.0" heightRate="0.0" width="236" height="300" usePosition="true" relativePoint="TOP_LEFT" anchorPoint="TOP_LEFT" relativeTo="" anchoredX="192.0" anchoredY="51.0" useFont="false" styleName="undefined" fontName="undefined" fontColor="00000000" fontLine="EMPTY" virtual="true" alwaysZero="0" tooltipType="undefined" tooltipText="-9999" tooltipAppearanceTime="-9999" scrollBarOffsetX="-9999" scrollBarOffsetY="-9999" scrollBarOffsetHeight="-9999"/>
        <Button normalTex="L2UI_CT1.Misc_DF_LinkLine" pushedTex="L2UI_CT1.Misc_DF_LinkLine" highlightTex="undefined" dropTex="undefined" buttonName="-9999" buttonNameText="undefined" disableTime="-9999" disableTex="undefined" name="Btn_01" extendsName="undefined" alwaysOnTop="true" parentName="MagicskillGuidewnd" preOrder="undefined" postOrder="undefined" anchored="true" superChild="true" relativeSize="true" absoluteSize="true" widthRate="0.0" heightRate="0.0" width="53" height="14" usePosition="true" relativePoint="TOP_LEFT" anchorPoint="TOP_LEFT" relativeTo="BtnText_01" anchoredX="0.0" anchoredY="0.0" useFont="false" styleName="undefined" fontName="undefined" fontColor="00000000" fontLine="EMPTY" alwaysZero="0" tooltipType="undefined" tooltipText="-9999" tooltipAppearanceTime="-9999" scrollBarOffsetX="-9999" scrollBarOffsetY="-9999" scrollBarOffsetHeight="-9999"/>
        <Button normalTex="L2UI_CT1.Misc_DF_LinkLine" pushedTex="L2UI_CT1.Misc_DF_LinkLine" highlightTex="undefined" dropTex="undefined" buttonName="-9999" buttonNameText="undefined" disableTime="-9999" disableTex="undefined" name="Btn_02" extendsName="undefined" alwaysOnTop="true" parentName="MagicskillGuidewnd" preOrder="undefined" postOrder="undefined" anchored="true" superChild="true" relativeSize="true" absoluteSize="true" widthRate="0.0" heightRate="0.0" width="106" height="14" usePosition="true" relativePoint="TOP_LEFT" anchorPoint="TOP_LEFT" relativeTo="BtnText_02" anchoredX="0.0" anchoredY="0.0" useFont="false" styleName="undefined" fontName="undefined" fontColor="00000000" fontLine="EMPTY" alwaysZero="0" tooltipType="undefined" tooltipText="-9999" tooltipAppearanceTime="-9999" scrollBarOffsetX="-9999" scrollBarOffsetY="-9999" scrollBarOffsetHeight="-9999"/>
        <Button normalTex="L2UI_CT1.Misc_DF_LinkLine" pushedTex="L2UI_CT1.Misc_DF_LinkLine" highlightTex="undefined" dropTex="undefined" buttonName="-9999" buttonNameText="undefined" disableTime="-9999" disableTex="undefined" name="Btn_03" extendsName="undefined" alwaysOnTop="true" parentName="MagicskillGuidewnd" preOrder="undefined" postOrder="undefined" anchored="true" superChild="true" relativeSize="true" absoluteSize="true" widthRate="0.0" heightRate="0.0" width="108" height="14" usePosition="true" relativePoint="TOP_LEFT" anchorPoint="TOP_LEFT" relativeTo="BtnText_03" anchoredX="0.0" anchoredY="0.0" useFont="false" styleName="undefined" fontName="undefined" fontColor="00000000" fontLine="EMPTY" alwaysZero="0" tooltipType="undefined" tooltipText="-9999" tooltipAppearanceTime="-9999" scrollBarOffsetX="-9999" scrollBarOffsetY="-9999" scrollBarOffsetHeight="-9999"/>
        <Button normalTex="L2UI_CT1.Misc_DF_LinkLine" pushedTex="L2UI_CT1.Misc_DF_LinkLine" highlightTex="undefined" dropTex="undefined" buttonName="-9999" buttonNameText="undefined" disableTime="-9999" disableTex="undefined" name="Btn_04" extendsName="undefined" alwaysOnTop="true" parentName="MagicskillGuidewnd" preOrder="undefined" postOrder="undefined" anchored="true" superChild="true" relativeSize="true" absoluteSize="true" widthRate="0.0" heightRate="0.0" width="134" height="14" usePosition="true" relativePoint="TOP_LEFT" anchorPoint="TOP_LEFT" relativeTo="BtnText_04" anchoredX="0.0" anchoredY="0.0" useFont="false" styleName="undefined" fontName="undefined" fontColor="00000000" fontLine="EMPTY" alwaysZero="0" tooltipType="undefined" tooltipText="-9999" tooltipAppearanceTime="-9999" scrollBarOffsetX="-9999" scrollBarOffsetY="-9999" scrollBarOffsetHeight="-9999"/>
        <TextBox text="" textAlign="Undefined" textVAlign="Undefined" fontType="Normal" backTex="undefined" sysString="-9999" systemMsg="-9999" textColor="DCDCDCFF" autosize="true" name="BtnText_01" extendsName="undefined" parentName="MagicskillGuidewnd" preOrder="undefined" postOrder="undefined" anchored="false" superChild="true" relativeSize="true" absoluteSize="true" widthRate="0.0" heightRate="0.0" width="172" height="14" usePosition="true" relativePoint="TOP_LEFT" anchorPoint="TOP_LEFT" relativeTo="" anchoredX="10.0" anchoredY="55.0" useFont="true" styleName="" fontName="" fontColor="6699FFFF" fontLine="EMPTY" alwaysZero="0" tooltipType="undefined" tooltipText="-9999" tooltipAppearanceTime="-9999" scrollBarOffsetX="-9999" scrollBarOffsetY="-9999" scrollBarOffsetHeight="-9999"/>
        <TextBox text="" textAlign="Undefined" textVAlign="Undefined" fontType="Normal" backTex="undefined" sysString="-9999" systemMsg="-9999" textColor="DCDCDCFF" autosize="true" name="BtnText_02" extendsName="undefined" parentName="MagicskillGuidewnd" preOrder="undefined" postOrder="undefined" anchored="false" superChild="true" relativeSize="true" absoluteSize="true" widthRate="0.0" heightRate="0.0" width="172" height="14" usePosition="true" relativePoint="TOP_LEFT" anchorPoint="TOP_LEFT" relativeTo="" anchoredX="10.0" anchoredY="84.0" useFont="true" styleName="" fontName="" fontColor="6699FFFF" fontLine="EMPTY" alwaysZero="0" tooltipType="undefined" tooltipText="-9999" tooltipAppearanceTime="-9999" scrollBarOffsetX="-9999" scrollBarOffsetY="-9999" scrollBarOffsetHeight="-9999"/>
        <TextBox text="" textAlign="Undefined" textVAlign="Undefined" fontType="Normal" backTex="undefined" sysString="-9999" systemMsg="-9999" textColor="DCDCDCFF" autosize="true" name="BtnText_03" extendsName="undefined" parentName="MagicskillGuidewnd" preOrder="undefined" postOrder="undefined" anchored="false" superChild="true" relativeSize="true" absoluteSize="true" widthRate="0.0" heightRate="0.0" width="172" height="14" usePosition="true" relativePoint="TOP_LEFT" anchorPoint="TOP_LEFT" relativeTo="" anchoredX="10.0" anchoredY="113.0" useFont="true" styleName="" fontName="" fontColor="6699FFFF" fontLine="EMPTY" alwaysZero="0" tooltipType="undefined" tooltipText="-9999" tooltipAppearanceTime="-9999" scrollBarOffsetX="-9999" scrollBarOffsetY="-9999" scrollBarOffsetHeight="-9999"/>
        <TextBox text="" textAlign="Undefined" textVAlign="Undefined" fontType="Normal" backTex="undefined" sysString="-9999" systemMsg="-9999" textColor="DCDCDCFF" autosize="true" name="BtnText_04" extendsName="undefined" parentName="MagicskillGuidewnd" preOrder="undefined" postOrder="undefined" anchored="false" superChild="true" relativeSize="true" absoluteSize="true" widthRate="0.0" heightRate="0.0" width="172" height="14" usePosition="true" relativePoint="TOP_LEFT" anchorPoint="TOP_LEFT" relativeTo="" anchoredX="10.0" anchoredY="142.0" useFont="true" styleName="" fontName="" fontColor="6699FFFF" fontLine="EMPTY" alwaysZero="0" tooltipType="undefined" tooltipText="-9999" tooltipAppearanceTime="-9999" scrollBarOffsetX="-9999" scrollBarOffsetY="-9999" scrollBarOffsetHeight="-9999"/>
    </Children>
</Window>
