<?xml version="1.0" encoding="UTF-8" standalone="yes"?>
<Window parent="undefined" backTex="L2UI_CT1.Windows.Windows_DF_Large_Bg" script="ManorInfoWnd" state="GamingState" frame="true" hidden="true" savePosition="true" title="738" frameSize="Big" frameDirection="Top" exitbutton="true" movable="true" resizeFrameDirection="None" resizeFrameX="-9999.0" resizeFrameY="-9999.0" resizeFrameWidth="-9999.0" resizeFrameHeight="-9999.0" resizeMaxIncrease="0" drawerDirection="None" offsetX="0" offsetY="0" ownerWindow="" showAnimType="None" hideAnimType="None" showAnimDirection="None" showAnimSeconds="0.0" hideAnimDirection="None" hideAnimSeconds="0.0" iconName="undefined" tooltipIdx="-9999" workingConfiguration="Game" leftTextureName="undefined" midTextureName="undefined" rightTextureName="undefined" minimizeBtnTextureNormal="undefined" minimizeBtnTexturePushed="undefined" closeBtnTextureNormal="undefined" closeBtnTexturePushed="undefined" leftBackTextureWidth="-9999" midBackTextureWidth="-9999" name="ManorInfoWnd" extendsName="undefined" parentName="" preOrder="undefined" postOrder="undefined" anchored="false" superChild="true" relativeSize="true" absoluteSize="true" widthRate="0.0" heightRate="0.0" width="599" height="334" usePosition="true" relativePoint="CENTER" anchorPoint="CENTER" relativeTo="" anchoredX="0.0" anchoredY="0.0" useFont="false" styleName="undefined" fontName="undefined" fontColor="00000000" fontLine="EMPTY" alwaysZero="0" tooltipType="undefined" tooltipText="-9999" tooltipAppearanceTime="-9999" scrollBarOffsetX="-9999" scrollBarOffsetY="-9999" scrollBarOffsetHeight="-9999">
    <Children>
        <Tab name="ManorInfoTabCtrl" extendsName="undefined" parentName="ManorInfoWnd" preOrder="undefined" postOrder="undefined" anchored="true" superChild="true" relativeSize="true" absoluteSize="true" widthRate="0.0" heightRate="0.0" width="267" height="23" usePosition="true" relativePoint="TOP_LEFT" anchorPoint="TOP_LEFT" relativeTo="" anchoredX="8.0" anchoredY="31.0" useFont="false" styleName="undefined" fontName="undefined" fontColor="00000000" fontLine="EMPTY" alwaysZero="0" tooltipType="undefined" tooltipText="-9999" tooltipAppearanceTime="-9999" scrollBarOffsetX="-9999" scrollBarOffsetY="-9999" scrollBarOffsetHeight="-9999">
            <TabElement buttonName="1113" buttonNameText="undefined" nameOffsetX="0" nameOffsetY="0" target="SeedInfoWnd" width="89" height="23" normalTex="L2UI_CT1.tab.Tab_DF_Tab_Unselected" pushedTex="L2UI_CT1.tab.Tab_DF_Tab_Selected" movable="false" gap="0" tooltip="-1" blinkTextureName=""/>
            <TabElement buttonName="1114" buttonNameText="undefined" nameOffsetX="0" nameOffsetY="0" target="CropInfoWnd" width="89" height="23" normalTex="L2UI_CT1.tab.Tab_DF_Tab_Unselected" pushedTex="L2UI_CT1.tab.Tab_DF_Tab_Selected" movable="false" gap="0" tooltip="-1" blinkTextureName=""/>
            <TabElement buttonName="1115" buttonNameText="undefined" nameOffsetX="0" nameOffsetY="0" target="DefaultInfoWnd" width="89" height="23" normalTex="L2UI_CT1.tab.Tab_DF_Tab_Unselected" pushedTex="L2UI_CT1.tab.Tab_DF_Tab_Selected" movable="false" gap="0" tooltip="-1" blinkTextureName=""/>
        </Tab>
        <Texture file="L2UI_CT1.tab.Tab_DF_bg" alphaMask="" type="Stretch" layer="Background" u="0.0" v="0.0" uSize="0.0" vSize="0.0" alpha="-9999" autoRotate="None" maskLayer="0.0" colorModify="FFFFFFFF" name="tabBg" extendsName="undefined" alwaysOnBack="true" parentName="ManorInfoWnd" preOrder="undefined" postOrder="undefined" anchored="false" superChild="true" relativeSize="true" absoluteSize="true" widthRate="0.0" heightRate="0.0" width="599" height="301" usePosition="true" relativePoint="TOP_LEFT" anchorPoint="TOP_LEFT" relativeTo="" anchoredX="0.0" anchoredY="31.0" useFont="false" styleName="undefined" fontName="undefined" fontColor="00000000" fontLine="EMPTY" alwaysZero="0" tooltipType="undefined" tooltipText="-9999" tooltipAppearanceTime="-9999" scrollBarOffsetX="-9999" scrollBarOffsetY="-9999" scrollBarOffsetHeight="-9999"/>
        <Texture file="L2UI_CT1.tab.Tab_DF_Bg_line" alphaMask="" type="Normal" layer="Background" u="0.0" v="0.0" uSize="0.0" vSize="0.0" alpha="-9999" autoRotate="None" maskLayer="0.0" colorModify="FFFFFFFF" name="texManorInfoTab_Line" extendsName="undefined" alwaysOnBack="true" parentName="ManorInfoWnd" preOrder="undefined" postOrder="undefined" anchored="true" superChild="true" relativeSize="true" absoluteSize="true" widthRate="0.0" heightRate="0.0" width="319" height="23" usePosition="true" relativePoint="TOP_LEFT" anchorPoint="TOP_LEFT" relativeTo="" anchoredX="275.0" anchoredY="31.0" useFont="false" styleName="undefined" fontName="undefined" fontColor="00000000" fontLine="EMPTY" virtual="true" alwaysZero="0" tooltipType="undefined" tooltipText="-9999" tooltipAppearanceTime="-9999" scrollBarOffsetX="-9999" scrollBarOffsetY="-9999" scrollBarOffsetHeight="-9999"/>
    </Children>
</Window>
