<?xml version="1.0" encoding="UTF-8" standalone="yes"?>
<Window parent="undefined" backTex="L2UI_CT1.Windows.Windows_DF_Drawer_Bg" script="MovieCaptureWnd" state="GamingState" hidden="true" alwaysFullAlpha="true" title="-9999" frameSize="Big" frameDirection="Top" exitbutton="true" movable="true" draggable="true" resizeFrameDirection="None" resizeFrameX="-9999.0" resizeFrameY="-9999.0" resizeFrameWidth="-9999.0" resizeFrameHeight="-9999.0" resizeMaxIncrease="0" drawerDirection="None" offsetX="0" offsetY="0" ownerWindow="" showAnimType="None" hideAnimType="None" showAnimDirection="None" showAnimSeconds="0.0" hideAnimDirection="None" hideAnimSeconds="0.0" iconName="undefined" tooltipIdx="-9999" workingConfiguration="Game" leftTextureName="undefined" midTextureName="undefined" rightTextureName="undefined" minimizeBtnTextureNormal="undefined" minimizeBtnTexturePushed="undefined" closeBtnTextureNormal="undefined" closeBtnTexturePushed="undefined" leftBackTextureWidth="-9999" midBackTextureWidth="-9999" showInArena="true" name="MovieCaptureWnd" extendsName="undefined" parentName="" preOrder="undefined" postOrder="undefined" anchored="false" superChild="true" relativeSize="true" absoluteSize="true" widthRate="0.0" heightRate="0.0" width="148" height="110" usePosition="true" relativePoint="BOTTOM_RIGHT" anchorPoint="BOTTOM_RIGHT" relativeTo="" anchoredX="-10.0" anchoredY="-101.0" useFont="false" styleName="undefined" fontName="undefined" fontColor="00000000" fontLine="EMPTY" alwaysZero="0" tooltipType="undefined" tooltipText="-9999" tooltipAppearanceTime="-9999" scrollBarOffsetX="-9999" scrollBarOffsetY="-9999" scrollBarOffsetHeight="-9999">
    <State stateName="ArenaGamingState"/>
    <State stateName="ArenaPickState"/>
    <State stateName="ArenaBattleState"/>
    <Children>
        <ComboBox name="ComboBox1" extendsName="undefined" parentName="MovieCaptureWnd" preOrder="undefined" postOrder="undefined" anchored="false" superChild="true" relativeSize="true" absoluteSize="true" widthRate="0.0" heightRate="0.0" width="131" height="19" usePosition="true" relativePoint="TOP_LEFT" anchorPoint="TOP_LEFT" relativeTo="" anchoredX="8.0" anchoredY="82.0" useFont="false" styleName="undefined" fontName="undefined" fontColor="00000000" fontLine="EMPTY" alwaysZero="0" tooltipType="undefined" tooltipText="-9999" tooltipAppearanceTime="-9999" scrollBarOffsetX="-9999" scrollBarOffsetY="-9999" scrollBarOffsetHeight="-9999"/>
        <TextBox text="undefined" textAlign="Left" textVAlign="Undefined" fontType="Normal" backTex="undefined" sysString="2448" systemMsg="-9999" textColor="DCDCDCFF" autosize="true" name="MovieCaptureText" extendsName="undefined" parentName="MovieCaptureWnd" preOrder="undefined" postOrder="undefined" anchored="true" superChild="true" relativeSize="true" absoluteSize="true" widthRate="0.0" heightRate="0.0" width="95" height="15" usePosition="true" relativePoint="TOP_LEFT" anchorPoint="TOP_LEFT" relativeTo="" anchoredX="8.0" anchoredY="9.0" useFont="false" styleName="undefined" fontName="undefined" fontColor="00000000" fontLine="EMPTY" alwaysZero="0" tooltipType="undefined" tooltipText="-9999" tooltipAppearanceTime="-9999" scrollBarOffsetX="-9999" scrollBarOffsetY="-9999" scrollBarOffsetHeight="-9999"/>
        <Button normalTex="L2UI_CT1.Frames_DF_Btn_Close" pushedTex="L2UI_CT1.Frames_DF_Btn_Close_down" highlightTex="undefined" dropTex="undefined" buttonName="-9999" buttonNameText="undefined" disableTime="-9999" disableTex="undefined" name="CloseButton" extendsName="undefined" parentName="MovieCaptureWnd" preOrder="undefined" postOrder="undefined" anchored="true" superChild="true" relativeSize="true" absoluteSize="true" widthRate="0.0" heightRate="0.0" width="15" height="15" usePosition="true" relativePoint="TOP_RIGHT" anchorPoint="TOP_RIGHT" relativeTo="" anchoredX="-8.0" anchoredY="8.0" useFont="false" styleName="undefined" fontName="undefined" fontColor="00000000" fontLine="EMPTY" alwaysZero="0" tooltipType="undefined" tooltipText="-9999" tooltipAppearanceTime="-9999" scrollBarOffsetX="-9999" scrollBarOffsetY="-9999" scrollBarOffsetHeight="-9999"/>
        <Button normalTex="l2UI_CT1.Button_DF" pushedTex="l2UI_CT1.Button_DF_Click" highlightTex="undefined" dropTex="undefined" buttonName="2449" buttonNameText="undefined" disableTime="-9999" disableTex="undefined" name="aBtn" extendsName="undefined" parentName="MovieCaptureWnd" preOrder="undefined" postOrder="undefined" anchored="true" superChild="true" relativeSize="true" absoluteSize="true" widthRate="0.0" heightRate="0.0" width="97" height="27" usePosition="true" relativePoint="TOP_LEFT" anchorPoint="TOP_LEFT" relativeTo="MovieCaptureWnd" anchoredX="12.0" anchoredY="30.0" useFont="false" styleName="undefined" fontName="undefined" fontColor="00000000" fontLine="EMPTY" alwaysZero="0" tooltipType="undefined" tooltipText="-9999" tooltipAppearanceTime="-9999" scrollBarOffsetX="-9999" scrollBarOffsetY="-9999" scrollBarOffsetHeight="-9999"/>
        <Button normalTex="l2UI_CT1.MovieCaptureWnd_DF_FolderBtn" pushedTex="l2UI_CT1.MovieCaptureWnd_DF_FolderBtn_down" highlightTex="undefined" dropTex="undefined" buttonName="-9999" buttonNameText="undefined" disableTime="-9999" disableTex="undefined" name="bBtn" extendsName="undefined" parentName="MovieCaptureWnd" preOrder="undefined" postOrder="undefined" anchored="true" superChild="true" relativeSize="true" absoluteSize="true" widthRate="0.0" heightRate="0.0" width="28" height="27" usePosition="true" relativePoint="TOP_RIGHT" anchorPoint="TOP_RIGHT" relativeTo="MovieCaptureWnd" anchoredX="-10.0" anchoredY="31.0" useFont="false" styleName="undefined" fontName="undefined" fontColor="00000000" fontLine="EMPTY" alwaysZero="0" tooltipType="Text" tooltipText="2456" tooltipAppearanceTime="-9999" scrollBarOffsetX="-9999" scrollBarOffsetY="-9999" scrollBarOffsetHeight="-9999"/>
        <TextBox text="undefined" textAlign="Left" textVAlign="Undefined" fontType="Normal" backTex="undefined" sysString="2451" systemMsg="-9999" textColor="AAAAAAFF" autosize="true" name="MovieResolutionText" extendsName="undefined" parentName="MovieCaptureWnd" preOrder="undefined" postOrder="undefined" anchored="true" superChild="true" relativeSize="true" absoluteSize="true" widthRate="0.0" heightRate="0.0" width="95" height="15" usePosition="true" relativePoint="TOP_LEFT" anchorPoint="TOP_LEFT" relativeTo="" anchoredX="8.0" anchoredY="67.0" useFont="false" styleName="undefined" fontName="undefined" fontColor="00000000" fontLine="EMPTY" alwaysZero="0" tooltipType="undefined" tooltipText="-9999" tooltipAppearanceTime="-9999" scrollBarOffsetX="-9999" scrollBarOffsetY="-9999" scrollBarOffsetHeight="-9999"/>
        <Texture file="L2UI_ct1.GroupBox_DF_DrawerWnd" alphaMask="" type="Stretch" layer="Background" u="0.0" v="0.0" uSize="0.0" vSize="0.0" alpha="-9999" autoRotate="None" maskLayer="0.0" colorModify="FFFFFFFF" name="GroupBox" extendsName="undefined" parentName="MovieCaptureWnd" preOrder="undefined" postOrder="undefined" anchored="false" superChild="true" relativeSize="true" absoluteSize="true" widthRate="0.0" heightRate="0.0" width="132" height="36" usePosition="true" relativePoint="TOP_LEFT" anchorPoint="TOP_LEFT" relativeTo="" anchoredX="8.0" anchoredY="26.0" useFont="false" styleName="undefined" fontName="undefined" fontColor="00000000" fontLine="EMPTY" virtual="true" alwaysZero="0" tooltipType="undefined" tooltipText="-9999" tooltipAppearanceTime="-9999" scrollBarOffsetX="-9999" scrollBarOffsetY="-9999" scrollBarOffsetHeight="-9999"/>
    </Children>
</Window>
