<?xml version="1.0" encoding="UTF-8" standalone="yes"?>
<Window parent="undefined" backTex="undefined" script="undefined" state="GamingState" frame="false" hidden="true" alwaysFullAlpha="true" title="-9999" frameSize="None" frameDirection="None" resizeFrameDirection="None" resizeFrameX="-9999.0" resizeFrameY="-9999.0" resizeFrameWidth="-9999.0" resizeFrameHeight="-9999.0" resizeMaxIncrease="0" drawerDirection="None" offsetX="0" offsetY="0" ownerWindow="" showAnimType="None" hideAnimType="None" showAnimDirection="None" showAnimSeconds="0.0" hideAnimDirection="None" hideAnimSeconds="0.0" iconName="undefined" tooltipIdx="-9999" workingConfiguration="Game" leftTextureName="undefined" midTextureName="undefined" rightTextureName="undefined" minimizeBtnTextureNormal="undefined" minimizeBtnTexturePushed="undefined" closeBtnTextureNormal="undefined" closeBtnTexturePushed="undefined" leftBackTextureWidth="-9999" midBackTextureWidth="-9999" showInArena="true" name="OnScreenMessageWnd6" extendsName="undefined" parentName="" preOrder="undefined" postOrder="undefined" anchored="true" superChild="true" relativeSize="true" absoluteSize="true" widthRate="0.0" heightRate="0.0" width="800" height="60" usePosition="true" relativePoint="CENTER_RIGHT" anchorPoint="CENTER_RIGHT" relativeTo="" anchoredX="-29.0" anchoredY="0.0" useFont="false" styleName="undefined" fontName="undefined" fontColor="00000000" fontLine="EMPTY" virtual="true" alwaysZero="0" tooltipType="undefined" tooltipText="-9999" tooltipAppearanceTime="-9999" scrollBarOffsetX="-9999" scrollBarOffsetY="-9999" scrollBarOffsetHeight="-9999">
    <State stateName="SpecialCameraState"/>
    <State stateName="OlympiadObserverState"/>
    <State stateName="ArenaGamingState"/>
    <State stateName="ArenaBattleState"/>
    <Children>
        <TextBox text="undefined" textAlign="Right" textVAlign="Undefined" fontType="Normal" backTex="undefined" sysString="-9999" systemMsg="-9999" textColor="DCDCDCFF" autosize="true" name="TextBox6" extendsName="undefined" parentName="OnScreenMessageWnd6" preOrder="undefined" postOrder="undefined" anchored="true" superChild="true" relativeSize="true" absoluteSize="true" widthRate="0.0" heightRate="0.0" width="800" height="30" usePosition="true" relativePoint="TOP_RIGHT" anchorPoint="TOP_RIGHT" relativeTo="" anchoredX="0.0" anchoredY="0.0" useFont="true" styleName="" fontName="ScreenMessageLarge" fontColor="00000000" fontLine="EMPTY" virtual="true" alwaysZero="0" tooltipType="undefined" tooltipText="-9999" tooltipAppearanceTime="-9999" scrollBarOffsetX="-9999" scrollBarOffsetY="-9999" scrollBarOffsetHeight="-9999"/>
        <TextBox text="undefined" textAlign="Right" textVAlign="Undefined" fontType="Normal" backTex="undefined" sysString="-9999" systemMsg="-9999" textColor="DCDCDCFF" autosize="true" name="TextBox6-1" extendsName="undefined" parentName="OnScreenMessageWnd6" preOrder="undefined" postOrder="undefined" anchored="true" superChild="true" relativeSize="true" absoluteSize="true" widthRate="0.0" heightRate="0.0" width="800" height="30" usePosition="true" relativePoint="TOP_RIGHT" anchorPoint="TOP_RIGHT" relativeTo="" anchoredX="0.0" anchoredY="27.0" useFont="true" styleName="" fontName="ScreenMessageLarge" fontColor="00000000" fontLine="EMPTY" virtual="true" alwaysZero="0" tooltipType="undefined" tooltipText="-9999" tooltipAppearanceTime="-9999" scrollBarOffsetX="-9999" scrollBarOffsetY="-9999" scrollBarOffsetHeight="-9999"/>
        <TextBox text="undefined" textAlign="Right" textVAlign="Undefined" fontType="Normal" backTex="undefined" sysString="-9999" systemMsg="-9999" textColor="DCDCDCFF" autosize="true" name="TextBox6-2" extendsName="undefined" parentName="OnScreenMessageWnd6" preOrder="undefined" postOrder="undefined" anchored="true" superChild="true" relativeSize="true" absoluteSize="true" widthRate="0.0" heightRate="0.0" width="800" height="30" usePosition="true" relativePoint="TOP_RIGHT" anchorPoint="TOP_RIGHT" relativeTo="" anchoredX="0.0" anchoredY="54.0" useFont="true" styleName="" fontName="ScreenMessageLarge" fontColor="00000000" fontLine="EMPTY" virtual="true" alwaysZero="0" tooltipType="undefined" tooltipText="-9999" tooltipAppearanceTime="-9999" scrollBarOffsetX="-9999" scrollBarOffsetY="-9999" scrollBarOffsetHeight="-9999"/>
        <TextBox text="undefined" textAlign="Right" textVAlign="Undefined" fontType="Normal" backTex="undefined" sysString="-9999" systemMsg="-9999" textColor="DCDCDCFF" autosize="true" name="TextBox6-3" extendsName="undefined" parentName="OnScreenMessageWnd6" preOrder="undefined" postOrder="undefined" anchored="true" superChild="true" relativeSize="true" absoluteSize="true" widthRate="0.0" heightRate="0.0" width="800" height="30" usePosition="true" relativePoint="TOP_RIGHT" anchorPoint="TOP_RIGHT" relativeTo="" anchoredX="0.0" anchoredY="81.0" useFont="true" styleName="" fontName="ScreenMessageLarge" fontColor="00000000" fontLine="EMPTY" virtual="true" alwaysZero="0" tooltipType="undefined" tooltipText="-9999" tooltipAppearanceTime="-9999" scrollBarOffsetX="-9999" scrollBarOffsetY="-9999" scrollBarOffsetHeight="-9999"/>
        <TextBox text="undefined" textAlign="Right" textVAlign="Undefined" fontType="Normal" backTex="undefined" sysString="-9999" systemMsg="-9999" textColor="DCDCDCFF" autosize="true" name="TextBoxsm6" extendsName="undefined" parentName="OnScreenMessageWnd6" preOrder="undefined" postOrder="undefined" anchored="true" superChild="true" relativeSize="true" absoluteSize="true" widthRate="0.0" heightRate="0.0" width="800" height="30" usePosition="true" relativePoint="CENTER_RIGHT" anchorPoint="CENTER_RIGHT" relativeTo="" anchoredX="0.0" anchoredY="0.0" useFont="true" styleName="" fontName="ScreenMessageSmall" fontColor="00000000" fontLine="EMPTY" virtual="true" alwaysZero="0" tooltipType="undefined" tooltipText="-9999" tooltipAppearanceTime="-9999" scrollBarOffsetX="-9999" scrollBarOffsetY="-9999" scrollBarOffsetHeight="-9999"/>
        <TextBox text="undefined" textAlign="Right" textVAlign="Undefined" fontType="Normal" backTex="undefined" sysString="-9999" systemMsg="-9999" textColor="DCDCDCFF" autosize="true" name="TextBoxsm6-1" extendsName="undefined" parentName="OnScreenMessageWnd6" preOrder="undefined" postOrder="undefined" anchored="true" superChild="true" relativeSize="true" absoluteSize="true" widthRate="0.0" heightRate="0.0" width="800" height="30" usePosition="true" relativePoint="CENTER_RIGHT" anchorPoint="CENTER_RIGHT" relativeTo="" anchoredX="0.0" anchoredY="20.0" useFont="true" styleName="" fontName="ScreenMessageSmall" fontColor="00000000" fontLine="EMPTY" virtual="true" alwaysZero="0" tooltipType="undefined" tooltipText="-9999" tooltipAppearanceTime="-9999" scrollBarOffsetX="-9999" scrollBarOffsetY="-9999" scrollBarOffsetHeight="-9999"/>
        <TextBox text="undefined" textAlign="Right" textVAlign="Undefined" fontType="Normal" backTex="undefined" sysString="-9999" systemMsg="-9999" textColor="DCDCDCFF" autosize="true" name="TextBoxsm6-2" extendsName="undefined" parentName="OnScreenMessageWnd6" preOrder="undefined" postOrder="undefined" anchored="true" superChild="true" relativeSize="true" absoluteSize="true" widthRate="0.0" heightRate="0.0" width="800" height="30" usePosition="true" relativePoint="CENTER_RIGHT" anchorPoint="CENTER_RIGHT" relativeTo="" anchoredX="0.0" anchoredY="40.0" useFont="true" styleName="" fontName="ScreenMessageSmall" fontColor="00000000" fontLine="EMPTY" virtual="true" alwaysZero="0" tooltipType="undefined" tooltipText="-9999" tooltipAppearanceTime="-9999" scrollBarOffsetX="-9999" scrollBarOffsetY="-9999" scrollBarOffsetHeight="-9999"/>
        <TextBox text="undefined" textAlign="Right" textVAlign="Undefined" fontType="Normal" backTex="undefined" sysString="-9999" systemMsg="-9999" textColor="DCDCDCFF" autosize="true" name="TextBoxsm6-3" extendsName="undefined" parentName="OnScreenMessageWnd6" preOrder="undefined" postOrder="undefined" anchored="true" superChild="true" relativeSize="true" absoluteSize="true" widthRate="0.0" heightRate="0.0" width="800" height="30" usePosition="true" relativePoint="CENTER_RIGHT" anchorPoint="CENTER_RIGHT" relativeTo="" anchoredX="0.0" anchoredY="60.0" useFont="true" styleName="" fontName="ScreenMessageSmall" fontColor="00000000" fontLine="EMPTY" virtual="true" alwaysZero="0" tooltipType="undefined" tooltipText="-9999" tooltipAppearanceTime="-9999" scrollBarOffsetX="-9999" scrollBarOffsetY="-9999" scrollBarOffsetHeight="-9999"/>
    </Children>
</Window>
