<?xml version="1.0" encoding="UTF-8" standalone="yes"?>
<Window parent="undefined" backTex="L2UI_CT1.Windows.Windows_DF_Large_Bg" script="PersonalConnectionsWnd" state="GamingState" frame="true" hidden="true" savePosition="true" title="2383" frameSize="Big" frameDirection="Top" exitbutton="true" movable="true" resizeFrameDirection="None" resizeFrameX="-9999.0" resizeFrameY="-9999.0" resizeFrameWidth="-9999.0" resizeFrameHeight="-9999.0" resizeMaxIncrease="0" drawerDirection="None" offsetX="0" offsetY="0" ownerWindow="" showAnimType="None" hideAnimType="None" showAnimDirection="None" showAnimSeconds="0.0" hideAnimDirection="None" hideAnimSeconds="0.0" iconName="undefined" tooltipIdx="-9999" workingConfiguration="Game" leftTextureName="undefined" midTextureName="undefined" rightTextureName="undefined" minimizeBtnTextureNormal="undefined" minimizeBtnTexturePushed="undefined" closeBtnTextureNormal="undefined" closeBtnTexturePushed="undefined" leftBackTextureWidth="-9999" midBackTextureWidth="-9999" showInArena="true" name="PersonalConnectionsWnd" extendsName="undefined" parentName="" preOrder="undefined" postOrder="undefined" anchored="false" superChild="true" relativeSize="true" absoluteSize="true" widthRate="0.0" heightRate="0.0" width="280" height="431" usePosition="true" relativePoint="CENTER_LEFT" anchorPoint="CENTER_LEFT" relativeTo="" anchoredX="53.0" anchoredY="0.0" useFont="false" styleName="undefined" fontName="undefined" fontColor="00000000" fontLine="EMPTY" alwaysZero="0" tooltipType="undefined" tooltipText="-9999" tooltipAppearanceTime="-9999" scrollBarOffsetX="-9999" scrollBarOffsetY="-9999" scrollBarOffsetHeight="-9999">
    <State stateName="ArenaGamingState"/>
    <State stateName="ArenaBattleState"/>
    <Children>
        <Tab name="ConnectionsListSelectTab" extendsName="undefined" parentName="PersonalConnectionsWnd" preOrder="undefined" postOrder="undefined" anchored="false" superChild="true" relativeSize="true" absoluteSize="true" widthRate="0.0" heightRate="0.0" width="189" height="23" usePosition="true" relativePoint="TOP_LEFT" anchorPoint="TOP_LEFT" relativeTo="" anchoredX="9.0" anchoredY="31.0" useFont="false" styleName="undefined" fontName="undefined" fontColor="00000000" fontLine="EMPTY" alwaysZero="0" tooltipType="undefined" tooltipText="-9999" tooltipAppearanceTime="-9999" scrollBarOffsetX="-9999" scrollBarOffsetY="-9999" scrollBarOffsetHeight="-9999">
            <TabElement buttonName="2273" buttonNameText="undefined" nameOffsetX="0" nameOffsetY="0" target="FriendList" width="63" height="23" normalTex="L2UI_CT1.Tab_DF_Tab_Unselected" pushedTex="L2UI_CT1.Tab_DF_Tab_Selected" movable="false" gap="0" tooltip="-1" blinkTextureName=""/>
            <TabElement buttonName="993" buttonNameText="undefined" nameOffsetX="0" nameOffsetY="0" target="BlockList" width="63" height="23" normalTex="L2UI_CT1.Tab_DF_Tab_Unselected" pushedTex="L2UI_CT1.Tab_DF_Tab_Selected" movable="false" gap="0" tooltip="-1" blinkTextureName=""/>
            <TabElement buttonName="2767" buttonNameText="undefined" nameOffsetX="0" nameOffsetY="0" target="MentoringList" width="63" height="23" normalTex="L2UI_CT1.Tab_DF_Tab_Unselected" pushedTex="L2UI_CT1.Tab_DF_Tab_Selected" movable="false" gap="0" tooltip="-1" blinkTextureName=""/>
        </Tab>
        <Texture file="L2UI_CT1.tab.tab_df_bg_line" alphaMask="" type="Stretch" layer="Normal" u="0.0" v="0.0" uSize="0.0" vSize="0.0" alpha="-9999" autoRotate="None" maskLayer="0.0" colorModify="FFFFFFFF" name="ConnectionsListSelectTabBgLine" extendsName="undefined" alwaysOnBack="true" parentName="PersonalConnectionsWnd" preOrder="undefined" postOrder="undefined" anchored="true" superChild="true" relativeSize="true" absoluteSize="true" widthRate="0.0" heightRate="0.0" width="74" height="24" usePosition="true" relativePoint="TOP_RIGHT" anchorPoint="TOP_RIGHT" relativeTo="" anchoredX="-8.0" anchoredY="31.0" useFont="false" styleName="undefined" fontName="undefined" fontColor="00000000" fontLine="EMPTY" virtual="true" alwaysZero="0" tooltipType="undefined" tooltipText="-9999" tooltipAppearanceTime="-9999" scrollBarOffsetX="-9999" scrollBarOffsetY="-9999" scrollBarOffsetHeight="-9999"/>
        <Texture file="L2UI_CT1.tab.tab_df_bg" alphaMask="" type="Stretch" layer="Background" u="0.0" v="0.0" uSize="0.0" vSize="0.0" alpha="-9999" autoRotate="None" maskLayer="0.0" colorModify="FFFFFFFF" name="TexTabBg" extendsName="undefined" parentName="PersonalConnectionsWnd" preOrder="undefined" postOrder="undefined" anchored="false" superChild="true" relativeSize="true" absoluteSize="true" widthRate="0.0" heightRate="0.0" width="276" height="338" usePosition="true" relativePoint="TOP_LEFT" anchorPoint="TOP_LEFT" relativeTo="" anchoredX="1.0" anchoredY="31.0" useFont="false" styleName="undefined" fontName="undefined" fontColor="00000000" fontLine="EMPTY" virtual="true" alwaysZero="0" tooltipType="undefined" tooltipText="-9999" tooltipAppearanceTime="-9999" scrollBarOffsetX="-9999" scrollBarOffsetY="-9999" scrollBarOffsetHeight="-9999"/>
        <TextBox text="undefined" textAlign="Left" textVAlign="Undefined" fontType="Normal" backTex="undefined" sysString="-9999" systemMsg="-9999" textColor="DCDCDCFF" autosize="true" name="ListTitle" extendsName="undefined" alwaysOnTop="true" parentName="PersonalConnectionsWnd" preOrder="undefined" postOrder="undefined" anchored="false" superChild="true" relativeSize="true" absoluteSize="true" widthRate="0.0" heightRate="0.0" width="48" height="13" usePosition="true" relativePoint="TOP_LEFT" anchorPoint="TOP_LEFT" relativeTo="" anchoredX="18.0" anchoredY="69.0" useFont="false" styleName="undefined" fontName="undefined" fontColor="00000000" fontLine="EMPTY" alwaysZero="0" tooltipType="undefined" tooltipText="-9999" tooltipAppearanceTime="-9999" scrollBarOffsetX="-9999" scrollBarOffsetY="-9999" scrollBarOffsetHeight="-9999"/>
        <TextBox text="undefined" textAlign="Left" textVAlign="Undefined" fontType="Normal" backTex="undefined" sysString="-9999" systemMsg="-9999" textColor="B09B79FF" autosize="true" name="ListCount" extendsName="undefined" alwaysOnTop="true" parentName="PersonalConnectionsWnd" preOrder="undefined" postOrder="undefined" anchored="true" superChild="true" relativeSize="true" absoluteSize="true" widthRate="0.0" heightRate="0.0" width="10" height="0" usePosition="true" relativePoint="TOP_LEFT" anchorPoint="TOP_RIGHT" relativeTo="ListTitle" anchoredX="6.0" anchoredY="0.0" useFont="false" styleName="undefined" fontName="undefined" fontColor="00000000" fontLine="EMPTY" alwaysZero="0" tooltipType="undefined" tooltipText="-9999" tooltipAppearanceTime="-9999" scrollBarOffsetX="-9999" scrollBarOffsetY="-9999" scrollBarOffsetHeight="-9999"/>
        <TextBox text="undefined" textAlign="Left" textVAlign="Undefined" fontType="Normal" backTex="undefined" sysString="2773" systemMsg="-9999" textColor="DCDCDCFF" autosize="true" name="GuideTitle" extendsName="undefined" alwaysOnTop="true" parentName="PersonalConnectionsWnd" preOrder="undefined" postOrder="undefined" anchored="false" superChild="true" relativeSize="true" absoluteSize="true" widthRate="0.0" heightRate="0.0" width="48" height="13" usePosition="true" relativePoint="TOP_LEFT" anchorPoint="TOP_LEFT" relativeTo="" anchoredX="18.0" anchoredY="209.0" useFont="false" styleName="undefined" fontName="undefined" fontColor="00000000" fontLine="EMPTY" alwaysZero="0" tooltipType="undefined" tooltipText="-9999" tooltipAppearanceTime="-9999" scrollBarOffsetX="-9999" scrollBarOffsetY="-9999" scrollBarOffsetHeight="-9999"/>
        <TextBox text="undefined" textAlign="Left" textVAlign="Undefined" fontType="Normal" backTex="undefined" sysString="2770" systemMsg="-9999" textColor="DCDCDCFF" autosize="false" name="Guide" extendsName="undefined" alwaysOnTop="true" parentName="PersonalConnectionsWnd" preOrder="undefined" postOrder="undefined" anchored="false" superChild="true" relativeSize="true" absoluteSize="true" widthRate="0.0" heightRate="0.0" width="248" height="121" usePosition="true" relativePoint="TOP_LEFT" anchorPoint="TOP_LEFT" relativeTo="" anchoredX="16.0" anchoredY="234.0" useFont="false" styleName="undefined" fontName="undefined" fontColor="00000000" fontLine="EMPTY" alwaysZero="0" tooltipType="undefined" tooltipText="-9999" tooltipAppearanceTime="-9999" scrollBarOffsetX="-9999" scrollBarOffsetY="-9999" scrollBarOffsetHeight="-9999"/>
        <Button normalTex="L2UI_CT1.PersonalConnectionsWnd_DF_ListBtn_Plus" pushedTex="L2UI_CT1.PersonalConnectionsWnd_DF_ListBtn_Plus_Down" highlightTex="undefined" dropTex="undefined" buttonName="-9999" buttonNameText="undefined" disableTime="-9999" disableTex="undefined" name="ListPlusBtn" extendsName="undefined" parentName="PersonalConnectionsWnd" preOrder="undefined" postOrder="undefined" anchored="false" superChild="true" relativeSize="true" absoluteSize="true" widthRate="0.0" heightRate="0.0" width="25" height="25" usePosition="true" relativePoint="TOP_LEFT" anchorPoint="TOP_LEFT" relativeTo="" anchoredX="218.0" anchoredY="62.0" useFont="false" styleName="undefined" fontName="undefined" fontColor="00000000" fontLine="EMPTY" alwaysZero="0" tooltipType="Text" tooltipText="654" tooltipAppearanceTime="-9999" scrollBarOffsetX="-9999" scrollBarOffsetY="-9999" scrollBarOffsetHeight="-9999"/>
        <Button normalTex="L2UI_CT1.PersonalConnectionsWnd_DF_ListBtn_Minus" pushedTex="L2UI_CT1.PersonalConnectionsWnd_DF_ListBtn_Minus_Down" highlightTex="undefined" dropTex="undefined" buttonName="-9999" buttonNameText="undefined" disableTime="-9999" disableTex="undefined" name="ListMinusBtn" extendsName="undefined" parentName="PersonalConnectionsWnd" preOrder="undefined" postOrder="undefined" anchored="false" superChild="true" relativeSize="true" absoluteSize="true" widthRate="0.0" heightRate="0.0" width="25" height="25" usePosition="true" relativePoint="TOP_LEFT" anchorPoint="TOP_LEFT" relativeTo="" anchoredX="243.0" anchoredY="62.0" useFont="false" styleName="undefined" fontName="undefined" fontColor="00000000" fontLine="EMPTY" alwaysZero="0" tooltipType="Text" tooltipText="425" tooltipAppearanceTime="-9999" scrollBarOffsetX="-9999" scrollBarOffsetY="-9999" scrollBarOffsetHeight="-9999"/>
        <Texture file="L2UI_CT1.ListCtrl.ListCtrl_DF_Decoration" alphaMask="" type="Stretch" layer="Normal" u="0.0" v="0.0" uSize="0.0" vSize="0.0" alpha="-9999" autoRotate="None" maskLayer="0.0" colorModify="FFFFFFFF" name="ListDeco" extendsName="undefined" alwaysOnTop="true" parentName="PersonalConnectionsWnd" preOrder="undefined" postOrder="undefined" anchored="false" superChild="true" relativeSize="true" absoluteSize="true" widthRate="0.0" heightRate="0.0" width="261" height="19" usePosition="true" relativePoint="TOP_LEFT" anchorPoint="TOP_LEFT" relativeTo="" anchoredX="9.0" anchoredY="89.0" useFont="false" styleName="undefined" fontName="undefined" fontColor="00000000" fontLine="EMPTY" virtual="true" alwaysZero="0" tooltipType="undefined" tooltipText="-9999" tooltipAppearanceTime="-9999" scrollBarOffsetX="-9999" scrollBarOffsetY="-9999" scrollBarOffsetHeight="-9999"/>
        <ListCtrl maxRow="1000" showRow="14" useVScroll="true" contentsHeight="18" headerHeight="19" usePageBrowser="false" useWheelForScroll="true" compareTooltip="false" name="FriendList" extendsName="undefined" parentName="PersonalConnectionsWnd" preOrder="undefined" postOrder="undefined" anchored="true" superChild="true" relativeSize="true" absoluteSize="true" widthRate="0.0" heightRate="0.0" width="259" height="272" usePosition="true" relativePoint="TOP_LEFT" anchorPoint="TOP_LEFT" relativeTo="" anchoredX="10.0" anchoredY="89.0" useFont="false" styleName="undefined" fontName="undefined" fontColor="00000000" fontLine="EMPTY" alwaysZero="0" tooltipType="ClanInfo" tooltipText="-9999" tooltipAppearanceTime="-9999" scrollBarOffsetX="-9999" scrollBarOffsetY="-9999" scrollBarOffsetHeight="-9999">
            <ListElement textStringId="50" width="131" bAscend="true" bClickEnable="true" bNumber="false"/>
            <ListElement textStringId="537" width="35" bAscend="true" bClickEnable="true" bNumber="true"/>
            <ListElement textStringId="391" width="34" bAscend="true" bClickEnable="true" bNumber="false"/>
            <ListElement textStringId="346" width="59" bAscend="true" bClickEnable="true" bNumber="false"/>
        </ListCtrl>
        <ListCtrl maxRow="1000" showRow="14" useVScroll="true" contentsHeight="18" headerHeight="19" usePageBrowser="false" useWheelForScroll="true" compareTooltip="false" name="BlockList" extendsName="undefined" parentName="PersonalConnectionsWnd" preOrder="undefined" postOrder="undefined" anchored="true" superChild="true" relativeSize="true" absoluteSize="true" widthRate="0.0" heightRate="0.0" width="259" height="272" usePosition="true" relativePoint="TOP_LEFT" anchorPoint="TOP_LEFT" relativeTo="" anchoredX="10.0" anchoredY="89.0" useFont="false" styleName="undefined" fontName="undefined" fontColor="00000000" fontLine="EMPTY" alwaysZero="0" tooltipType="undefined" tooltipText="-9999" tooltipAppearanceTime="-9999" scrollBarOffsetX="-9999" scrollBarOffsetY="-9999" scrollBarOffsetHeight="-9999">
            <ListElement textStringId="50" width="259" bAscend="true" bClickEnable="true" bNumber="false"/>
        </ListCtrl>
        <ListCtrl maxRow="1000" showRow="5" useVScroll="true" contentsHeight="18" headerHeight="19" usePageBrowser="false" useWheelForScroll="true" compareTooltip="false" name="MentoringList" extendsName="undefined" parentName="PersonalConnectionsWnd" preOrder="undefined" postOrder="undefined" anchored="true" superChild="true" relativeSize="true" absoluteSize="true" widthRate="0.0" heightRate="0.0" width="259" height="108" usePosition="true" relativePoint="TOP_LEFT" anchorPoint="TOP_LEFT" relativeTo="" anchoredX="10.0" anchoredY="89.0" useFont="false" styleName="undefined" fontName="undefined" fontColor="00000000" fontLine="EMPTY" alwaysZero="0" tooltipType="ClanInfo" tooltipText="-9999" tooltipAppearanceTime="-9999" scrollBarOffsetX="-9999" scrollBarOffsetY="-9999" scrollBarOffsetHeight="-9999">
            <ListElement textStringId="50" width="131" bAscend="true" bClickEnable="true" bNumber="false"/>
            <ListElement textStringId="537" width="35" bAscend="true" bClickEnable="true" bNumber="true"/>
            <ListElement textStringId="391" width="34" bAscend="true" bClickEnable="true" bNumber="false"/>
            <ListElement textStringId="346" width="59" bAscend="true" bClickEnable="true" bNumber="false"/>
        </ListCtrl>
        <Texture file="l2ui_ct1.groupbox_DF" alphaMask="" type="Stretch" layer="Background" u="0.0" v="0.0" uSize="0.0" vSize="0.0" alpha="-9999" autoRotate="None" maskLayer="0.0" colorModify="FFFFFFFF" name="GroupBox_FriendBlockList" extendsName="undefined" alwaysOnBack="true" parentName="PersonalConnectionsWnd" preOrder="undefined" postOrder="undefined" anchored="false" superChild="true" relativeSize="true" absoluteSize="true" widthRate="0.0" heightRate="0.0" width="263" height="304" usePosition="true" relativePoint="TOP_LEFT" anchorPoint="TOP_LEFT" relativeTo="" anchoredX="8.0" anchoredY="58.0" useFont="false" styleName="undefined" fontName="undefined" fontColor="00000000" fontLine="EMPTY" alwaysZero="0" tooltipType="undefined" tooltipText="-9999" tooltipAppearanceTime="-9999" scrollBarOffsetX="-9999" scrollBarOffsetY="-9999" scrollBarOffsetHeight="-9999"/>
        <Texture file="l2ui_ct1.groupbox_DF" alphaMask="" type="Stretch" layer="Background" u="0.0" v="0.0" uSize="0.0" vSize="0.0" alpha="-9999" autoRotate="None" maskLayer="0.0" colorModify="FFFFFFFF" name="GroupBox_MentoringList1" extendsName="undefined" alwaysOnBack="true" parentName="PersonalConnectionsWnd" preOrder="undefined" postOrder="undefined" anchored="false" superChild="true" relativeSize="true" absoluteSize="true" widthRate="0.0" heightRate="0.0" width="263" height="142" usePosition="true" relativePoint="TOP_LEFT" anchorPoint="TOP_LEFT" relativeTo="" anchoredX="8.0" anchoredY="58.0" useFont="false" styleName="undefined" fontName="undefined" fontColor="00000000" fontLine="EMPTY" alwaysZero="0" tooltipType="undefined" tooltipText="-9999" tooltipAppearanceTime="-9999" scrollBarOffsetX="-9999" scrollBarOffsetY="-9999" scrollBarOffsetHeight="-9999"/>
        <Texture file="l2ui_ct1.groupbox_DF" alphaMask="" type="Stretch" layer="Background" u="0.0" v="0.0" uSize="0.0" vSize="0.0" alpha="-9999" autoRotate="None" maskLayer="0.0" colorModify="FFFFFFFF" name="GroupBox_MentoringList2" extendsName="undefined" alwaysOnBack="true" parentName="PersonalConnectionsWnd" preOrder="undefined" postOrder="undefined" anchored="false" superChild="true" relativeSize="true" absoluteSize="true" widthRate="0.0" heightRate="0.0" width="263" height="136" usePosition="true" relativePoint="TOP_LEFT" anchorPoint="TOP_LEFT" relativeTo="" anchoredX="8.0" anchoredY="226.0" useFont="false" styleName="undefined" fontName="undefined" fontColor="00000000" fontLine="EMPTY" alwaysZero="0" tooltipType="undefined" tooltipText="-9999" tooltipAppearanceTime="-9999" scrollBarOffsetX="-9999" scrollBarOffsetY="-9999" scrollBarOffsetHeight="-9999"/>
        <Button normalTex="l2ui_ct1.Button_DF" pushedTex="l2ui_ct1.Button_DF_Click" highlightTex="undefined" dropTex="undefined" buttonName="396" buttonNameText="undefined" disableTime="-9999" disableTex="undefined" name="InvitePartyBtn" extendsName="undefined" parentName="PersonalConnectionsWnd" preOrder="undefined" postOrder="undefined" anchored="true" superChild="true" relativeSize="true" absoluteSize="true" widthRate="0.0" heightRate="0.0" width="89" height="27" usePosition="true" relativePoint="BOTTOM_LEFT" anchorPoint="BOTTOM_LEFT" relativeTo="" anchoredX="5.0" anchoredY="-33.0" useFont="false" styleName="undefined" fontName="undefined" fontColor="00000000" fontLine="EMPTY" alwaysZero="0" tooltipType="undefined" tooltipText="-9999" tooltipAppearanceTime="-9999" scrollBarOffsetX="-9999" scrollBarOffsetY="-9999" scrollBarOffsetHeight="-9999"/>
        <Button normalTex="l2ui_ct1.Button_DF" pushedTex="l2ui_ct1.Button_DF_Click" highlightTex="undefined" dropTex="undefined" buttonName="2386" buttonNameText="undefined" disableTime="-9999" disableTex="undefined" name="SendPostBtn" extendsName="undefined" parentName="PersonalConnectionsWnd" preOrder="undefined" postOrder="undefined" anchored="true" superChild="true" relativeSize="true" absoluteSize="true" widthRate="0.0" heightRate="0.0" width="89" height="27" usePosition="true" relativePoint="BOTTOM_LEFT" anchorPoint="BOTTOM_LEFT" relativeTo="" anchoredX="5.0" anchoredY="-6.0" useFont="false" styleName="undefined" fontName="undefined" fontColor="00000000" fontLine="EMPTY" alwaysZero="0" tooltipType="undefined" tooltipText="-9999" tooltipAppearanceTime="-9999" scrollBarOffsetX="-9999" scrollBarOffsetY="-9999" scrollBarOffsetHeight="-9999"/>
        <Button normalTex="l2ui_ct1.Button_DF" pushedTex="l2ui_ct1.Button_DF_Click" highlightTex="undefined" dropTex="undefined" buttonName="2387" buttonNameText="undefined" disableTime="-9999" disableTex="undefined" name="InviteClanBtn" extendsName="undefined" parentName="PersonalConnectionsWnd" preOrder="undefined" postOrder="undefined" anchored="true" superChild="true" relativeSize="true" absoluteSize="true" widthRate="0.0" heightRate="0.0" width="89" height="27" usePosition="true" relativePoint="BOTTOM_CENTER" anchorPoint="BOTTOM_CENTER" relativeTo="" anchoredX="0.0" anchoredY="-33.0" useFont="false" styleName="undefined" fontName="undefined" fontColor="00000000" fontLine="EMPTY" alwaysZero="0" tooltipType="undefined" tooltipText="-9999" tooltipAppearanceTime="-9999" scrollBarOffsetX="-9999" scrollBarOffsetY="-9999" scrollBarOffsetHeight="-9999"/>
        <Button normalTex="l2ui_ct1.Button_DF" pushedTex="l2ui_ct1.Button_DF_Click" highlightTex="undefined" dropTex="undefined" buttonName="398" buttonNameText="undefined" disableTime="-9999" disableTex="undefined" name="WhisperBtn" extendsName="undefined" parentName="PersonalConnectionsWnd" preOrder="undefined" postOrder="undefined" anchored="true" superChild="true" relativeSize="true" absoluteSize="true" widthRate="0.0" heightRate="0.0" width="89" height="27" usePosition="true" relativePoint="BOTTOM_CENTER" anchorPoint="BOTTOM_CENTER" relativeTo="" anchoredX="0.0" anchoredY="-6.0" useFont="false" styleName="undefined" fontName="undefined" fontColor="00000000" fontLine="EMPTY" alwaysZero="0" tooltipType="undefined" tooltipText="-9999" tooltipAppearanceTime="-9999" scrollBarOffsetX="-9999" scrollBarOffsetY="-9999" scrollBarOffsetHeight="-9999"/>
        <Button normalTex="l2ui_ct1.Button_DF" pushedTex="l2ui_ct1.Button_DF_Click" highlightTex="undefined" dropTex="undefined" buttonName="1797" buttonNameText="undefined" disableTime="-9999" disableTex="undefined" name="DetailInfoBtn" extendsName="undefined" parentName="PersonalConnectionsWnd" preOrder="undefined" postOrder="undefined" anchored="true" superChild="true" relativeSize="true" absoluteSize="true" widthRate="0.0" heightRate="0.0" width="89" height="27" usePosition="true" relativePoint="BOTTOM_RIGHT" anchorPoint="BOTTOM_RIGHT" relativeTo="" anchoredX="-6.0" anchoredY="-33.0" useFont="false" styleName="undefined" fontName="undefined" fontColor="00000000" fontLine="EMPTY" alwaysZero="0" tooltipType="undefined" tooltipText="-9999" tooltipAppearanceTime="-9999" scrollBarOffsetX="-9999" scrollBarOffsetY="-9999" scrollBarOffsetHeight="-9999"/>
        <Button normalTex="l2ui_ct1.Button_DF" pushedTex="l2ui_ct1.Button_DF_Click" highlightTex="undefined" dropTex="undefined" buttonName="2388" buttonNameText="undefined" disableTime="-9999" disableTex="undefined" name="OneOnOneTalkBtn" extendsName="undefined" parentName="PersonalConnectionsWnd" preOrder="undefined" postOrder="undefined" anchored="true" superChild="true" relativeSize="true" absoluteSize="true" widthRate="0.0" heightRate="0.0" width="89" height="27" usePosition="true" relativePoint="BOTTOM_RIGHT" anchorPoint="BOTTOM_RIGHT" relativeTo="" anchoredX="-6.0" anchoredY="-6.0" useFont="false" styleName="undefined" fontName="undefined" fontColor="00000000" fontLine="EMPTY" alwaysZero="0" tooltipType="undefined" tooltipText="-9999" tooltipAppearanceTime="-9999" scrollBarOffsetX="-9999" scrollBarOffsetY="-9999" scrollBarOffsetHeight="-9999"/>
    </Children>
</Window>
