<?xml version="1.0" encoding="UTF-8" standalone="yes"?>
<Window parent="undefined" backTex="L2UI_ct1.Windows.Windows_DF_Large_Bg" script="PlayerAgeWnd" state="GamingState" frame="true" hidden="true" title="3327" frameSize="Big" frameDirection="Top" exitbutton="true" movable="true" resizeFrameDirection="None" resizeFrameX="-9999.0" resizeFrameY="-9999.0" resizeFrameWidth="-9999.0" resizeFrameHeight="-9999.0" resizeMaxIncrease="0" drawerDirection="None" offsetX="0" offsetY="0" ownerWindow="" showAnimType="None" hideAnimType="None" showAnimDirection="None" showAnimSeconds="0.0" hideAnimDirection="None" hideAnimSeconds="0.0" iconName="undefined" tooltipIdx="-9999" workingConfiguration="Game" leftTextureName="undefined" midTextureName="undefined" rightTextureName="undefined" minimizeBtnTextureNormal="undefined" minimizeBtnTexturePushed="undefined" closeBtnTextureNormal="undefined" closeBtnTexturePushed="undefined" leftBackTextureWidth="-9999" midBackTextureWidth="-9999" showInArena="true" name="PlayerAgeWnd" extendsName="undefined" parentName="" preOrder="undefined" postOrder="undefined" anchored="false" superChild="true" relativeSize="true" absoluteSize="true" widthRate="0.0" heightRate="0.0" width="314" height="130" usePosition="true" relativePoint="CENTER" anchorPoint="CENTER" relativeTo="" anchoredX="63.0" anchoredY="-11.0" useFont="false" styleName="undefined" fontName="undefined" fontColor="00000000" fontLine="EMPTY" alwaysZero="0" tooltipType="undefined" tooltipText="-9999" tooltipAppearanceTime="-9999" scrollBarOffsetX="-9999" scrollBarOffsetY="-9999" scrollBarOffsetHeight="-9999">
    <State stateName="ArenaGamingState"/>
    <State stateName="ArenaBattleState"/>
    <Children>
        <Window parent="undefined" backTex="undefined" script="undefined" state="undefined" title="-9999" frameSize="None" frameDirection="None" resizeFrameDirection="None" resizeFrameX="-9999.0" resizeFrameY="-9999.0" resizeFrameWidth="-9999.0" resizeFrameHeight="-9999.0" resizeMaxIncrease="0" drawerDirection="None" offsetX="0" offsetY="0" ownerWindow="" showAnimType="None" hideAnimType="None" showAnimDirection="None" showAnimSeconds="0.0" hideAnimDirection="None" hideAnimSeconds="0.0" iconName="undefined" tooltipIdx="-9999" workingConfiguration="Game" leftTextureName="undefined" midTextureName="undefined" rightTextureName="undefined" minimizeBtnTextureNormal="undefined" minimizeBtnTexturePushed="undefined" closeBtnTextureNormal="undefined" closeBtnTexturePushed="undefined" leftBackTextureWidth="-9999" midBackTextureWidth="-9999" name="AgeHelpWnd" extendsName="undefined" parentName="PlayerAgeWnd" preOrder="undefined" postOrder="undefined" anchored="false" superChild="true" relativeSize="true" absoluteSize="true" widthRate="0.0" heightRate="0.0" width="302" height="86" usePosition="true" relativePoint="TOP_LEFT" anchorPoint="TOP_LEFT" relativeTo="" anchoredX="6.0" anchoredY="37.0" useFont="false" styleName="undefined" fontName="undefined" fontColor="00000000" fontLine="EMPTY" alwaysZero="0" tooltipType="undefined" tooltipText="-9999" tooltipAppearanceTime="-9999" scrollBarOffsetX="-9999" scrollBarOffsetY="-9999" scrollBarOffsetHeight="-9999">
            <Children>
                <Texture file="L2Font.Skins.Help_Age_18" alphaMask="" type="Normal" layer="Normal" u="0.0" v="0.0" uSize="0.0" vSize="0.0" alpha="-9999" autoRotate="None" maskLayer="0.0" colorModify="FFFFFFFF" name="AgeTex" extendsName="undefined" parentName="AgeHelpWnd" preOrder="undefined" postOrder="undefined" anchored="false" superChild="true" relativeSize="true" absoluteSize="false" sizePercentWindow="" widthRate="1.0" heightRate="1.0" width="0" height="0" usePosition="true" relativePoint="TOP_LEFT" anchorPoint="TOP_LEFT" relativeTo="" anchoredX="1.0" anchoredY="1.0" useFont="false" styleName="undefined" fontName="undefined" fontColor="00000000" fontLine="EMPTY" virtual="true" alwaysZero="0" tooltipType="undefined" tooltipText="-9999" tooltipAppearanceTime="-9999" scrollBarOffsetX="-9999" scrollBarOffsetY="-9999" scrollBarOffsetHeight="-9999"/>
            </Children>
        </Window>
    </Children>
</Window>
