<?xml version="1.0" encoding="UTF-8" standalone="yes"?>
<Window parent="undefined" backTex="L2UI_CT1.Windows.Windows_DF_Drawer_Bg" script="PostReceiverListWnd" state="GamingState" hidden="true" title="-9999" frameSize="None" frameDirection="None" resizeFrameDirection="None" resizeFrameX="-9999.0" resizeFrameY="-9999.0" resizeFrameWidth="-9999.0" resizeFrameHeight="-9999.0" resizeMaxIncrease="0" drawerDirection="Right" offsetX="0" offsetY="27" directionFixed="false" ownerWindow="PostWriteWnd" showAnimType="None" hideAnimType="None" showAnimDirection="None" showAnimSeconds="0.0" hideAnimDirection="None" hideAnimSeconds="0.0" iconName="undefined" tooltipIdx="-9999" workingConfiguration="Game" leftTextureName="undefined" midTextureName="undefined" rightTextureName="undefined" minimizeBtnTextureNormal="undefined" minimizeBtnTexturePushed="undefined" closeBtnTextureNormal="undefined" closeBtnTexturePushed="undefined" leftBackTextureWidth="-9999" midBackTextureWidth="-9999" name="PostReceiverListWnd" extendsName="undefined" parentName="" preOrder="undefined" postOrder="undefined" anchored="false" superChild="true" relativeSize="true" absoluteSize="true" widthRate="0.0" heightRate="0.0" width="316" height="428" usePosition="true" relativePoint="TOP_RIGHT" anchorPoint="TOP_RIGHT" relativeTo="PostWriteWnd" anchoredX="246.0" anchoredY="20.0" useFont="false" styleName="undefined" fontName="undefined" fontColor="00000000" fontLine="EMPTY" alwaysZero="0" tooltipType="undefined" tooltipText="-9999" tooltipAppearanceTime="-9999" scrollBarOffsetX="-9999" scrollBarOffsetY="-9999" scrollBarOffsetHeight="-9999">
    <Children>
        <TextBox text="undefined" textAlign="Center" textVAlign="Undefined" fontType="Normal" backTex="undefined" sysString="2269" systemMsg="-9999" textColor="AF9878FF" autosize="true" name="Description" extendsName="undefined" parentName="PostReceiverListWnd" preOrder="undefined" postOrder="undefined" anchored="true" superChild="true" relativeSize="true" absoluteSize="true" widthRate="0.0" heightRate="0.0" width="119" height="13" usePosition="true" relativePoint="TOP_CENTER" anchorPoint="TOP_CENTER" relativeTo="" anchoredX="0.0" anchoredY="20.0" useFont="false" styleName="undefined" fontName="undefined" fontColor="00000000" fontLine="EMPTY" alwaysZero="0" tooltipType="undefined" tooltipText="-9999" tooltipAppearanceTime="-9999" scrollBarOffsetX="-9999" scrollBarOffsetY="-9999" scrollBarOffsetHeight="-9999"/>
        <Texture file="L2UI_CT1.GroupBox.GroupBox_DF" alphaMask="" type="Stretch" layer="Background" u="0.0" v="0.0" uSize="0.0" vSize="0.0" alpha="-9999" autoRotate="None" maskLayer="0.0" colorModify="FFFFFFFF" name="DescriptionGroupBox" extendsName="undefined" alwaysOnBack="true" parentName="PostReceiverListWnd" preOrder="undefined" postOrder="undefined" anchored="false" superChild="true" relativeSize="true" absoluteSize="true" widthRate="0.0" heightRate="0.0" width="298" height="35" usePosition="true" relativePoint="TOP_LEFT" anchorPoint="TOP_LEFT" relativeTo="" anchoredX="9.0" anchoredY="9.0" useFont="false" styleName="undefined" fontName="undefined" fontColor="00000000" fontLine="EMPTY" virtual="true" alwaysZero="0" tooltipType="undefined" tooltipText="-9999" tooltipAppearanceTime="-9999" scrollBarOffsetX="-9999" scrollBarOffsetY="-9999" scrollBarOffsetHeight="-9999"/>
        <TextBox text="undefined" textAlign="Right" textVAlign="Undefined" fontType="Normal" backTex="undefined" sysString="-9999" systemMsg="-9999" textColor="B09B79FF" autosize="true" name="ListCount" extendsName="undefined" parentName="PostReceiverListWnd" preOrder="undefined" postOrder="undefined" anchored="false" superChild="true" relativeSize="true" absoluteSize="true" widthRate="0.0" heightRate="0.0" width="10" height="0" usePosition="true" relativePoint="TOP_RIGHT" anchorPoint="TOP_RIGHT" relativeTo="" anchoredX="-8.0" anchoredY="55.0" useFont="false" styleName="undefined" fontName="undefined" fontColor="00000000" fontLine="EMPTY" alwaysZero="0" tooltipType="undefined" tooltipText="-9999" tooltipAppearanceTime="-9999" scrollBarOffsetX="-9999" scrollBarOffsetY="-9999" scrollBarOffsetHeight="-9999"/>
        <Tab name="TabCtrl" extendsName="undefined" parentName="PostReceiverListWnd" preOrder="undefined" postOrder="undefined" anchored="false" superChild="true" relativeSize="true" absoluteSize="true" widthRate="0.0" heightRate="0.0" width="220" height="23" usePosition="true" relativePoint="TOP_LEFT" anchorPoint="TOP_LEFT" relativeTo="" anchoredX="13.0" anchoredY="49.0" useFont="false" styleName="undefined" fontName="undefined" fontColor="00000000" fontLine="EMPTY" alwaysZero="0" tooltipType="undefined" tooltipText="-9999" tooltipAppearanceTime="-9999" scrollBarOffsetX="-9999" scrollBarOffsetY="-9999" scrollBarOffsetHeight="-9999">
            <TabElement buttonName="2273" buttonNameText="undefined" nameOffsetX="0" nameOffsetY="0" target="PostReceiverListWnd_Friends" width="60" height="23" normalTex="L2UI_CT1.tab.Tab_DF_Tab_Unselected" pushedTex="L2UI_CT1.tab.Tab_DF_Tab_Selected" movable="false" gap="0" tooltip="-1" blinkTextureName=""/>
            <TabElement buttonName="439" buttonNameText="undefined" nameOffsetX="0" nameOffsetY="0" target="PostReceiverListWnd_Clan" width="60" height="23" normalTex="L2UI_CT1.tab.Tab_DF_Tab_Unselected" pushedTex="L2UI_CT1.tab.Tab_DF_Tab_Selected" movable="false" gap="0" tooltip="-1" blinkTextureName=""/>
            <TabElement buttonName="2268" buttonNameText="undefined" nameOffsetX="0" nameOffsetY="0" target="PostReceiverListWnd_Add" width="100" height="23" normalTex="L2UI_CT1.tab.Tab_DF_Tab_Unselected" pushedTex="L2UI_CT1.tab.Tab_DF_Tab_Selected" movable="false" gap="0" tooltip="-1" blinkTextureName=""/>
        </Tab>
        <Texture file="L2UI_CT1.GroupBox.GroupBox_DF" alphaMask="" type="Stretch" layer="Background" u="0.0" v="0.0" uSize="0.0" vSize="0.0" alpha="-9999" autoRotate="None" maskLayer="0.0" colorModify="FFFFFFFF" name="ListGroupBox" extendsName="undefined" alwaysOnBack="true" parentName="PostReceiverListWnd" preOrder="undefined" postOrder="undefined" anchored="false" superChild="true" relativeSize="true" absoluteSize="true" widthRate="0.0" heightRate="0.0" width="293" height="309" usePosition="true" relativePoint="TOP_LEFT" anchorPoint="TOP_LEFT" relativeTo="" anchoredX="11.0" anchoredY="76.0" useFont="false" styleName="undefined" fontName="undefined" fontColor="00000000" fontLine="EMPTY" virtual="true" alwaysZero="0" tooltipType="undefined" tooltipText="-9999" tooltipAppearanceTime="-9999" scrollBarOffsetX="-9999" scrollBarOffsetY="-9999" scrollBarOffsetHeight="-9999"/>
        <Texture file="L2UI_CT1.tab.Tab_DF_Bg_line" alphaMask="" type="Normal" layer="Background" u="0.0" v="0.0" uSize="0.0" vSize="0.0" alpha="-9999" autoRotate="None" maskLayer="0.0" colorModify="FFFFFFFF" name="TabLineTop" extendsName="undefined" alwaysOnBack="true" parentName="PostReceiverListWnd" preOrder="undefined" postOrder="undefined" anchored="false" superChild="true" relativeSize="true" absoluteSize="true" widthRate="0.0" heightRate="0.0" width="73" height="23" usePosition="true" relativePoint="TOP_LEFT" anchorPoint="TOP_LEFT" relativeTo="" anchoredX="233.0" anchoredY="49.0" useFont="false" styleName="undefined" fontName="undefined" fontColor="00000000" fontLine="EMPTY" virtual="true" alwaysZero="0" tooltipType="undefined" tooltipText="-9999" tooltipAppearanceTime="-9999" scrollBarOffsetX="-9999" scrollBarOffsetY="-9999" scrollBarOffsetHeight="-9999"/>
        <Texture file="L2UI_CT1.tab.Tab_DF_bg" alphaMask="" type="Stretch" layer="Background" u="0.0" v="0.0" uSize="0.0" vSize="0.0" alpha="-9999" autoRotate="None" maskLayer="0.0" colorModify="FFFFFFFF" name="tabBg" extendsName="undefined" alwaysOnBack="true" parentName="PostReceiverListWnd" preOrder="undefined" postOrder="undefined" anchored="false" superChild="true" relativeSize="true" absoluteSize="true" widthRate="0.0" heightRate="0.0" width="306" height="343" usePosition="true" relativePoint="TOP_LEFT" anchorPoint="TOP_LEFT" relativeTo="" anchoredX="5.0" anchoredY="49.0" useFont="false" styleName="undefined" fontName="undefined" fontColor="00000000" fontLine="EMPTY" virtual="true" alwaysZero="0" tooltipType="undefined" tooltipText="-9999" tooltipAppearanceTime="-9999" scrollBarOffsetX="-9999" scrollBarOffsetY="-9999" scrollBarOffsetHeight="-9999"/>
        <Window parent="PostReceiverListWnd" backTex="undefined" script="undefined" state="undefined" hidden="true" title="-9999" frameSize="None" frameDirection="None" resizeFrameDirection="None" resizeFrameX="-9999.0" resizeFrameY="-9999.0" resizeFrameWidth="-9999.0" resizeFrameHeight="-9999.0" resizeMaxIncrease="0" drawerDirection="None" offsetX="0" offsetY="0" ownerWindow="" showAnimType="None" hideAnimType="None" showAnimDirection="None" showAnimSeconds="0.0" hideAnimDirection="None" hideAnimSeconds="0.0" iconName="undefined" tooltipIdx="-9999" workingConfiguration="Game" leftTextureName="undefined" midTextureName="undefined" rightTextureName="undefined" minimizeBtnTextureNormal="undefined" minimizeBtnTexturePushed="undefined" closeBtnTextureNormal="undefined" closeBtnTexturePushed="undefined" leftBackTextureWidth="-9999" midBackTextureWidth="-9999" name="PostReceiverListWnd_Friends" extendsName="undefined" parentName="PostReceiverListWnd" preOrder="undefined" postOrder="undefined" anchored="false" superChild="true" relativeSize="true" absoluteSize="true" widthRate="0.0" heightRate="0.0" width="293" height="308" usePosition="true" relativePoint="TOP_LEFT" anchorPoint="TOP_LEFT" relativeTo="" anchoredX="11.0" anchoredY="76.0" useFont="false" styleName="undefined" fontName="undefined" fontColor="00000000" fontLine="EMPTY" alwaysZero="0" tooltipType="undefined" tooltipText="-9999" tooltipAppearanceTime="-9999" scrollBarOffsetX="-9999" scrollBarOffsetY="-9999" scrollBarOffsetHeight="-9999">
            <Children>
                <ListCtrl maxRow="128" showRow="15" useVScroll="true" contentsHeight="18" headerHeight="19" usePageBrowser="false" useWheelForScroll="true" compareTooltip="false" name="FriendsList" extendsName="undefined" parentName="PostReceiverListWnd_Friends" preOrder="undefined" postOrder="undefined" anchored="true" superChild="true" relativeSize="true" absoluteSize="true" widthRate="0.0" heightRate="0.0" width="289" height="309" usePosition="true" relativePoint="TOP_LEFT" anchorPoint="TOP_LEFT" relativeTo="" anchoredX="2.0" anchoredY="1.0" useFont="false" styleName="undefined" fontName="undefined" fontColor="00000000" fontLine="EMPTY" alwaysZero="0" tooltipType="PostInfo" tooltipText="-1" tooltipAppearanceTime="-9999" scrollBarOffsetX="-9999" scrollBarOffsetY="-9999" scrollBarOffsetHeight="-9999">
                    <ListElement textStringId="50" width="191" bAscend="true" bClickEnable="true" bNumber="false"/>
                    <ListElement textStringId="2274" width="36" bAscend="true" bClickEnable="true" bNumber="false"/>
                    <ListElement textStringId="392" width="62" bAscend="true" bClickEnable="true" bNumber="true"/>
                </ListCtrl>
                <Texture file="L2UI_CT1.ListCtrl.ListCTRL_DF_Decoration" alphaMask="" type="Stretch" layer="Normal" u="0.0" v="0.0" uSize="0.0" vSize="0.0" alpha="-9999" autoRotate="None" maskLayer="0.0" colorModify="FFFFFFFF" name="FriendsListDeco" extendsName="undefined" alwaysOnTop="true" parentName="PostReceiverListWnd_Friends" preOrder="undefined" postOrder="undefined" anchored="false" superChild="true" relativeSize="true" absoluteSize="true" widthRate="0.0" heightRate="0.0" width="291" height="19" usePosition="true" relativePoint="TOP_LEFT" anchorPoint="TOP_LEFT" relativeTo="" anchoredX="1.0" anchoredY="1.0" useFont="false" styleName="undefined" fontName="undefined" fontColor="00000000" fontLine="EMPTY" virtual="true" alwaysZero="0" tooltipType="undefined" tooltipText="-9999" tooltipAppearanceTime="-9999" scrollBarOffsetX="-9999" scrollBarOffsetY="-9999" scrollBarOffsetHeight="-9999"/>
            </Children>
        </Window>
        <Window parent="PostReceiverListWnd" backTex="undefined" script="undefined" state="undefined" hidden="true" title="-9999" frameSize="None" frameDirection="None" resizeFrameDirection="None" resizeFrameX="-9999.0" resizeFrameY="-9999.0" resizeFrameWidth="-9999.0" resizeFrameHeight="-9999.0" resizeMaxIncrease="0" drawerDirection="None" offsetX="0" offsetY="0" ownerWindow="" showAnimType="None" hideAnimType="None" showAnimDirection="None" showAnimSeconds="0.0" hideAnimDirection="None" hideAnimSeconds="0.0" iconName="undefined" tooltipIdx="-9999" workingConfiguration="Game" leftTextureName="undefined" midTextureName="undefined" rightTextureName="undefined" minimizeBtnTextureNormal="undefined" minimizeBtnTexturePushed="undefined" closeBtnTextureNormal="undefined" closeBtnTexturePushed="undefined" leftBackTextureWidth="-9999" midBackTextureWidth="-9999" name="PostReceiverListWnd_Clan" extendsName="undefined" parentName="PostReceiverListWnd" preOrder="undefined" postOrder="undefined" anchored="false" superChild="true" relativeSize="true" absoluteSize="true" widthRate="0.0" heightRate="0.0" width="293" height="308" usePosition="true" relativePoint="TOP_LEFT" anchorPoint="TOP_LEFT" relativeTo="" anchoredX="11.0" anchoredY="76.0" useFont="false" styleName="undefined" fontName="undefined" fontColor="00000000" fontLine="EMPTY" alwaysZero="0" tooltipType="undefined" tooltipText="-9999" tooltipAppearanceTime="-9999" scrollBarOffsetX="-9999" scrollBarOffsetY="-9999" scrollBarOffsetHeight="-9999">
            <Children>
                <ListCtrl maxRow="220" showRow="15" useVScroll="true" contentsHeight="18" headerHeight="19" usePageBrowser="false" useWheelForScroll="true" compareTooltip="false" name="ClanList" extendsName="undefined" parentName="PostReceiverListWnd_Clan" preOrder="undefined" postOrder="undefined" anchored="true" superChild="true" relativeSize="true" absoluteSize="true" widthRate="0.0" heightRate="0.0" width="289" height="309" usePosition="true" relativePoint="TOP_LEFT" anchorPoint="TOP_LEFT" relativeTo="" anchoredX="2.0" anchoredY="1.0" useFont="false" styleName="undefined" fontName="undefined" fontColor="00000000" fontLine="EMPTY" alwaysZero="0" tooltipType="PostInfo" tooltipText="-1" tooltipAppearanceTime="-9999" scrollBarOffsetX="-9999" scrollBarOffsetY="-9999" scrollBarOffsetHeight="-9999">
                    <ListElement textStringId="50" width="191" bAscend="true" bClickEnable="true" bNumber="false"/>
                    <ListElement textStringId="2274" width="36" bAscend="true" bClickEnable="true" bNumber="false"/>
                    <ListElement textStringId="392" width="62" bAscend="true" bClickEnable="true" bNumber="true"/>
                </ListCtrl>
                <Texture file="L2UI_CT1.ListCtrl.ListCTRL_DF_Decoration" alphaMask="" type="Stretch" layer="Normal" u="0.0" v="0.0" uSize="0.0" vSize="0.0" alpha="-9999" autoRotate="None" maskLayer="0.0" colorModify="FFFFFFFF" name="ClanListDeco" extendsName="undefined" alwaysOnTop="true" parentName="PostReceiverListWnd_Clan" preOrder="undefined" postOrder="undefined" anchored="false" superChild="true" relativeSize="true" absoluteSize="true" widthRate="0.0" heightRate="0.0" width="291" height="19" usePosition="true" relativePoint="TOP_LEFT" anchorPoint="TOP_LEFT" relativeTo="" anchoredX="1.0" anchoredY="1.0" useFont="false" styleName="undefined" fontName="undefined" fontColor="00000000" fontLine="EMPTY" virtual="true" alwaysZero="0" tooltipType="undefined" tooltipText="-9999" tooltipAppearanceTime="-9999" scrollBarOffsetX="-9999" scrollBarOffsetY="-9999" scrollBarOffsetHeight="-9999"/>
            </Children>
        </Window>
        <Window parent="PostReceiverListWnd" backTex="undefined" script="undefined" state="undefined" hidden="true" title="-9999" frameSize="None" frameDirection="None" resizeFrameDirection="None" resizeFrameX="-9999.0" resizeFrameY="-9999.0" resizeFrameWidth="-9999.0" resizeFrameHeight="-9999.0" resizeMaxIncrease="0" drawerDirection="None" offsetX="0" offsetY="0" ownerWindow="" showAnimType="None" hideAnimType="None" showAnimDirection="None" showAnimSeconds="0.0" hideAnimDirection="None" hideAnimSeconds="0.0" iconName="undefined" tooltipIdx="-9999" workingConfiguration="Game" leftTextureName="undefined" midTextureName="undefined" rightTextureName="undefined" minimizeBtnTextureNormal="undefined" minimizeBtnTexturePushed="undefined" closeBtnTextureNormal="undefined" closeBtnTexturePushed="undefined" leftBackTextureWidth="-9999" midBackTextureWidth="-9999" name="PostReceiverListWnd_Add" extendsName="undefined" parentName="PostReceiverListWnd" preOrder="undefined" postOrder="undefined" anchored="false" superChild="true" relativeSize="true" absoluteSize="true" widthRate="0.0" heightRate="0.0" width="293" height="308" usePosition="true" relativePoint="TOP_LEFT" anchorPoint="TOP_LEFT" relativeTo="" anchoredX="11.0" anchoredY="76.0" useFont="false" styleName="undefined" fontName="undefined" fontColor="00000000" fontLine="EMPTY" alwaysZero="0" tooltipType="undefined" tooltipText="-9999" tooltipAppearanceTime="-9999" scrollBarOffsetX="-9999" scrollBarOffsetY="-9999" scrollBarOffsetHeight="-9999">
            <Children>
                <ListCtrl maxRow="100" showRow="14" useVScroll="true" contentsHeight="18" headerHeight="19" usePageBrowser="false" useWheelForScroll="true" compareTooltip="false" name="AddList" extendsName="undefined" parentName="PostReceiverListWnd_Add" preOrder="undefined" postOrder="undefined" anchored="true" superChild="true" relativeSize="true" absoluteSize="true" widthRate="0.0" heightRate="0.0" width="289" height="273" usePosition="true" relativePoint="TOP_LEFT" anchorPoint="TOP_LEFT" relativeTo="" anchoredX="2.0" anchoredY="1.0" useFont="false" styleName="undefined" fontName="undefined" fontColor="00000000" fontLine="EMPTY" alwaysZero="0" tooltipType="undefined" tooltipText="-9999" tooltipAppearanceTime="-9999" scrollBarOffsetX="-9999" scrollBarOffsetY="-9999" scrollBarOffsetHeight="-9999">
                    <ListElement textStringId="50" width="289" bAscend="true" bClickEnable="true" bNumber="false"/>
                </ListCtrl>
                <Button normalTex="L2UI_CT1.Button.Button_DF" pushedTex="L2UI_CT1.Button.Button_DF_Click" highlightTex="undefined" dropTex="undefined" buttonName="2271" buttonNameText="undefined" disableTime="-9999" disableTex="undefined" name="Btn_Add" extendsName="undefined" parentName="PostReceiverListWnd_Add" preOrder="undefined" postOrder="undefined" anchored="true" superChild="true" relativeSize="true" absoluteSize="true" widthRate="0.0" heightRate="0.0" width="96" height="27" usePosition="true" relativePoint="TOP_LEFT" anchorPoint="TOP_LEFT" relativeTo="" anchoredX="49.0" anchoredY="279.0" useFont="false" styleName="undefined" fontName="undefined" fontColor="00000000" fontLine="EMPTY" alwaysZero="0" tooltipType="undefined" tooltipText="-9999" tooltipAppearanceTime="-9999" scrollBarOffsetX="-9999" scrollBarOffsetY="-9999" scrollBarOffsetHeight="-9999"/>
                <Button normalTex="L2UI_CT1.Button.Button_DF" pushedTex="L2UI_CT1.Button.Button_DF_Click" highlightTex="undefined" dropTex="undefined" buttonName="2272" buttonNameText="undefined" disableTime="-9999" disableTex="undefined" name="Btn_Del" extendsName="undefined" parentName="PostReceiverListWnd_Add" preOrder="undefined" postOrder="undefined" anchored="true" superChild="true" relativeSize="true" absoluteSize="true" widthRate="0.0" heightRate="0.0" width="96" height="27" usePosition="true" relativePoint="TOP_LEFT" anchorPoint="TOP_LEFT" relativeTo="" anchoredX="149.0" anchoredY="279.0" useFont="false" styleName="undefined" fontName="undefined" fontColor="00000000" fontLine="EMPTY" alwaysZero="0" tooltipType="undefined" tooltipText="-9999" tooltipAppearanceTime="-9999" scrollBarOffsetX="-9999" scrollBarOffsetY="-9999" scrollBarOffsetHeight="-9999"/>
                <Texture file="L2UI_CT1.Divider_DF_GroupBox" alphaMask="" type="Stretch" layer="Normal" u="0.0" v="0.0" uSize="0.0" vSize="0.0" alpha="-9999" autoRotate="None" maskLayer="0.0" colorModify="FFFFFFFF" name="AddListGroupBoxLine" extendsName="undefined" alwaysOnTop="true" parentName="PostReceiverListWnd_Add" preOrder="undefined" postOrder="undefined" anchored="false" superChild="true" relativeSize="true" absoluteSize="true" widthRate="0.0" heightRate="0.0" width="291" height="1" usePosition="true" relativePoint="TOP_LEFT" anchorPoint="TOP_LEFT" relativeTo="" anchoredX="1.0" anchoredY="274.0" useFont="false" styleName="undefined" fontName="undefined" fontColor="00000000" fontLine="EMPTY" virtual="true" alwaysZero="0" tooltipType="undefined" tooltipText="-9999" tooltipAppearanceTime="-9999" scrollBarOffsetX="-9999" scrollBarOffsetY="-9999" scrollBarOffsetHeight="-9999"/>
                <Texture file="L2UI_CT1.ListCtrl.ListCTRL_DF_Decoration" alphaMask="" type="Stretch" layer="Normal" u="0.0" v="0.0" uSize="0.0" vSize="0.0" alpha="-9999" autoRotate="None" maskLayer="0.0" colorModify="FFFFFFFF" name="AddListDeco" extendsName="undefined" alwaysOnTop="true" parentName="PostReceiverListWnd_Add" preOrder="undefined" postOrder="undefined" anchored="false" superChild="true" relativeSize="true" absoluteSize="true" widthRate="0.0" heightRate="0.0" width="291" height="19" usePosition="true" relativePoint="TOP_LEFT" anchorPoint="TOP_LEFT" relativeTo="" anchoredX="1.0" anchoredY="1.0" useFont="false" styleName="undefined" fontName="undefined" fontColor="00000000" fontLine="EMPTY" virtual="true" alwaysZero="0" tooltipType="undefined" tooltipText="-9999" tooltipAppearanceTime="-9999" scrollBarOffsetX="-9999" scrollBarOffsetY="-9999" scrollBarOffsetHeight="-9999"/>
            </Children>
        </Window>
        <Button normalTex="L2UI_CT1.Button.Button_DF" pushedTex="L2UI_CT1.Button.Button_DF_Click" highlightTex="undefined" dropTex="undefined" buttonName="1364" buttonNameText="undefined" disableTime="-9999" disableTex="undefined" name="CloseButton" extendsName="undefined" parentName="PostReceiverListWnd" preOrder="undefined" postOrder="undefined" anchored="false" superChild="true" relativeSize="true" absoluteSize="true" widthRate="0.0" heightRate="0.0" width="77" height="27" usePosition="true" relativePoint="BOTTOM_CENTER" anchorPoint="BOTTOM_CENTER" relativeTo="" anchoredX="0.0" anchoredY="-8.0" useFont="false" styleName="undefined" fontName="undefined" fontColor="00000000" fontLine="EMPTY" alwaysZero="0" tooltipType="undefined" tooltipText="-9999" tooltipAppearanceTime="-9999" scrollBarOffsetX="-9999" scrollBarOffsetY="-9999" scrollBarOffsetHeight="-9999"/>
    </Children>
</Window>
