<?xml version="1.0" encoding="UTF-8" standalone="yes"?>
<Window parent="undefined" backTex="L2UI_ct1.Windows.Windows_DF_Large_Bg" script="PostBoxWnd" state="GamingState" frame="true" hidden="true" title="2074" frameSize="Big" frameDirection="Top" exitbutton="true" movable="true" resizeFrameDirection="None" resizeFrameX="-9999.0" resizeFrameY="-9999.0" resizeFrameWidth="-9999.0" resizeFrameHeight="-9999.0" resizeMaxIncrease="0" drawerDirection="None" offsetX="0" offsetY="0" ownerWindow="" showAnimType="None" hideAnimType="None" showAnimDirection="None" showAnimSeconds="0.0" hideAnimDirection="None" hideAnimSeconds="0.0" iconName="undefined" tooltipIdx="-9999" workingConfiguration="Game" leftTextureName="undefined" midTextureName="undefined" rightTextureName="undefined" minimizeBtnTextureNormal="undefined" minimizeBtnTexturePushed="undefined" closeBtnTextureNormal="undefined" closeBtnTexturePushed="undefined" leftBackTextureWidth="-9999" midBackTextureWidth="-9999" name="PostBoxWnd" extendsName="undefined" parentName="" preOrder="undefined" postOrder="undefined" anchored="false" superChild="true" relativeSize="true" absoluteSize="true" widthRate="0.0" heightRate="0.0" width="463" height="301" usePosition="true" relativePoint="CENTER_LEFT" anchorPoint="CENTER_LEFT" relativeTo="" anchoredX="8.0" anchoredY="-93.0" useFont="false" styleName="undefined" fontName="undefined" fontColor="00000000" fontLine="EMPTY" alwaysZero="0" tooltipType="undefined" tooltipText="-9999" tooltipAppearanceTime="-9999" scrollBarOffsetX="-9999" scrollBarOffsetY="-9999" scrollBarOffsetHeight="-9999">
    <Children>
        <Tab name="TabCtrl" extendsName="undefined" parentName="PostBoxWnd" preOrder="undefined" postOrder="undefined" anchored="false" superChild="true" relativeSize="true" absoluteSize="true" widthRate="0.0" heightRate="0.0" width="262" height="23" usePosition="true" relativePoint="TOP_LEFT" anchorPoint="TOP_LEFT" relativeTo="" anchoredX="9.0" anchoredY="31.0" useFont="false" styleName="undefined" fontName="undefined" fontColor="00000000" fontLine="EMPTY" alwaysZero="0" tooltipType="undefined" tooltipText="-9999" tooltipAppearanceTime="-9999" scrollBarOffsetX="-9999" scrollBarOffsetY="-9999" scrollBarOffsetHeight="-9999">
            <TabElement buttonName="2201" buttonNameText="undefined" nameOffsetX="0" nameOffsetY="-1" target="ReceivePost" width="131" height="23" normalTex="L2UI_ct1.tab.Tab_DF_Tab_Unselected" pushedTex="L2UI_ct1.tab.Tab_DF_Tab_Selected" movable="false" gap="0" tooltip="-1" blinkTextureName=""/>
            <TabElement buttonName="2202" buttonNameText="undefined" nameOffsetX="0" nameOffsetY="-1" target="SendPost" width="131" height="23" normalTex="L2UI_ct1.tab.Tab_DF_Tab_Unselected" pushedTex="L2UI_ct1.tab.Tab_DF_Tab_Selected" movable="false" gap="0" tooltip="-1" blinkTextureName=""/>
        </Tab>
        <Texture file="L2UI_ct1.tab.Tab_DF_bg" alphaMask="" type="Stretch" layer="Background" u="0.0" v="0.0" uSize="0.0" vSize="0.0" alpha="-9999" autoRotate="None" maskLayer="0.0" colorModify="FFFFFFFF" name="TexTabBg" extendsName="undefined" alwaysOnBack="true" parentName="PostBoxWnd" preOrder="undefined" postOrder="undefined" anchored="false" superChild="true" relativeSize="true" absoluteSize="true" widthRate="0.0" heightRate="0.0" width="458" height="234" usePosition="true" relativePoint="TOP_LEFT" anchorPoint="TOP_LEFT" relativeTo="" anchoredX="1.0" anchoredY="31.0" useFont="false" styleName="undefined" fontName="undefined" fontColor="00000000" fontLine="EMPTY" virtual="true" alwaysZero="0" tooltipType="undefined" tooltipText="-9999" tooltipAppearanceTime="-9999" scrollBarOffsetX="-9999" scrollBarOffsetY="-9999" scrollBarOffsetHeight="-9999"/>
        <Texture file="L2UI_ct1.tab.Tab_DF_Bg_line" alphaMask="" type="Stretch" layer="Background" u="0.0" v="0.0" uSize="0.0" vSize="0.0" alpha="-9999" autoRotate="None" maskLayer="0.0" colorModify="FFFFFFFF" name="TexTabBgLine" extendsName="undefined" alwaysOnBack="true" parentName="PostBoxWnd" preOrder="undefined" postOrder="undefined" anchored="false" superChild="true" relativeSize="true" absoluteSize="true" widthRate="0.0" heightRate="0.0" width="183" height="23" usePosition="true" relativePoint="TOP_LEFT" anchorPoint="TOP_LEFT" relativeTo="" anchoredX="271.0" anchoredY="31.0" useFont="false" styleName="undefined" fontName="undefined" fontColor="00000000" fontLine="EMPTY" virtual="true" alwaysZero="0" tooltipType="undefined" tooltipText="-9999" tooltipAppearanceTime="-9999" scrollBarOffsetX="-9999" scrollBarOffsetY="-9999" scrollBarOffsetHeight="-9999"/>
        <Texture file="L2UI_ct1.GroupBox.GroupBox_DF" alphaMask="" type="Stretch" layer="Background" u="0.0" v="0.0" uSize="0.0" vSize="0.0" alpha="-9999" autoRotate="None" maskLayer="0.0" colorModify="FFFFFFFF" name="groupbox" extendsName="undefined" alwaysOnBack="true" parentName="PostBoxWnd" preOrder="undefined" postOrder="undefined" anchored="false" superChild="true" relativeSize="true" absoluteSize="true" widthRate="0.0" heightRate="0.0" width="445" height="200" usePosition="true" relativePoint="TOP_LEFT" anchorPoint="TOP_LEFT" relativeTo="" anchoredX="7.0" anchoredY="58.0" useFont="false" styleName="undefined" fontName="undefined" fontColor="00000000" fontLine="EMPTY" virtual="true" alwaysZero="0" tooltipType="undefined" tooltipText="-9999" tooltipAppearanceTime="-9999" scrollBarOffsetX="-9999" scrollBarOffsetY="-9999" scrollBarOffsetHeight="-9999"/>
        <Window parent="undefined" backTex="undefined" script="undefined" state="undefined" hidden="true" title="-9999" frameSize="None" frameDirection="None" resizeFrameDirection="None" resizeFrameX="-9999.0" resizeFrameY="-9999.0" resizeFrameWidth="-9999.0" resizeFrameHeight="-9999.0" resizeMaxIncrease="0" drawerDirection="None" offsetX="0" offsetY="0" ownerWindow="" showAnimType="None" hideAnimType="None" showAnimDirection="None" showAnimSeconds="0.0" hideAnimDirection="None" hideAnimSeconds="0.0" iconName="undefined" tooltipIdx="-9999" workingConfiguration="Game" leftTextureName="undefined" midTextureName="undefined" rightTextureName="undefined" minimizeBtnTextureNormal="undefined" minimizeBtnTexturePushed="undefined" closeBtnTextureNormal="undefined" closeBtnTexturePushed="undefined" leftBackTextureWidth="-9999" midBackTextureWidth="-9999" name="ReceivePost" extendsName="undefined" parentName="PostBoxWnd" preOrder="undefined" postOrder="undefined" anchored="false" superChild="true" relativeSize="true" absoluteSize="true" widthRate="0.0" heightRate="0.0" width="445" height="235" usePosition="true" relativePoint="TOP_LEFT" anchorPoint="TOP_LEFT" relativeTo="" anchoredX="7.0" anchoredY="58.0" useFont="false" styleName="undefined" fontName="undefined" fontColor="00000000" fontLine="EMPTY" alwaysZero="0" tooltipType="undefined" tooltipText="-9999" tooltipAppearanceTime="-9999" scrollBarOffsetX="-9999" scrollBarOffsetY="-9999" scrollBarOffsetHeight="-9999">
            <Children>
                <Texture file="L2UI_ct1.Divider.Divider_DF_GroupBox" alphaMask="" type="Stretch" layer="Background" u="0.0" v="0.0" uSize="0.0" vSize="0.0" alpha="-9999" autoRotate="None" maskLayer="0.0" colorModify="FFFFFFFF" name="ReceiveGroupLine" extendsName="undefined" alwaysOnTop="true" alwaysOnBack="true" parentName="ReceivePost" preOrder="undefined" postOrder="undefined" anchored="false" superChild="true" relativeSize="true" absoluteSize="true" widthRate="0.0" heightRate="0.0" width="443" height="1" usePosition="true" relativePoint="TOP_LEFT" anchorPoint="TOP_LEFT" relativeTo="" anchoredX="1.0" anchoredY="164.0" useFont="false" styleName="undefined" fontName="undefined" fontColor="00000000" fontLine="EMPTY" virtual="true" alwaysZero="0" tooltipType="undefined" tooltipText="-9999" tooltipAppearanceTime="-9999" scrollBarOffsetX="-9999" scrollBarOffsetY="-9999" scrollBarOffsetHeight="-9999"/>
                <Texture file="L2UI_ct1.ListCtrl.ListCTRL_DF_Decoration" alphaMask="" type="Stretch" layer="Normal" u="0.0" v="0.0" uSize="0.0" vSize="0.0" alpha="-9999" autoRotate="None" maskLayer="0.0" colorModify="FFFFFFFF" name="ReceivePostListDeco" extendsName="undefined" alwaysOnTop="true" parentName="ReceivePost" preOrder="undefined" postOrder="undefined" anchored="false" superChild="true" relativeSize="true" absoluteSize="true" widthRate="0.0" heightRate="0.0" width="443" height="19" usePosition="true" relativePoint="TOP_LEFT" anchorPoint="TOP_LEFT" relativeTo="" anchoredX="1.0" anchoredY="1.0" useFont="false" styleName="undefined" fontName="undefined" fontColor="00000000" fontLine="EMPTY" virtual="true" alwaysZero="0" tooltipType="undefined" tooltipText="-9999" tooltipAppearanceTime="-9999" scrollBarOffsetX="-9999" scrollBarOffsetY="-9999" scrollBarOffsetHeight="-9999"/>
                <ListCtrl maxRow="8" showRow="8" useVScroll="true" contentsHeight="18" headerHeight="19" usePageBrowser="false" useWheelForScroll="true" compareTooltip="false" name="ReceivePostList" extendsName="undefined" parentName="ReceivePost" preOrder="undefined" postOrder="undefined" anchored="true" superChild="true" relativeSize="true" absoluteSize="true" widthRate="0.0" heightRate="0.0" width="441" height="163" usePosition="true" relativePoint="TOP_LEFT" anchorPoint="TOP_LEFT" relativeTo="" anchoredX="2.0" anchoredY="1.0" useFont="false" styleName="undefined" fontName="undefined" fontColor="00000000" fontLine="EMPTY" alwaysZero="0" tooltipType="undefined" tooltipText="-9999" tooltipAppearanceTime="-9999" scrollBarOffsetX="-9999" scrollBarOffsetY="-9999" scrollBarOffsetHeight="-9999">
                    <ListElement textStringId="2086" width="20" bAscend="true" bClickEnable="true" bNumber="false"/>
                    <ListElement textStringId="2095" width="30" bAscend="true" bClickEnable="true" bNumber="false"/>
                    <ListElement textStringId="2029" width="124" bAscend="true" bClickEnable="true" bNumber="false"/>
                    <ListElement textStringId="413" width="196" bAscend="true" bClickEnable="true" bNumber="false"/>
                    <ListElement textStringId="2099" width="71" bAscend="true" bClickEnable="true" bNumber="false"/>
                    <ListElement textStringId="-1" width="0" bAscend="true" bClickEnable="true" bNumber="false"/>
                </ListCtrl>
                <CheckBox titleIndex="927" titleText="undefined" checked="true" maxWidth="-9999" checkTexture="L2UI.Control.CheckBox_checked" unCheckTexture="L2UI.Control.CheckBox" disableTexture="L2UI.Control.CheckBox_unable" disableCheckTexture="L2UI.Control.CheckBox_checked_unable" name="ReceivePostCheck_all" extendsName="undefined" alwaysOnTop="true" parentName="ReceivePost" preOrder="undefined" postOrder="undefined" anchored="false" superChild="true" relativeSize="true" absoluteSize="true" widthRate="0.0" heightRate="0.0" width="12" height="12" usePosition="true" relativePoint="TOP_LEFT" anchorPoint="TOP_LEFT" relativeTo="" anchoredX="6.0" anchoredY="5.0" useFont="false" styleName="undefined" fontName="undefined" fontColor="00000000" fontLine="EMPTY" alwaysZero="0" tooltipType="undefined" tooltipText="-9999" tooltipAppearanceTime="-9999" scrollBarOffsetX="-9999" scrollBarOffsetY="-9999" scrollBarOffsetHeight="-9999"/>
                <CheckBox titleIndex="927" titleText="undefined" checked="true" maxWidth="-9999" checkTexture="L2UI.Control.CheckBox_checked" unCheckTexture="L2UI.Control.CheckBox" disableTexture="L2UI.Control.CheckBox_unable" disableCheckTexture="L2UI.Control.CheckBox_checked_unable" name="ReceivePostCheck_0" extendsName="undefined" alwaysOnTop="true" parentName="ReceivePost" preOrder="undefined" postOrder="undefined" anchored="false" superChild="true" relativeSize="true" absoluteSize="true" widthRate="0.0" heightRate="0.0" width="12" height="12" usePosition="true" relativePoint="TOP_LEFT" anchorPoint="TOP_LEFT" relativeTo="" anchoredX="6.0" anchoredY="24.0" useFont="false" styleName="undefined" fontName="undefined" fontColor="00000000" fontLine="EMPTY" alwaysZero="0" tooltipType="undefined" tooltipText="-9999" tooltipAppearanceTime="-9999" scrollBarOffsetX="-9999" scrollBarOffsetY="-9999" scrollBarOffsetHeight="-9999"/>
                <CheckBox titleIndex="927" titleText="undefined" checked="true" maxWidth="-9999" checkTexture="L2UI.Control.CheckBox_checked" unCheckTexture="L2UI.Control.CheckBox" disableTexture="L2UI.Control.CheckBox_unable" disableCheckTexture="L2UI.Control.CheckBox_checked_unable" name="ReceivePostCheck_1" extendsName="undefined" alwaysOnTop="true" parentName="ReceivePost" preOrder="undefined" postOrder="undefined" anchored="false" superChild="true" relativeSize="true" absoluteSize="true" widthRate="0.0" heightRate="0.0" width="12" height="12" usePosition="true" relativePoint="TOP_LEFT" anchorPoint="TOP_LEFT" relativeTo="" anchoredX="6.0" anchoredY="42.0" useFont="false" styleName="undefined" fontName="undefined" fontColor="00000000" fontLine="EMPTY" alwaysZero="0" tooltipType="undefined" tooltipText="-9999" tooltipAppearanceTime="-9999" scrollBarOffsetX="-9999" scrollBarOffsetY="-9999" scrollBarOffsetHeight="-9999"/>
                <CheckBox titleIndex="927" titleText="undefined" checked="true" maxWidth="-9999" checkTexture="L2UI.Control.CheckBox_checked" unCheckTexture="L2UI.Control.CheckBox" disableTexture="L2UI.Control.CheckBox_unable" disableCheckTexture="L2UI.Control.CheckBox_checked_unable" name="ReceivePostCheck_2" extendsName="undefined" alwaysOnTop="true" parentName="ReceivePost" preOrder="undefined" postOrder="undefined" anchored="false" superChild="true" relativeSize="true" absoluteSize="true" widthRate="0.0" heightRate="0.0" width="12" height="12" usePosition="true" relativePoint="TOP_LEFT" anchorPoint="TOP_LEFT" relativeTo="" anchoredX="6.0" anchoredY="60.0" useFont="false" styleName="undefined" fontName="undefined" fontColor="00000000" fontLine="EMPTY" alwaysZero="0" tooltipType="undefined" tooltipText="-9999" tooltipAppearanceTime="-9999" scrollBarOffsetX="-9999" scrollBarOffsetY="-9999" scrollBarOffsetHeight="-9999"/>
                <CheckBox titleIndex="927" titleText="undefined" checked="true" maxWidth="-9999" checkTexture="L2UI.Control.CheckBox_checked" unCheckTexture="L2UI.Control.CheckBox" disableTexture="L2UI.Control.CheckBox_unable" disableCheckTexture="L2UI.Control.CheckBox_checked_unable" name="ReceivePostCheck_3" extendsName="undefined" alwaysOnTop="true" parentName="ReceivePost" preOrder="undefined" postOrder="undefined" anchored="false" superChild="true" relativeSize="true" absoluteSize="true" widthRate="0.0" heightRate="0.0" width="12" height="12" usePosition="true" relativePoint="TOP_LEFT" anchorPoint="TOP_LEFT" relativeTo="" anchoredX="6.0" anchoredY="78.0" useFont="false" styleName="undefined" fontName="undefined" fontColor="00000000" fontLine="EMPTY" alwaysZero="0" tooltipType="undefined" tooltipText="-9999" tooltipAppearanceTime="-9999" scrollBarOffsetX="-9999" scrollBarOffsetY="-9999" scrollBarOffsetHeight="-9999"/>
                <CheckBox titleIndex="927" titleText="undefined" checked="true" maxWidth="-9999" checkTexture="L2UI.Control.CheckBox_checked" unCheckTexture="L2UI.Control.CheckBox" disableTexture="L2UI.Control.CheckBox_unable" disableCheckTexture="L2UI.Control.CheckBox_checked_unable" name="ReceivePostCheck_4" extendsName="undefined" alwaysOnTop="true" parentName="ReceivePost" preOrder="undefined" postOrder="undefined" anchored="false" superChild="true" relativeSize="true" absoluteSize="true" widthRate="0.0" heightRate="0.0" width="12" height="12" usePosition="true" relativePoint="TOP_LEFT" anchorPoint="TOP_LEFT" relativeTo="" anchoredX="6.0" anchoredY="96.0" useFont="false" styleName="undefined" fontName="undefined" fontColor="00000000" fontLine="EMPTY" alwaysZero="0" tooltipType="undefined" tooltipText="-9999" tooltipAppearanceTime="-9999" scrollBarOffsetX="-9999" scrollBarOffsetY="-9999" scrollBarOffsetHeight="-9999"/>
                <CheckBox titleIndex="927" titleText="undefined" checked="true" maxWidth="-9999" checkTexture="L2UI.Control.CheckBox_checked" unCheckTexture="L2UI.Control.CheckBox" disableTexture="L2UI.Control.CheckBox_unable" disableCheckTexture="L2UI.Control.CheckBox_checked_unable" name="ReceivePostCheck_5" extendsName="undefined" alwaysOnTop="true" parentName="ReceivePost" preOrder="undefined" postOrder="undefined" anchored="false" superChild="true" relativeSize="true" absoluteSize="true" widthRate="0.0" heightRate="0.0" width="12" height="12" usePosition="true" relativePoint="TOP_LEFT" anchorPoint="TOP_LEFT" relativeTo="" anchoredX="6.0" anchoredY="114.0" useFont="false" styleName="undefined" fontName="undefined" fontColor="00000000" fontLine="EMPTY" alwaysZero="0" tooltipType="undefined" tooltipText="-9999" tooltipAppearanceTime="-9999" scrollBarOffsetX="-9999" scrollBarOffsetY="-9999" scrollBarOffsetHeight="-9999"/>
                <CheckBox titleIndex="927" titleText="undefined" checked="true" maxWidth="-9999" checkTexture="L2UI.Control.CheckBox_checked" unCheckTexture="L2UI.Control.CheckBox" disableTexture="L2UI.Control.CheckBox_unable" disableCheckTexture="L2UI.Control.CheckBox_checked_unable" name="ReceivePostCheck_6" extendsName="undefined" alwaysOnTop="true" parentName="ReceivePost" preOrder="undefined" postOrder="undefined" anchored="false" superChild="true" relativeSize="true" absoluteSize="true" widthRate="0.0" heightRate="0.0" width="12" height="12" usePosition="true" relativePoint="TOP_LEFT" anchorPoint="TOP_LEFT" relativeTo="" anchoredX="6.0" anchoredY="132.0" useFont="false" styleName="undefined" fontName="undefined" fontColor="00000000" fontLine="EMPTY" alwaysZero="0" tooltipType="undefined" tooltipText="-9999" tooltipAppearanceTime="-9999" scrollBarOffsetX="-9999" scrollBarOffsetY="-9999" scrollBarOffsetHeight="-9999"/>
                <CheckBox titleIndex="927" titleText="undefined" checked="true" maxWidth="-9999" checkTexture="L2UI.Control.CheckBox_checked" unCheckTexture="L2UI.Control.CheckBox" disableTexture="L2UI.Control.CheckBox_unable" disableCheckTexture="L2UI.Control.CheckBox_checked_unable" name="ReceivePostCheck_7" extendsName="undefined" alwaysOnTop="true" parentName="ReceivePost" preOrder="undefined" postOrder="undefined" anchored="false" superChild="true" relativeSize="true" absoluteSize="true" widthRate="0.0" heightRate="0.0" width="12" height="12" usePosition="true" relativePoint="TOP_LEFT" anchorPoint="TOP_LEFT" relativeTo="" anchoredX="6.0" anchoredY="150.0" useFont="false" styleName="undefined" fontName="undefined" fontColor="00000000" fontLine="EMPTY" alwaysZero="0" tooltipType="undefined" tooltipText="-9999" tooltipAppearanceTime="-9999" scrollBarOffsetX="-9999" scrollBarOffsetY="-9999" scrollBarOffsetHeight="-9999"/>
                <TextBox text="undefined" textAlign="Center" textVAlign="Undefined" fontType="Normal" backTex="undefined" sysString="-9999" systemMsg="-9999" textColor="DCDCDCFF" autosize="true" name="ReceiveListNumber" extendsName="undefined" parentName="ReceivePost" preOrder="undefined" postOrder="undefined" anchored="true" superChild="true" relativeSize="true" absoluteSize="true" widthRate="0.0" heightRate="0.0" width="0" height="14" usePosition="true" relativePoint="BOTTOM_CENTER" anchorPoint="BOTTOM_CENTER" relativeTo="" anchoredX="0.0" anchoredY="-44.0" useFont="false" styleName="undefined" fontName="undefined" fontColor="00000000" fontLine="EMPTY" alwaysZero="0" tooltipType="undefined" tooltipText="-9999" tooltipAppearanceTime="-9999" scrollBarOffsetX="-9999" scrollBarOffsetY="-9999" scrollBarOffsetHeight="-9999"/>
                <Button normalTex="L2UI_ch3.Button.prev1" pushedTex="L2UI_ch3.Button.prev1_down" highlightTex="undefined" dropTex="undefined" buttonName="-9999" buttonNameText="undefined" disableTime="-9999" disableTex="undefined" name="ReceiveListPrevBtn" extendsName="undefined" parentName="ReceivePost" preOrder="undefined" postOrder="undefined" anchored="true" superChild="true" relativeSize="true" absoluteSize="true" widthRate="0.0" heightRate="0.0" width="15" height="15" usePosition="true" relativePoint="TOP_LEFT" anchorPoint="TOP_LEFT" relativeTo="" anchoredX="188.0" anchoredY="176.0" useFont="false" styleName="undefined" fontName="undefined" fontColor="00000000" fontLine="EMPTY" alwaysZero="0" tooltipType="undefined" tooltipText="-9999" tooltipAppearanceTime="-9999" scrollBarOffsetX="-9999" scrollBarOffsetY="-9999" scrollBarOffsetHeight="-9999"/>
                <Button normalTex="L2UI_ch3.Button.next1" pushedTex="L2UI_ch3.Button.next1_down" highlightTex="undefined" dropTex="undefined" buttonName="-9999" buttonNameText="undefined" disableTime="-9999" disableTex="undefined" name="ReceiveListNextBtn" extendsName="undefined" parentName="ReceivePost" preOrder="undefined" postOrder="undefined" anchored="true" superChild="true" relativeSize="true" absoluteSize="true" widthRate="0.0" heightRate="0.0" width="15" height="15" usePosition="true" relativePoint="TOP_LEFT" anchorPoint="TOP_LEFT" relativeTo="" anchoredX="244.0" anchoredY="176.0" useFont="false" styleName="undefined" fontName="undefined" fontColor="00000000" fontLine="EMPTY" alwaysZero="0" tooltipType="undefined" tooltipText="-9999" tooltipAppearanceTime="-9999" scrollBarOffsetX="-9999" scrollBarOffsetY="-9999" scrollBarOffsetHeight="-9999"/>
                <Button normalTex="undefined" pushedTex="undefined" highlightTex="undefined" dropTex="undefined" buttonName="425" buttonNameText="undefined" disableTime="-9999" disableTex="undefined" name="ReceiveDelBtn" extendsName="undefined" parentName="ReceivePost" preOrder="undefined" postOrder="undefined" anchored="true" superChild="true" relativeSize="true" absoluteSize="true" widthRate="0.0" heightRate="0.0" width="84" height="27" usePosition="true" relativePoint="TOP_LEFT" anchorPoint="TOP_LEFT" relativeTo="" anchoredX="5.0" anchoredY="210.0" useFont="false" styleName="undefined" fontName="undefined" fontColor="00000000" fontLine="EMPTY" alwaysZero="0" tooltipType="undefined" tooltipText="-9999" tooltipAppearanceTime="-9999" scrollBarOffsetX="-9999" scrollBarOffsetY="-9999" scrollBarOffsetHeight="-9999"/>
                <Button normalTex="undefined" pushedTex="undefined" highlightTex="undefined" dropTex="undefined" buttonName="2072" buttonNameText="undefined" disableTime="-9999" disableTex="undefined" name="PaymentPostSendBtn" extendsName="undefined" parentName="ReceivePost" preOrder="undefined" postOrder="undefined" anchored="true" superChild="true" relativeSize="true" absoluteSize="true" widthRate="0.0" heightRate="0.0" width="90" height="27" usePosition="true" relativePoint="TOP_LEFT" anchorPoint="TOP_LEFT" relativeTo="" anchoredX="263.0" anchoredY="210.0" useFont="false" styleName="undefined" fontName="undefined" fontColor="00000000" fontLine="EMPTY" alwaysZero="0" tooltipType="undefined" tooltipText="-9999" tooltipAppearanceTime="-9999" scrollBarOffsetX="-9999" scrollBarOffsetY="-9999" scrollBarOffsetHeight="-9999"/>
                <Button normalTex="undefined" pushedTex="undefined" highlightTex="undefined" dropTex="undefined" buttonName="2071" buttonNameText="undefined" disableTime="-9999" disableTex="undefined" name="PostSendBtn" extendsName="undefined" parentName="ReceivePost" preOrder="undefined" postOrder="undefined" anchored="true" superChild="true" relativeSize="true" absoluteSize="true" widthRate="0.0" heightRate="0.0" width="90" height="27" usePosition="true" relativePoint="TOP_LEFT" anchorPoint="TOP_LEFT" relativeTo="" anchoredX="353.0" anchoredY="210.0" useFont="false" styleName="undefined" fontName="undefined" fontColor="00000000" fontLine="EMPTY" alwaysZero="0" tooltipType="undefined" tooltipText="-9999" tooltipAppearanceTime="-9999" scrollBarOffsetX="-9999" scrollBarOffsetY="-9999" scrollBarOffsetHeight="-9999"/>
            </Children>
        </Window>
        <Window parent="undefined" backTex="undefined" script="undefined" state="undefined" hidden="true" title="-9999" frameSize="None" frameDirection="None" resizeFrameDirection="None" resizeFrameX="-9999.0" resizeFrameY="-9999.0" resizeFrameWidth="-9999.0" resizeFrameHeight="-9999.0" resizeMaxIncrease="0" drawerDirection="None" offsetX="0" offsetY="0" ownerWindow="" showAnimType="None" hideAnimType="None" showAnimDirection="None" showAnimSeconds="0.0" hideAnimDirection="None" hideAnimSeconds="0.0" iconName="undefined" tooltipIdx="-9999" workingConfiguration="Game" leftTextureName="undefined" midTextureName="undefined" rightTextureName="undefined" minimizeBtnTextureNormal="undefined" minimizeBtnTexturePushed="undefined" closeBtnTextureNormal="undefined" closeBtnTexturePushed="undefined" leftBackTextureWidth="-9999" midBackTextureWidth="-9999" name="SendPost" extendsName="undefined" parentName="PostBoxWnd" preOrder="undefined" postOrder="undefined" anchored="false" superChild="true" relativeSize="true" absoluteSize="true" widthRate="0.0" heightRate="0.0" width="445" height="235" usePosition="true" relativePoint="TOP_LEFT" anchorPoint="TOP_LEFT" relativeTo="" anchoredX="7.0" anchoredY="58.0" useFont="false" styleName="undefined" fontName="undefined" fontColor="00000000" fontLine="EMPTY" alwaysZero="0" tooltipType="undefined" tooltipText="-9999" tooltipAppearanceTime="-9999" scrollBarOffsetX="-9999" scrollBarOffsetY="-9999" scrollBarOffsetHeight="-9999">
            <Children>
                <Texture file="L2UI_ct1.Divider.Divider_DF_GroupBox" alphaMask="" type="Stretch" layer="Background" u="0.0" v="0.0" uSize="0.0" vSize="0.0" alpha="-9999" autoRotate="None" maskLayer="0.0" colorModify="FFFFFFFF" name="SendGroupLine" extendsName="undefined" alwaysOnTop="true" alwaysOnBack="true" parentName="SendPost" preOrder="undefined" postOrder="undefined" anchored="false" superChild="true" relativeSize="true" absoluteSize="true" widthRate="0.0" heightRate="0.0" width="443" height="1" usePosition="true" relativePoint="TOP_LEFT" anchorPoint="TOP_LEFT" relativeTo="" anchoredX="1.0" anchoredY="164.0" useFont="false" styleName="undefined" fontName="undefined" fontColor="00000000" fontLine="EMPTY" virtual="true" alwaysZero="0" tooltipType="undefined" tooltipText="-9999" tooltipAppearanceTime="-9999" scrollBarOffsetX="-9999" scrollBarOffsetY="-9999" scrollBarOffsetHeight="-9999"/>
                <TextBox text="undefined" textAlign="Center" textVAlign="Undefined" fontType="Normal" backTex="undefined" sysString="-9999" systemMsg="-9999" textColor="DCDCDCFF" autosize="true" name="SendListNumber" extendsName="undefined" parentName="SendPost" preOrder="undefined" postOrder="undefined" anchored="true" superChild="true" relativeSize="true" absoluteSize="true" widthRate="0.0" heightRate="0.0" width="0" height="14" usePosition="true" relativePoint="BOTTOM_CENTER" anchorPoint="BOTTOM_CENTER" relativeTo="" anchoredX="0.0" anchoredY="-44.0" useFont="false" styleName="undefined" fontName="undefined" fontColor="00000000" fontLine="EMPTY" alwaysZero="0" tooltipType="undefined" tooltipText="-9999" tooltipAppearanceTime="-9999" scrollBarOffsetX="-9999" scrollBarOffsetY="-9999" scrollBarOffsetHeight="-9999"/>
                <CheckBox titleIndex="927" titleText="undefined" checked="true" maxWidth="-9999" checkTexture="L2UI.Control.CheckBox_checked" unCheckTexture="L2UI.Control.CheckBox" disableTexture="L2UI.Control.CheckBox_unable" disableCheckTexture="L2UI.Control.CheckBox_checked_unable" name="SendPostCheck_all" extendsName="undefined" alwaysOnTop="true" parentName="SendPost" preOrder="undefined" postOrder="undefined" anchored="false" superChild="true" relativeSize="true" absoluteSize="true" widthRate="0.0" heightRate="0.0" width="12" height="12" usePosition="true" relativePoint="TOP_LEFT" anchorPoint="TOP_LEFT" relativeTo="" anchoredX="6.0" anchoredY="5.0" useFont="false" styleName="undefined" fontName="undefined" fontColor="00000000" fontLine="EMPTY" alwaysZero="0" tooltipType="undefined" tooltipText="-9999" tooltipAppearanceTime="-9999" scrollBarOffsetX="-9999" scrollBarOffsetY="-9999" scrollBarOffsetHeight="-9999"/>
                <CheckBox titleIndex="927" titleText="undefined" checked="true" maxWidth="-9999" checkTexture="L2UI.Control.CheckBox_checked" unCheckTexture="L2UI.Control.CheckBox" disableTexture="L2UI.Control.CheckBox_unable" disableCheckTexture="L2UI.Control.CheckBox_checked_unable" name="SendPostCheck_0" extendsName="undefined" alwaysOnTop="true" parentName="SendPost" preOrder="undefined" postOrder="undefined" anchored="false" superChild="true" relativeSize="true" absoluteSize="true" widthRate="0.0" heightRate="0.0" width="12" height="12" usePosition="true" relativePoint="TOP_LEFT" anchorPoint="TOP_LEFT" relativeTo="" anchoredX="6.0" anchoredY="24.0" useFont="false" styleName="undefined" fontName="undefined" fontColor="00000000" fontLine="EMPTY" alwaysZero="0" tooltipType="undefined" tooltipText="-9999" tooltipAppearanceTime="-9999" scrollBarOffsetX="-9999" scrollBarOffsetY="-9999" scrollBarOffsetHeight="-9999"/>
                <CheckBox titleIndex="927" titleText="undefined" checked="true" maxWidth="-9999" checkTexture="L2UI.Control.CheckBox_checked" unCheckTexture="L2UI.Control.CheckBox" disableTexture="L2UI.Control.CheckBox_unable" disableCheckTexture="L2UI.Control.CheckBox_checked_unable" name="SendPostCheck_1" extendsName="undefined" alwaysOnTop="true" parentName="SendPost" preOrder="undefined" postOrder="undefined" anchored="false" superChild="true" relativeSize="true" absoluteSize="true" widthRate="0.0" heightRate="0.0" width="12" height="12" usePosition="true" relativePoint="TOP_LEFT" anchorPoint="TOP_LEFT" relativeTo="" anchoredX="6.0" anchoredY="42.0" useFont="false" styleName="undefined" fontName="undefined" fontColor="00000000" fontLine="EMPTY" alwaysZero="0" tooltipType="undefined" tooltipText="-9999" tooltipAppearanceTime="-9999" scrollBarOffsetX="-9999" scrollBarOffsetY="-9999" scrollBarOffsetHeight="-9999"/>
                <CheckBox titleIndex="927" titleText="undefined" checked="true" maxWidth="-9999" checkTexture="L2UI.Control.CheckBox_checked" unCheckTexture="L2UI.Control.CheckBox" disableTexture="L2UI.Control.CheckBox_unable" disableCheckTexture="L2UI.Control.CheckBox_checked_unable" name="SendPostCheck_2" extendsName="undefined" alwaysOnTop="true" parentName="SendPost" preOrder="undefined" postOrder="undefined" anchored="false" superChild="true" relativeSize="true" absoluteSize="true" widthRate="0.0" heightRate="0.0" width="12" height="12" usePosition="true" relativePoint="TOP_LEFT" anchorPoint="TOP_LEFT" relativeTo="" anchoredX="6.0" anchoredY="60.0" useFont="false" styleName="undefined" fontName="undefined" fontColor="00000000" fontLine="EMPTY" alwaysZero="0" tooltipType="undefined" tooltipText="-9999" tooltipAppearanceTime="-9999" scrollBarOffsetX="-9999" scrollBarOffsetY="-9999" scrollBarOffsetHeight="-9999"/>
                <CheckBox titleIndex="927" titleText="undefined" checked="true" maxWidth="-9999" checkTexture="L2UI.Control.CheckBox_checked" unCheckTexture="L2UI.Control.CheckBox" disableTexture="L2UI.Control.CheckBox_unable" disableCheckTexture="L2UI.Control.CheckBox_checked_unable" name="SendPostCheck_3" extendsName="undefined" alwaysOnTop="true" parentName="SendPost" preOrder="undefined" postOrder="undefined" anchored="false" superChild="true" relativeSize="true" absoluteSize="true" widthRate="0.0" heightRate="0.0" width="12" height="12" usePosition="true" relativePoint="TOP_LEFT" anchorPoint="TOP_LEFT" relativeTo="" anchoredX="6.0" anchoredY="78.0" useFont="false" styleName="undefined" fontName="undefined" fontColor="00000000" fontLine="EMPTY" alwaysZero="0" tooltipType="undefined" tooltipText="-9999" tooltipAppearanceTime="-9999" scrollBarOffsetX="-9999" scrollBarOffsetY="-9999" scrollBarOffsetHeight="-9999"/>
                <CheckBox titleIndex="927" titleText="undefined" checked="true" maxWidth="-9999" checkTexture="L2UI.Control.CheckBox_checked" unCheckTexture="L2UI.Control.CheckBox" disableTexture="L2UI.Control.CheckBox_unable" disableCheckTexture="L2UI.Control.CheckBox_checked_unable" name="SendPostCheck_4" extendsName="undefined" alwaysOnTop="true" parentName="SendPost" preOrder="undefined" postOrder="undefined" anchored="false" superChild="true" relativeSize="true" absoluteSize="true" widthRate="0.0" heightRate="0.0" width="12" height="12" usePosition="true" relativePoint="TOP_LEFT" anchorPoint="TOP_LEFT" relativeTo="" anchoredX="6.0" anchoredY="96.0" useFont="false" styleName="undefined" fontName="undefined" fontColor="00000000" fontLine="EMPTY" alwaysZero="0" tooltipType="undefined" tooltipText="-9999" tooltipAppearanceTime="-9999" scrollBarOffsetX="-9999" scrollBarOffsetY="-9999" scrollBarOffsetHeight="-9999"/>
                <CheckBox titleIndex="927" titleText="undefined" checked="true" maxWidth="-9999" checkTexture="L2UI.Control.CheckBox_checked" unCheckTexture="L2UI.Control.CheckBox" disableTexture="L2UI.Control.CheckBox_unable" disableCheckTexture="L2UI.Control.CheckBox_checked_unable" name="SendPostCheck_5" extendsName="undefined" alwaysOnTop="true" parentName="SendPost" preOrder="undefined" postOrder="undefined" anchored="false" superChild="true" relativeSize="true" absoluteSize="true" widthRate="0.0" heightRate="0.0" width="12" height="12" usePosition="true" relativePoint="TOP_LEFT" anchorPoint="TOP_LEFT" relativeTo="" anchoredX="6.0" anchoredY="114.0" useFont="false" styleName="undefined" fontName="undefined" fontColor="00000000" fontLine="EMPTY" alwaysZero="0" tooltipType="undefined" tooltipText="-9999" tooltipAppearanceTime="-9999" scrollBarOffsetX="-9999" scrollBarOffsetY="-9999" scrollBarOffsetHeight="-9999"/>
                <CheckBox titleIndex="927" titleText="undefined" checked="true" maxWidth="-9999" checkTexture="L2UI.Control.CheckBox_checked" unCheckTexture="L2UI.Control.CheckBox" disableTexture="L2UI.Control.CheckBox_unable" disableCheckTexture="L2UI.Control.CheckBox_checked_unable" name="SendPostCheck_6" extendsName="undefined" alwaysOnTop="true" parentName="SendPost" preOrder="undefined" postOrder="undefined" anchored="false" superChild="true" relativeSize="true" absoluteSize="true" widthRate="0.0" heightRate="0.0" width="12" height="12" usePosition="true" relativePoint="TOP_LEFT" anchorPoint="TOP_LEFT" relativeTo="" anchoredX="6.0" anchoredY="132.0" useFont="false" styleName="undefined" fontName="undefined" fontColor="00000000" fontLine="EMPTY" alwaysZero="0" tooltipType="undefined" tooltipText="-9999" tooltipAppearanceTime="-9999" scrollBarOffsetX="-9999" scrollBarOffsetY="-9999" scrollBarOffsetHeight="-9999"/>
                <CheckBox titleIndex="927" titleText="undefined" checked="true" maxWidth="-9999" checkTexture="L2UI.Control.CheckBox_checked" unCheckTexture="L2UI.Control.CheckBox" disableTexture="L2UI.Control.CheckBox_unable" disableCheckTexture="L2UI.Control.CheckBox_checked_unable" name="SendPostCheck_7" extendsName="undefined" alwaysOnTop="true" parentName="SendPost" preOrder="undefined" postOrder="undefined" anchored="false" superChild="true" relativeSize="true" absoluteSize="true" widthRate="0.0" heightRate="0.0" width="12" height="12" usePosition="true" relativePoint="TOP_LEFT" anchorPoint="TOP_LEFT" relativeTo="" anchoredX="6.0" anchoredY="150.0" useFont="false" styleName="undefined" fontName="undefined" fontColor="00000000" fontLine="EMPTY" alwaysZero="0" tooltipType="undefined" tooltipText="-9999" tooltipAppearanceTime="-9999" scrollBarOffsetX="-9999" scrollBarOffsetY="-9999" scrollBarOffsetHeight="-9999"/>
                <Texture file="L2UI_ct1.ListCtrl.ListCTRL_DF_Decoration" alphaMask="" type="Stretch" layer="Normal" u="0.0" v="0.0" uSize="0.0" vSize="0.0" alpha="-9999" autoRotate="None" maskLayer="0.0" colorModify="FFFFFFFF" name="SendPostListDeco" extendsName="undefined" alwaysOnTop="true" parentName="SendPost" preOrder="undefined" postOrder="undefined" anchored="false" superChild="true" relativeSize="true" absoluteSize="true" widthRate="0.0" heightRate="0.0" width="443" height="19" usePosition="true" relativePoint="TOP_LEFT" anchorPoint="TOP_LEFT" relativeTo="" anchoredX="1.0" anchoredY="1.0" useFont="false" styleName="undefined" fontName="undefined" fontColor="00000000" fontLine="EMPTY" virtual="true" alwaysZero="0" tooltipType="undefined" tooltipText="-9999" tooltipAppearanceTime="-9999" scrollBarOffsetX="-9999" scrollBarOffsetY="-9999" scrollBarOffsetHeight="-9999"/>
                <ListCtrl maxRow="8" showRow="8" useVScroll="true" contentsHeight="18" headerHeight="19" usePageBrowser="false" useWheelForScroll="true" compareTooltip="false" name="SendPostList" extendsName="undefined" parentName="SendPost" preOrder="undefined" postOrder="undefined" anchored="true" superChild="true" relativeSize="true" absoluteSize="true" widthRate="0.0" heightRate="0.0" width="441" height="163" usePosition="true" relativePoint="TOP_LEFT" anchorPoint="TOP_LEFT" relativeTo="" anchoredX="2.0" anchoredY="1.0" useFont="false" styleName="undefined" fontName="undefined" fontColor="00000000" fontLine="EMPTY" alwaysZero="0" tooltipType="undefined" tooltipText="-9999" tooltipAppearanceTime="-9999" scrollBarOffsetX="-9999" scrollBarOffsetY="-9999" scrollBarOffsetHeight="-9999">
                    <ListElement textStringId="2086" width="20" bAscend="true" bClickEnable="true" bNumber="false"/>
                    <ListElement textStringId="2095" width="30" bAscend="true" bClickEnable="true" bNumber="false"/>
                    <ListElement textStringId="909" width="124" bAscend="true" bClickEnable="true" bNumber="false"/>
                    <ListElement textStringId="413" width="196" bAscend="true" bClickEnable="true" bNumber="false"/>
                    <ListElement textStringId="2099" width="71" bAscend="true" bClickEnable="true" bNumber="false"/>
                    <ListElement textStringId="-1" width="0" bAscend="true" bClickEnable="true" bNumber="false"/>
                </ListCtrl>
                <Button normalTex="L2UI_ch3.Button.prev1" pushedTex="L2UI_ch3.Button.prev1_down" highlightTex="undefined" dropTex="undefined" buttonName="-9999" buttonNameText="undefined" disableTime="-9999" disableTex="undefined" name="SendListPrevBtn" extendsName="undefined" parentName="SendPost" preOrder="undefined" postOrder="undefined" anchored="true" superChild="true" relativeSize="true" absoluteSize="true" widthRate="0.0" heightRate="0.0" width="15" height="15" usePosition="true" relativePoint="TOP_LEFT" anchorPoint="TOP_LEFT" relativeTo="" anchoredX="188.0" anchoredY="176.0" useFont="false" styleName="undefined" fontName="undefined" fontColor="00000000" fontLine="EMPTY" alwaysZero="0" tooltipType="undefined" tooltipText="-9999" tooltipAppearanceTime="-9999" scrollBarOffsetX="-9999" scrollBarOffsetY="-9999" scrollBarOffsetHeight="-9999"/>
                <Button normalTex="L2UI_ch3.Button.next1" pushedTex="L2UI_ch3.Button.next1_down" highlightTex="undefined" dropTex="undefined" buttonName="-9999" buttonNameText="undefined" disableTime="-9999" disableTex="undefined" name="SendListNextBtn" extendsName="undefined" parentName="SendPost" preOrder="undefined" postOrder="undefined" anchored="true" superChild="true" relativeSize="true" absoluteSize="true" widthRate="0.0" heightRate="0.0" width="15" height="15" usePosition="true" relativePoint="TOP_LEFT" anchorPoint="TOP_LEFT" relativeTo="" anchoredX="244.0" anchoredY="176.0" useFont="false" styleName="undefined" fontName="undefined" fontColor="00000000" fontLine="EMPTY" alwaysZero="0" tooltipType="undefined" tooltipText="-9999" tooltipAppearanceTime="-9999" scrollBarOffsetX="-9999" scrollBarOffsetY="-9999" scrollBarOffsetHeight="-9999"/>
                <Button normalTex="undefined" pushedTex="undefined" highlightTex="undefined" dropTex="undefined" buttonName="425" buttonNameText="undefined" disableTime="-9999" disableTex="undefined" name="SendDelBtn" extendsName="undefined" parentName="SendPost" preOrder="undefined" postOrder="undefined" anchored="true" superChild="true" relativeSize="true" absoluteSize="true" widthRate="0.0" heightRate="0.0" width="84" height="27" usePosition="true" relativePoint="TOP_LEFT" anchorPoint="TOP_LEFT" relativeTo="" anchoredX="5.0" anchoredY="210.0" useFont="false" styleName="undefined" fontName="undefined" fontColor="00000000" fontLine="EMPTY" alwaysZero="0" tooltipType="undefined" tooltipText="-9999" tooltipAppearanceTime="-9999" scrollBarOffsetX="-9999" scrollBarOffsetY="-9999" scrollBarOffsetHeight="-9999"/>
            </Children>
        </Window>
    </Children>
</Window>
