<?xml version="1.0" encoding="UTF-8" standalone="yes"?>
<Window parent="undefined" backTex="L2UI_ct1.Windows.Windows_DF_Large_Bg_Darker" script="PVBuilderCmdWnd" state="PawnViewerState" frame="true" stuckable="true" title="-9999" frameSize="Big" frameDirection="Top" exitbutton="true" movable="true" resizeFrameDirection="None" resizeFrameX="-9999.0" resizeFrameY="-9999.0" resizeFrameWidth="-9999.0" resizeFrameHeight="-9999.0" resizeMaxIncrease="197843768" drawerDirection="None" offsetX="0" offsetY="0" ownerWindow="" showAnimType="None" hideAnimType="None" showAnimDirection="None" showAnimSeconds="0.0" hideAnimDirection="None" hideAnimSeconds="0.0" iconName="undefined" tooltipIdx="-9999" workingConfiguration="Game" leftTextureName="undefined" midTextureName="undefined" rightTextureName="undefined" minimizeBtnTextureNormal="undefined" minimizeBtnTexturePushed="undefined" closeBtnTextureNormal="undefined" closeBtnTexturePushed="undefined" leftBackTextureWidth="-9999" midBackTextureWidth="-9999" showInArena="true" name="PVBuilderCmdWnd" extendsName="undefined" parentName="" preOrder="undefined" postOrder="undefined" anchored="false" superChild="true" relativeSize="true" absoluteSize="true" widthRate="0.0" heightRate="0.0" width="314" height="577" usePosition="true" relativePoint="BOTTOM_RIGHT" anchorPoint="BOTTOM_RIGHT" relativeTo="" anchoredX="0.0" anchoredY="0.0" useFont="false" styleName="undefined" fontName="undefined" fontColor="00000000" fontLine="EMPTY" alwaysZero="0" tooltipType="undefined" tooltipText="-9999" tooltipAppearanceTime="-9999" scrollBarOffsetX="-9999" scrollBarOffsetY="-9999" scrollBarOffsetHeight="-9999">
    <State stateName="ArenaGamingState"/>
    <State stateName="ArenaPickState"/>
    <State stateName="ArenaBattleState"/>
    <Children>
        <Window parent="undefined" backTex="L2UI_ct1.GroupBox.GroupBox_DF" script="undefined" state="undefined" title="-9999" frameSize="None" frameDirection="None" resizeFrameDirection="None" resizeFrameX="-9999.0" resizeFrameY="-9999.0" resizeFrameWidth="-9999.0" resizeFrameHeight="-9999.0" resizeMaxIncrease="197851328" drawerDirection="None" offsetX="0" offsetY="0" ownerWindow="" showAnimType="None" hideAnimType="None" showAnimDirection="None" showAnimSeconds="0.0" hideAnimDirection="None" hideAnimSeconds="0.0" iconName="undefined" tooltipIdx="-9999" workingConfiguration="Game" leftTextureName="undefined" midTextureName="undefined" rightTextureName="undefined" minimizeBtnTextureNormal="undefined" minimizeBtnTexturePushed="undefined" closeBtnTextureNormal="undefined" closeBtnTexturePushed="undefined" leftBackTextureWidth="-9999" midBackTextureWidth="-9999" showInArena="true" name="Group4" extendsName="undefined" parentName="PVBuilderCmdWnd" preOrder="undefined" postOrder="undefined" anchored="true" superChild="true" relativeSize="true" absoluteSize="true" widthRate="0.0" heightRate="0.0" width="304" height="294" usePosition="true" relativePoint="TOP_LEFT" anchorPoint="BOTTOM_LEFT" relativeTo="Group3" anchoredX="0.0" anchoredY="5.0" useFont="false" styleName="undefined" fontName="undefined" fontColor="00000000" fontLine="EMPTY" alwaysZero="0" tooltipType="undefined" tooltipText="-9999" tooltipAppearanceTime="-9999" scrollBarOffsetX="-9999" scrollBarOffsetY="-9999" scrollBarOffsetHeight="-9999">
            <Children>
                <SliderCtrl isVerticalType="false" numOfTick="240" currTick="120" thumbBtnWidth="12" thumbBtnHeight="18" backTexture="L2UI_ch3.Button.slider_back" disableBackTexture="L2UI_ch3.Button.slider_back" thumbBtnNormalTexture="L2UI_ch3.Button.slider_cursor" thumbBtnDownTexture="L2UI_ch3.Button.slider_cursor_down" pushBtnWidth="-1" pushBtnHeight="-1" pushBtnAutoHitTime="300" decreaseBtnNormalTexture="" decreaseBtnDownTexture="" increaseBtnNormalTexture="" increaseBtnDownTexture="" tickTexture="" thumbBtnInclusive="true" name="sliderSetTime" extendsName="undefined" parentName="Group4" preOrder="undefined" postOrder="undefined" anchored="false" superChild="true" relativeSize="true" absoluteSize="true" widthRate="0.0" heightRate="0.0" width="162" height="19" usePosition="true" relativePoint="TOP_LEFT" anchorPoint="TOP_LEFT" relativeTo="" anchoredX="90.0" anchoredY="269.0" useFont="false" styleName="undefined" fontName="undefined" fontColor="00000000" fontLine="EMPTY" alwaysZero="0" tooltipType="undefined" tooltipText="-9999" tooltipAppearanceTime="-9999" scrollBarOffsetX="-9999" scrollBarOffsetY="-9999" scrollBarOffsetHeight="-9999"/>
                <ComboBox name="Location_ComboBox" extendsName="undefined" parentName="Group4" preOrder="undefined" postOrder="undefined" anchored="false" superChild="true" relativeSize="true" absoluteSize="true" widthRate="0.0" heightRate="0.0" width="82" height="20" usePosition="true" relativePoint="TOP_LEFT" anchorPoint="TOP_LEFT" relativeTo="" anchoredX="214.0" anchoredY="107.0" useFont="false" styleName="undefined" fontName="undefined" fontColor="00000000" fontLine="EMPTY" alwaysZero="0" tooltipType="undefined" tooltipText="-9999" tooltipAppearanceTime="-9999" scrollBarOffsetX="-9999" scrollBarOffsetY="-9999" scrollBarOffsetHeight="-9999"/>
                <EditBox editBoxType="NORMAL" maxLength="-9999" showCursor="true" chatMarkOn="false" offsetX="-9999" candidateBoxShowUpPos="true" useAutoCompletion="true" enableCopyNPaste="False" name="RideId_EditBox" extendsName="undefined" parentName="Group4" preOrder="undefined" postOrder="undefined" anchored="false" superChild="true" relativeSize="true" absoluteSize="true" widthRate="0.0" heightRate="0.0" width="95" height="17" usePosition="true" relativePoint="TOP_LEFT" anchorPoint="TOP_LEFT" relativeTo="" anchoredX="110.0" anchoredY="11.0" useFont="true" styleName="" fontName="__SYSTEMEDITBOXFONT" fontColor="00000000" fontLine="EMPTY" alwaysZero="0" tooltipType="undefined" tooltipText="-9999" tooltipAppearanceTime="-9999" scrollBarOffsetX="-9999" scrollBarOffsetY="-9999" scrollBarOffsetHeight="-9999"/>
                <EditBox editBoxType="NORMAL" maxLength="-9999" showCursor="true" chatMarkOn="false" offsetX="-9999" candidateBoxShowUpPos="true" useAutoCompletion="true" enableCopyNPaste="False" name="OffsetX_EditBox" extendsName="undefined" parentName="Group4" preOrder="undefined" postOrder="undefined" anchored="false" superChild="true" relativeSize="true" absoluteSize="true" widthRate="0.0" heightRate="0.0" width="45" height="17" usePosition="true" relativePoint="TOP_LEFT" anchorPoint="TOP_LEFT" relativeTo="" anchoredX="48.0" anchoredY="34.0" useFont="true" styleName="" fontName="__SYSTEMEDITBOXFONT" fontColor="00000000" fontLine="EMPTY" alwaysZero="0" tooltipType="undefined" tooltipText="-9999" tooltipAppearanceTime="-9999" scrollBarOffsetX="-9999" scrollBarOffsetY="-9999" scrollBarOffsetHeight="-9999"/>
                <EditBox editBoxType="NORMAL" maxLength="-9999" showCursor="true" chatMarkOn="false" offsetX="-9999" candidateBoxShowUpPos="true" useAutoCompletion="true" enableCopyNPaste="False" name="OffsetY_EditBox" extendsName="undefined" parentName="Group4" preOrder="undefined" postOrder="undefined" anchored="false" superChild="true" relativeSize="true" absoluteSize="true" widthRate="0.0" heightRate="0.0" width="45" height="17" usePosition="true" relativePoint="TOP_LEFT" anchorPoint="TOP_LEFT" relativeTo="" anchoredX="48.0" anchoredY="56.0" useFont="true" styleName="" fontName="__SYSTEMEDITBOXFONT" fontColor="00000000" fontLine="EMPTY" alwaysZero="0" tooltipType="undefined" tooltipText="-9999" tooltipAppearanceTime="-9999" scrollBarOffsetX="-9999" scrollBarOffsetY="-9999" scrollBarOffsetHeight="-9999"/>
                <EditBox editBoxType="NORMAL" maxLength="-9999" showCursor="true" chatMarkOn="false" offsetX="-9999" candidateBoxShowUpPos="true" useAutoCompletion="true" enableCopyNPaste="False" name="OffsetZ_EditBox" extendsName="undefined" parentName="Group4" preOrder="undefined" postOrder="undefined" anchored="false" superChild="true" relativeSize="true" absoluteSize="true" widthRate="0.0" heightRate="0.0" width="45" height="17" usePosition="true" relativePoint="TOP_LEFT" anchorPoint="TOP_LEFT" relativeTo="" anchoredX="48.0" anchoredY="78.0" useFont="true" styleName="" fontName="__SYSTEMEDITBOXFONT" fontColor="00000000" fontLine="EMPTY" alwaysZero="0" tooltipType="undefined" tooltipText="-9999" tooltipAppearanceTime="-9999" scrollBarOffsetX="-9999" scrollBarOffsetY="-9999" scrollBarOffsetHeight="-9999"/>
                <EditBox editBoxType="NORMAL" maxLength="-9999" showCursor="true" chatMarkOn="false" offsetX="-9999" candidateBoxShowUpPos="true" useAutoCompletion="true" enableCopyNPaste="False" name="Pitch_EditBox" extendsName="undefined" parentName="Group4" preOrder="undefined" postOrder="undefined" anchored="false" superChild="true" relativeSize="true" absoluteSize="true" widthRate="0.0" heightRate="0.0" width="45" height="17" usePosition="true" relativePoint="TOP_LEFT" anchorPoint="TOP_LEFT" relativeTo="" anchoredX="160.0" anchoredY="34.0" useFont="true" styleName="" fontName="__SYSTEMEDITBOXFONT" fontColor="00000000" fontLine="EMPTY" alwaysZero="0" tooltipType="undefined" tooltipText="-9999" tooltipAppearanceTime="-9999" scrollBarOffsetX="-9999" scrollBarOffsetY="-9999" scrollBarOffsetHeight="-9999"/>
                <EditBox editBoxType="NORMAL" maxLength="-9999" showCursor="true" chatMarkOn="false" offsetX="-9999" candidateBoxShowUpPos="true" useAutoCompletion="true" enableCopyNPaste="False" name="Yaw_EditBox" extendsName="undefined" parentName="Group4" preOrder="undefined" postOrder="undefined" anchored="false" superChild="true" relativeSize="true" absoluteSize="true" widthRate="0.0" heightRate="0.0" width="45" height="17" usePosition="true" relativePoint="TOP_LEFT" anchorPoint="TOP_LEFT" relativeTo="" anchoredX="160.0" anchoredY="56.0" useFont="true" styleName="" fontName="__SYSTEMEDITBOXFONT" fontColor="00000000" fontLine="EMPTY" alwaysZero="0" tooltipType="undefined" tooltipText="-9999" tooltipAppearanceTime="-9999" scrollBarOffsetX="-9999" scrollBarOffsetY="-9999" scrollBarOffsetHeight="-9999"/>
                <EditBox editBoxType="NORMAL" maxLength="-9999" showCursor="true" chatMarkOn="false" offsetX="-9999" candidateBoxShowUpPos="true" useAutoCompletion="true" enableCopyNPaste="False" name="Roll_EditBox" extendsName="undefined" parentName="Group4" preOrder="undefined" postOrder="undefined" anchored="false" superChild="true" relativeSize="true" absoluteSize="true" widthRate="0.0" heightRate="0.0" width="45" height="17" usePosition="true" relativePoint="TOP_LEFT" anchorPoint="TOP_LEFT" relativeTo="" anchoredX="160.0" anchoredY="78.0" useFont="true" styleName="" fontName="__SYSTEMEDITBOXFONT" fontColor="00000000" fontLine="EMPTY" alwaysZero="0" tooltipType="undefined" tooltipText="-9999" tooltipAppearanceTime="-9999" scrollBarOffsetX="-9999" scrollBarOffsetY="-9999" scrollBarOffsetHeight="-9999"/>
                <TextBox text="Ride ID" textAlign="Right" textVAlign="Undefined" fontType="Normal" backTex="undefined" sysString="-9999" systemMsg="-9999" textColor="DCDCDCFF" name="RideId_TextBox" extendsName="undefined" parentName="Group4" preOrder="undefined" postOrder="undefined" anchored="false" superChild="true" relativeSize="true" absoluteSize="true" widthRate="0.0" heightRate="0.0" width="70" height="14" usePosition="true" relativePoint="TOP_LEFT" anchorPoint="TOP_LEFT" relativeTo="" anchoredX="34.0" anchoredY="13.0" useFont="false" styleName="undefined" fontName="undefined" fontColor="00000000" fontLine="EMPTY" alwaysZero="0" tooltipType="undefined" tooltipText="-9999" tooltipAppearanceTime="-9999" scrollBarOffsetX="-9999" scrollBarOffsetY="-9999" scrollBarOffsetHeight="-9999"/>
                <TextBox text="Speed" textAlign="Right" textVAlign="Undefined" fontType="Normal" backTex="undefined" sysString="-9999" systemMsg="-9999" textColor="DCDCDCFF" name="Speed_TextBox" extendsName="undefined" parentName="Group4" preOrder="undefined" postOrder="undefined" anchored="false" superChild="true" relativeSize="true" absoluteSize="true" widthRate="0.0" heightRate="0.0" width="47" height="14" usePosition="true" relativePoint="TOP_LEFT" anchorPoint="TOP_LEFT" relativeTo="" anchoredX="54.0" anchoredY="186.0" useFont="false" styleName="undefined" fontName="undefined" fontColor="00000000" fontLine="EMPTY" alwaysZero="0" tooltipType="undefined" tooltipText="-9999" tooltipAppearanceTime="-9999" scrollBarOffsetX="-9999" scrollBarOffsetY="-9999" scrollBarOffsetHeight="-9999"/>
                <EditBox editBoxType="NORMAL" maxLength="-9999" showCursor="true" chatMarkOn="false" offsetX="-9999" candidateBoxShowUpPos="true" useAutoCompletion="true" enableCopyNPaste="False" name="Speed_EditBox" extendsName="undefined" parentName="Group4" preOrder="undefined" postOrder="undefined" anchored="false" superChild="true" relativeSize="true" absoluteSize="true" widthRate="0.0" heightRate="0.0" width="95" height="17" usePosition="true" relativePoint="TOP_LEFT" anchorPoint="TOP_LEFT" relativeTo="" anchoredX="110.0" anchoredY="184.0" useFont="true" styleName="" fontName="__SYSTEMEDITBOXFONT" fontColor="00000000" fontLine="EMPTY" alwaysZero="0" tooltipType="undefined" tooltipText="-9999" tooltipAppearanceTime="-9999" scrollBarOffsetX="-9999" scrollBarOffsetY="-9999" scrollBarOffsetHeight="-9999"/>
                <Button normalTex="L2UI_ct1.Button.Button_DF_Small" pushedTex="L2UI_ct1.Button.Button_DF_Small_Down" highlightTex="undefined" dropTex="undefined" buttonName="-9999" buttonNameText="Set" noHighlight="true" disableTime="-9999" disableTex="undefined" name="SetSpeed_button" extendsName="undefined" parentName="Group4" preOrder="undefined" postOrder="undefined" anchored="true" superChild="true" relativeSize="true" absoluteSize="true" widthRate="0.0" heightRate="0.0" width="90" height="25" usePosition="true" relativePoint="TOP_LEFT" anchorPoint="TOP_LEFT" relativeTo="" anchoredX="210.0" anchoredY="180.0" useFont="false" styleName="undefined" fontName="undefined" fontColor="00000000" fontLine="EMPTY" alwaysZero="0" tooltipType="undefined" tooltipText="-9999" tooltipAppearanceTime="-9999" scrollBarOffsetX="-9999" scrollBarOffsetY="-9999" scrollBarOffsetHeight="-9999"/>
                <TextBox text="Teleport X" textAlign="Right" textVAlign="Undefined" fontType="Normal" backTex="undefined" sysString="-9999" systemMsg="-9999" textColor="DCDCDCFF" name="Teleport_TextBox" extendsName="undefined" parentName="Group4" preOrder="undefined" postOrder="undefined" anchored="false" superChild="true" relativeSize="true" absoluteSize="true" widthRate="0.0" heightRate="0.0" width="76" height="14" usePosition="true" relativePoint="TOP_LEFT" anchorPoint="TOP_LEFT" relativeTo="" anchoredX="24.0" anchoredY="111.0" useFont="false" styleName="undefined" fontName="undefined" fontColor="00000000" fontLine="EMPTY" alwaysZero="0" tooltipType="undefined" tooltipText="-9999" tooltipAppearanceTime="-9999" scrollBarOffsetX="-9999" scrollBarOffsetY="-9999" scrollBarOffsetHeight="-9999"/>
                <EditBox editBoxType="NORMAL" maxLength="-9999" showCursor="true" chatMarkOn="false" offsetX="-9999" candidateBoxShowUpPos="true" useAutoCompletion="true" enableCopyNPaste="False" name="TelX_EditBox" extendsName="undefined" parentName="Group4" preOrder="undefined" postOrder="undefined" anchored="false" superChild="true" relativeSize="true" absoluteSize="true" widthRate="0.0" heightRate="0.0" width="95" height="17" usePosition="true" relativePoint="TOP_LEFT" anchorPoint="TOP_LEFT" relativeTo="" anchoredX="110.0" anchoredY="109.0" useFont="true" styleName="" fontName="__SYSTEMEDITBOXFONT" fontColor="00000000" fontLine="EMPTY" alwaysZero="0" tooltipType="undefined" tooltipText="-9999" tooltipAppearanceTime="-9999" scrollBarOffsetX="-9999" scrollBarOffsetY="-9999" scrollBarOffsetHeight="-9999"/>
                <Button normalTex="L2UI_ct1.Button.Button_DF_Small" pushedTex="L2UI_ct1.Button.Button_DF_Small_Down" highlightTex="undefined" dropTex="undefined" buttonName="-9999" buttonNameText="Go" noHighlight="true" disableTime="-9999" disableTex="undefined" name="Teleport_button" extendsName="undefined" parentName="Group4" preOrder="undefined" postOrder="undefined" anchored="true" superChild="true" relativeSize="true" absoluteSize="true" widthRate="0.0" heightRate="0.0" width="90" height="25" usePosition="true" relativePoint="TOP_LEFT" anchorPoint="TOP_LEFT" relativeTo="" anchoredX="210.0" anchoredY="138.0" useFont="false" styleName="undefined" fontName="undefined" fontColor="00000000" fontLine="EMPTY" alwaysZero="0" tooltipType="undefined" tooltipText="-9999" tooltipAppearanceTime="-9999" scrollBarOffsetX="-9999" scrollBarOffsetY="-9999" scrollBarOffsetHeight="-9999"/>
                <EditBox editBoxType="NORMAL" maxLength="-9999" showCursor="true" chatMarkOn="false" offsetX="-9999" candidateBoxShowUpPos="true" useAutoCompletion="true" enableCopyNPaste="False" name="TelY_EditBox" extendsName="undefined" parentName="Group4" preOrder="undefined" postOrder="undefined" anchored="false" superChild="true" relativeSize="true" absoluteSize="true" widthRate="0.0" heightRate="0.0" width="95" height="17" usePosition="true" relativePoint="TOP_LEFT" anchorPoint="TOP_LEFT" relativeTo="" anchoredX="110.0" anchoredY="132.0" useFont="true" styleName="" fontName="__SYSTEMEDITBOXFONT" fontColor="00000000" fontLine="EMPTY" alwaysZero="0" tooltipType="undefined" tooltipText="-9999" tooltipAppearanceTime="-9999" scrollBarOffsetX="-9999" scrollBarOffsetY="-9999" scrollBarOffsetHeight="-9999"/>
                <EditBox editBoxType="NORMAL" maxLength="-9999" showCursor="true" chatMarkOn="false" offsetX="-9999" candidateBoxShowUpPos="true" useAutoCompletion="true" enableCopyNPaste="False" name="TelZ_EditBox" extendsName="undefined" parentName="Group4" preOrder="undefined" postOrder="undefined" anchored="false" superChild="true" relativeSize="true" absoluteSize="true" widthRate="0.0" heightRate="0.0" width="95" height="17" usePosition="true" relativePoint="TOP_LEFT" anchorPoint="TOP_LEFT" relativeTo="" anchoredX="110.0" anchoredY="155.0" useFont="true" styleName="" fontName="__SYSTEMEDITBOXFONT" fontColor="00000000" fontLine="EMPTY" alwaysZero="0" tooltipType="undefined" tooltipText="-9999" tooltipAppearanceTime="-9999" scrollBarOffsetX="-9999" scrollBarOffsetY="-9999" scrollBarOffsetHeight="-9999"/>
                <TextBox text="Y" textAlign="Right" textVAlign="Undefined" fontType="Normal" backTex="undefined" sysString="-9999" systemMsg="-9999" textColor="DCDCDCFF" name="Teleport Y" extendsName="undefined" parentName="Group4" preOrder="undefined" postOrder="undefined" anchored="false" superChild="true" relativeSize="true" absoluteSize="true" widthRate="0.0" heightRate="0.0" width="76" height="14" usePosition="true" relativePoint="TOP_LEFT" anchorPoint="TOP_LEFT" relativeTo="" anchoredX="24.0" anchoredY="135.0" useFont="false" styleName="undefined" fontName="undefined" fontColor="00000000" fontLine="EMPTY" alwaysZero="0" tooltipType="undefined" tooltipText="-9999" tooltipAppearanceTime="-9999" scrollBarOffsetX="-9999" scrollBarOffsetY="-9999" scrollBarOffsetHeight="-9999"/>
                <TextBox text="Z" textAlign="Right" textVAlign="Undefined" fontType="Normal" backTex="undefined" sysString="-9999" systemMsg="-9999" textColor="DCDCDCFF" name="Teleport Z" extendsName="undefined" parentName="Group4" preOrder="undefined" postOrder="undefined" anchored="false" superChild="true" relativeSize="true" absoluteSize="true" widthRate="0.0" heightRate="0.0" width="76" height="14" usePosition="true" relativePoint="TOP_LEFT" anchorPoint="TOP_LEFT" relativeTo="" anchoredX="24.0" anchoredY="157.0" useFont="false" styleName="undefined" fontName="undefined" fontColor="00000000" fontLine="EMPTY" alwaysZero="0" tooltipType="undefined" tooltipText="-9999" tooltipAppearanceTime="-9999" scrollBarOffsetX="-9999" scrollBarOffsetY="-9999" scrollBarOffsetHeight="-9999"/>
                <CheckBox titleIndex="-1" titleText="SetTime" checked="true" maxWidth="-9999" checkTexture="L2UI.Control.CheckBox_checked" unCheckTexture="L2UI.Control.CheckBox" disableTexture="L2UI.Control.CheckBox_unable" disableCheckTexture="L2UI.Control.CheckBox_checked_unable" name="checkBoxSetTime" extendsName="undefined" parentName="Group4" preOrder="undefined" postOrder="undefined" anchored="false" superChild="true" relativeSize="true" absoluteSize="true" widthRate="0.0" heightRate="0.0" width="74" height="14" usePosition="true" relativePoint="TOP_LEFT" anchorPoint="TOP_LEFT" relativeTo="" anchoredX="11.0" anchoredY="271.0" useFont="false" styleName="undefined" fontName="undefined" fontColor="00000000" fontLine="EMPTY" alwaysZero="0" tooltipType="undefined" tooltipText="-9999" tooltipAppearanceTime="-9999" scrollBarOffsetX="-9999" scrollBarOffsetY="-9999" scrollBarOffsetHeight="-9999"/>
                <TextBox text="12.00" textAlign="Undefined" textVAlign="Undefined" fontType="Normal" backTex="undefined" sysString="-9999" systemMsg="-9999" textColor="DCDCDCFF" name="txtSetTime" extendsName="undefined" parentName="Group4" preOrder="undefined" postOrder="undefined" anchored="false" superChild="true" relativeSize="true" absoluteSize="true" widthRate="0.0" heightRate="0.0" width="36" height="14" usePosition="true" relativePoint="TOP_LEFT" anchorPoint="TOP_LEFT" relativeTo="" anchoredX="259.0" anchoredY="272.0" useFont="false" styleName="undefined" fontName="undefined" fontColor="00000000" fontLine="EMPTY" alwaysZero="0" tooltipType="undefined" tooltipText="-9999" tooltipAppearanceTime="-9999" scrollBarOffsetX="-9999" scrollBarOffsetY="-9999" scrollBarOffsetHeight="-9999"/>
                <TextBox text="PlayerStart" textAlign="Right" textVAlign="Undefined" fontType="Normal" backTex="undefined" sysString="-9999" systemMsg="-9999" textColor="DCDCDCFF" name="PlayerStart_TextBox" extendsName="undefined" parentName="Group4" preOrder="undefined" postOrder="undefined" anchored="false" superChild="true" relativeSize="true" absoluteSize="true" widthRate="0.0" heightRate="0.0" width="89" height="14" usePosition="true" relativePoint="TOP_LEFT" anchorPoint="TOP_LEFT" relativeTo="" anchoredX="12.0" anchoredY="211.0" useFont="false" styleName="undefined" fontName="undefined" fontColor="00000000" fontLine="EMPTY" alwaysZero="0" tooltipType="undefined" tooltipText="-9999" tooltipAppearanceTime="-9999" scrollBarOffsetX="-9999" scrollBarOffsetY="-9999" scrollBarOffsetHeight="-9999"/>
                <EditBox editBoxType="NORMAL" maxLength="-9999" showCursor="true" chatMarkOn="false" offsetX="-9999" candidateBoxShowUpPos="true" useAutoCompletion="true" enableCopyNPaste="False" name="Player_EditBox" extendsName="undefined" parentName="Group4" preOrder="undefined" postOrder="undefined" anchored="false" superChild="true" relativeSize="true" absoluteSize="true" widthRate="0.0" heightRate="0.0" width="95" height="17" usePosition="true" relativePoint="TOP_LEFT" anchorPoint="TOP_LEFT" relativeTo="" anchoredX="110.0" anchoredY="209.0" useFont="true" styleName="" fontName="__SYSTEMEDITBOXFONT" fontColor="00000000" fontLine="EMPTY" alwaysZero="0" tooltipType="undefined" tooltipText="-9999" tooltipAppearanceTime="-9999" scrollBarOffsetX="-9999" scrollBarOffsetY="-9999" scrollBarOffsetHeight="-9999"/>
                <Button normalTex="L2UI_ct1.Button.Button_DF_Small" pushedTex="L2UI_ct1.Button.Button_DF_Small_Down" highlightTex="undefined" dropTex="undefined" buttonName="-9999" buttonNameText="Move" noHighlight="true" disableTime="-9999" disableTex="undefined" name="playermove_button" extendsName="undefined" parentName="Group4" preOrder="undefined" postOrder="undefined" anchored="true" superChild="true" relativeSize="true" absoluteSize="true" widthRate="0.0" heightRate="0.0" width="90" height="25" usePosition="true" relativePoint="TOP_LEFT" anchorPoint="TOP_LEFT" relativeTo="" anchoredX="210.0" anchoredY="205.0" useFont="false" styleName="undefined" fontName="undefined" fontColor="00000000" fontLine="EMPTY" alwaysZero="0" tooltipType="undefined" tooltipText="-9999" tooltipAppearanceTime="-9999" scrollBarOffsetX="-9999" scrollBarOffsetY="-9999" scrollBarOffsetHeight="-9999"/>
                <Button normalTex="L2UI_ct1.Button.Button_DF_Small" pushedTex="L2UI_ct1.Button.Button_DF_Small_Down" highlightTex="undefined" dropTex="undefined" buttonName="-9999" buttonNameText="Ghost" noHighlight="true" disableTime="-9999" disableTex="undefined" name="ghost_button" extendsName="undefined" parentName="Group4" preOrder="undefined" postOrder="undefined" anchored="true" superChild="true" relativeSize="true" absoluteSize="true" widthRate="0.0" heightRate="0.0" width="98" height="25" usePosition="true" relativePoint="TOP_LEFT" anchorPoint="TOP_LEFT" relativeTo="" anchoredX="5.0" anchoredY="238.0" useFont="false" styleName="undefined" fontName="undefined" fontColor="00000000" fontLine="EMPTY" alwaysZero="0" tooltipType="undefined" tooltipText="-9999" tooltipAppearanceTime="-9999" scrollBarOffsetX="-9999" scrollBarOffsetY="-9999" scrollBarOffsetHeight="-9999"/>
                <Button normalTex="L2UI_ct1.Button.Button_DF_Small" pushedTex="L2UI_ct1.Button.Button_DF_Small_Down" highlightTex="undefined" dropTex="undefined" buttonName="-9999" buttonNameText="Ride" noHighlight="true" disableTime="-9999" disableTex="undefined" name="Ride_button" extendsName="undefined" parentName="Group4" preOrder="undefined" postOrder="undefined" anchored="true" superChild="true" relativeSize="true" absoluteSize="true" widthRate="0.0" heightRate="0.0" width="90" height="25" usePosition="true" relativePoint="TOP_LEFT" anchorPoint="TOP_LEFT" relativeTo="" anchoredX="210.0" anchoredY="7.0" useFont="false" styleName="undefined" fontName="undefined" fontColor="00000000" fontLine="EMPTY" alwaysZero="0" tooltipType="undefined" tooltipText="-9999" tooltipAppearanceTime="-9999" scrollBarOffsetX="-9999" scrollBarOffsetY="-9999" scrollBarOffsetHeight="-9999"/>
                <Button normalTex="L2UI_ct1.Button.Button_DF_Small" pushedTex="L2UI_ct1.Button.Button_DF_Small_Down" highlightTex="undefined" dropTex="undefined" buttonName="-9999" buttonNameText="Refresh" noHighlight="true" disableTime="-9999" disableTex="undefined" name="Refresh_button" extendsName="undefined" parentName="Group4" preOrder="undefined" postOrder="undefined" anchored="true" superChild="true" relativeSize="true" absoluteSize="true" widthRate="0.0" heightRate="0.0" width="90" height="25" usePosition="true" relativePoint="TOP_LEFT" anchorPoint="TOP_LEFT" relativeTo="" anchoredX="210.0" anchoredY="52.0" useFont="false" styleName="undefined" fontName="undefined" fontColor="00000000" fontLine="EMPTY" alwaysZero="0" tooltipType="undefined" tooltipText="-9999" tooltipAppearanceTime="-9999" scrollBarOffsetX="-9999" scrollBarOffsetY="-9999" scrollBarOffsetHeight="-9999"/>
                <TextBox text="X" textAlign="Undefined" textVAlign="Undefined" fontType="Normal" backTex="undefined" sysString="-9999" systemMsg="-9999" textColor="DCDCDCFF" name="OffsetX_TextBox" extendsName="undefined" parentName="Group4" preOrder="undefined" postOrder="undefined" anchored="false" superChild="true" relativeSize="true" absoluteSize="true" widthRate="0.0" heightRate="0.0" width="18" height="14" usePosition="true" relativePoint="TOP_LEFT" anchorPoint="TOP_LEFT" relativeTo="" anchoredX="31.0" anchoredY="36.0" useFont="false" styleName="undefined" fontName="undefined" fontColor="00000000" fontLine="EMPTY" alwaysZero="0" tooltipType="undefined" tooltipText="-9999" tooltipAppearanceTime="-9999" scrollBarOffsetX="-9999" scrollBarOffsetY="-9999" scrollBarOffsetHeight="-9999"/>
                <TextBox text="Y" textAlign="Undefined" textVAlign="Undefined" fontType="Normal" backTex="undefined" sysString="-9999" systemMsg="-9999" textColor="DCDCDCFF" name="OffsetY_TextBox" extendsName="undefined" parentName="Group4" preOrder="undefined" postOrder="undefined" anchored="false" superChild="true" relativeSize="true" absoluteSize="true" widthRate="0.0" heightRate="0.0" width="18" height="14" usePosition="true" relativePoint="TOP_LEFT" anchorPoint="TOP_LEFT" relativeTo="" anchoredX="31.0" anchoredY="58.0" useFont="false" styleName="undefined" fontName="undefined" fontColor="00000000" fontLine="EMPTY" alwaysZero="0" tooltipType="undefined" tooltipText="-9999" tooltipAppearanceTime="-9999" scrollBarOffsetX="-9999" scrollBarOffsetY="-9999" scrollBarOffsetHeight="-9999"/>
                <TextBox text="Z" textAlign="Undefined" textVAlign="Undefined" fontType="Normal" backTex="undefined" sysString="-9999" systemMsg="-9999" textColor="DCDCDCFF" name="OffsetZ_TextBox" extendsName="undefined" parentName="Group4" preOrder="undefined" postOrder="undefined" anchored="false" superChild="true" relativeSize="true" absoluteSize="true" widthRate="0.0" heightRate="0.0" width="18" height="14" usePosition="true" relativePoint="TOP_LEFT" anchorPoint="TOP_LEFT" relativeTo="" anchoredX="31.0" anchoredY="80.0" useFont="false" styleName="undefined" fontName="undefined" fontColor="00000000" fontLine="EMPTY" alwaysZero="0" tooltipType="undefined" tooltipText="-9999" tooltipAppearanceTime="-9999" scrollBarOffsetX="-9999" scrollBarOffsetY="-9999" scrollBarOffsetHeight="-9999"/>
                <TextBox text="Pitch" textAlign="Undefined" textVAlign="Undefined" fontType="Normal" backTex="undefined" sysString="-9999" systemMsg="-9999" textColor="DCDCDCFF" name="Pitch_TextBox" extendsName="undefined" parentName="Group4" preOrder="undefined" postOrder="undefined" anchored="false" superChild="true" relativeSize="true" absoluteSize="true" widthRate="0.0" heightRate="0.0" width="37" height="14" usePosition="true" relativePoint="TOP_LEFT" anchorPoint="TOP_LEFT" relativeTo="" anchoredX="120.0" anchoredY="36.0" useFont="false" styleName="undefined" fontName="undefined" fontColor="00000000" fontLine="EMPTY" alwaysZero="0" tooltipType="undefined" tooltipText="-9999" tooltipAppearanceTime="-9999" scrollBarOffsetX="-9999" scrollBarOffsetY="-9999" scrollBarOffsetHeight="-9999"/>
                <TextBox text="Yaw" textAlign="Undefined" textVAlign="Undefined" fontType="Normal" backTex="undefined" sysString="-9999" systemMsg="-9999" textColor="DCDCDCFF" name="Yaw_TextBox" extendsName="undefined" parentName="Group4" preOrder="undefined" postOrder="undefined" anchored="false" superChild="true" relativeSize="true" absoluteSize="true" widthRate="0.0" heightRate="0.0" width="37" height="14" usePosition="true" relativePoint="TOP_LEFT" anchorPoint="TOP_LEFT" relativeTo="" anchoredX="120.0" anchoredY="58.0" useFont="false" styleName="undefined" fontName="undefined" fontColor="00000000" fontLine="EMPTY" alwaysZero="0" tooltipType="undefined" tooltipText="-9999" tooltipAppearanceTime="-9999" scrollBarOffsetX="-9999" scrollBarOffsetY="-9999" scrollBarOffsetHeight="-9999"/>
                <TextBox text="Roll" textAlign="Undefined" textVAlign="Undefined" fontType="Normal" backTex="undefined" sysString="-9999" systemMsg="-9999" textColor="DCDCDCFF" name="Roll_TextBox" extendsName="undefined" parentName="Group4" preOrder="undefined" postOrder="undefined" anchored="false" superChild="true" relativeSize="true" absoluteSize="true" widthRate="0.0" heightRate="0.0" width="37" height="14" usePosition="true" relativePoint="TOP_LEFT" anchorPoint="TOP_LEFT" relativeTo="" anchoredX="120.0" anchoredY="80.0" useFont="false" styleName="undefined" fontName="undefined" fontColor="00000000" fontLine="EMPTY" alwaysZero="0" tooltipType="undefined" tooltipText="-9999" tooltipAppearanceTime="-9999" scrollBarOffsetX="-9999" scrollBarOffsetY="-9999" scrollBarOffsetHeight="-9999"/>
                <Button normalTex="L2UI_ct1.Button.Button_DF_Small" pushedTex="L2UI_ct1.Button.Button_DF_Small_Down" highlightTex="undefined" dropTex="undefined" buttonName="-9999" buttonNameText="Clone" noHighlight="true" disableTime="-9999" disableTex="undefined" name="clone_button" extendsName="undefined" parentName="Group4" preOrder="undefined" postOrder="undefined" anchored="true" superChild="true" relativeSize="true" absoluteSize="true" widthRate="0.0" heightRate="0.0" width="98" height="25" usePosition="true" relativePoint="TOP_LEFT" anchorPoint="TOP_LEFT" relativeTo="" anchoredX="104.0" anchoredY="238.0" useFont="false" styleName="undefined" fontName="undefined" fontColor="00000000" fontLine="EMPTY" alwaysZero="0" tooltipType="undefined" tooltipText="-9999" tooltipAppearanceTime="-9999" scrollBarOffsetX="-9999" scrollBarOffsetY="-9999" scrollBarOffsetHeight="-9999"/>
            </Children>
        </Window>
        <Window parent="undefined" backTex="L2UI_ct1.GroupBox.GroupBox_DF" script="undefined" state="undefined" title="-9999" frameSize="None" frameDirection="None" resizeFrameDirection="None" resizeFrameX="-9999.0" resizeFrameY="-9999.0" resizeFrameWidth="-9999.0" resizeFrameHeight="-9999.0" resizeMaxIncrease="197857408" drawerDirection="None" offsetX="0" offsetY="0" ownerWindow="" showAnimType="None" hideAnimType="None" showAnimDirection="None" showAnimSeconds="0.0" hideAnimDirection="None" hideAnimSeconds="0.0" iconName="undefined" tooltipIdx="-9999" workingConfiguration="Game" leftTextureName="undefined" midTextureName="undefined" rightTextureName="undefined" minimizeBtnTextureNormal="undefined" minimizeBtnTexturePushed="undefined" closeBtnTextureNormal="undefined" closeBtnTexturePushed="undefined" leftBackTextureWidth="-9999" midBackTextureWidth="-9999" showInArena="true" name="Group1" extendsName="undefined" parentName="PVBuilderCmdWnd" preOrder="undefined" postOrder="undefined" anchored="false" superChild="true" relativeSize="true" absoluteSize="true" widthRate="0.0" heightRate="0.0" width="304" height="64" usePosition="true" relativePoint="TOP_LEFT" anchorPoint="TOP_LEFT" relativeTo="" anchoredX="5.0" anchoredY="34.0" useFont="false" styleName="undefined" fontName="undefined" fontColor="00000000" fontLine="EMPTY" alwaysZero="0" tooltipType="undefined" tooltipText="-9999" tooltipAppearanceTime="-9999" scrollBarOffsetX="-9999" scrollBarOffsetY="-9999" scrollBarOffsetHeight="-9999">
            <Children>
                <Button normalTex="L2UI_ct1.Button.Button_DF_Small" pushedTex="L2UI_ct1.Button.Button_DF_Small_Down" highlightTex="undefined" dropTex="undefined" buttonName="-9999" buttonNameText="Collision" noHighlight="true" disableTime="-9999" disableTex="undefined" name="collision_button" extendsName="undefined" parentName="Group1" preOrder="undefined" postOrder="undefined" anchored="true" superChild="true" relativeSize="true" absoluteSize="true" widthRate="0.0" heightRate="0.0" width="98" height="25" usePosition="true" relativePoint="TOP_LEFT" anchorPoint="TOP_LEFT" relativeTo="" anchoredX="5.0" anchoredY="6.0" useFont="false" styleName="undefined" fontName="undefined" fontColor="00000000" fontLine="EMPTY" alwaysZero="0" tooltipType="undefined" tooltipText="-9999" tooltipAppearanceTime="-9999" scrollBarOffsetX="-9999" scrollBarOffsetY="-9999" scrollBarOffsetHeight="-9999"/>
                <Button normalTex="L2UI_ct1.Button.Button_DF_Small" pushedTex="L2UI_ct1.Button.Button_DF_Small_Down" highlightTex="undefined" dropTex="undefined" buttonName="-9999" buttonNameText="NameTag" noHighlight="true" disableTime="-9999" disableTex="undefined" name="nameTag_button" extendsName="undefined" parentName="Group1" preOrder="undefined" postOrder="undefined" anchored="true" superChild="true" relativeSize="true" absoluteSize="true" widthRate="0.0" heightRate="0.0" width="98" height="25" usePosition="true" relativePoint="TOP_LEFT" anchorPoint="TOP_LEFT" relativeTo="" anchoredX="103.0" anchoredY="6.0" useFont="false" styleName="undefined" fontName="undefined" fontColor="00000000" fontLine="EMPTY" alwaysZero="0" tooltipType="undefined" tooltipText="-9999" tooltipAppearanceTime="-9999" scrollBarOffsetX="-9999" scrollBarOffsetY="-9999" scrollBarOffsetHeight="-9999"/>
                <Button normalTex="L2UI_ct1.Button.Button_DF_Small" pushedTex="L2UI_ct1.Button.Button_DF_Small_Down" highlightTex="undefined" dropTex="undefined" buttonName="-9999" buttonNameText="Stat L2" noHighlight="true" disableTime="-9999" disableTex="undefined" name="stat_button" extendsName="undefined" parentName="Group1" preOrder="undefined" postOrder="undefined" anchored="true" superChild="true" relativeSize="true" absoluteSize="true" widthRate="0.0" heightRate="0.0" width="98" height="25" usePosition="true" relativePoint="TOP_LEFT" anchorPoint="TOP_LEFT" relativeTo="" anchoredX="201.0" anchoredY="6.0" useFont="false" styleName="undefined" fontName="undefined" fontColor="00000000" fontLine="EMPTY" alwaysZero="0" tooltipType="undefined" tooltipText="-9999" tooltipAppearanceTime="-9999" scrollBarOffsetX="-9999" scrollBarOffsetY="-9999" scrollBarOffsetHeight="-9999"/>
                <Button normalTex="L2UI_ct1.Button.Button_DF_Small" pushedTex="L2UI_ct1.Button.Button_DF_Small_Down" highlightTex="undefined" dropTex="undefined" buttonName="-9999" buttonNameText="Wireframe" noHighlight="true" disableTime="-9999" disableTex="undefined" name="rmode_button" extendsName="undefined" parentName="Group1" preOrder="undefined" postOrder="undefined" anchored="true" superChild="true" relativeSize="true" absoluteSize="true" widthRate="0.0" heightRate="0.0" width="98" height="25" usePosition="true" relativePoint="TOP_LEFT" anchorPoint="TOP_LEFT" relativeTo="" anchoredX="5.0" anchoredY="34.0" useFont="false" styleName="undefined" fontName="undefined" fontColor="00000000" fontLine="EMPTY" alwaysZero="0" tooltipType="undefined" tooltipText="-9999" tooltipAppearanceTime="-9999" scrollBarOffsetX="-9999" scrollBarOffsetY="-9999" scrollBarOffsetHeight="-9999"/>
                <Button normalTex="L2UI_ct1.Button.Button_DF_Small" pushedTex="L2UI_ct1.Button.Button_DF_Small_Down" highlightTex="undefined" dropTex="undefined" buttonName="-9999" buttonNameText="환경설정" noHighlight="true" disableTime="-9999" disableTex="undefined" name="option_button" extendsName="undefined" parentName="Group1" preOrder="undefined" postOrder="undefined" anchored="true" superChild="true" relativeSize="true" absoluteSize="true" widthRate="0.0" heightRate="0.0" width="98" height="25" usePosition="true" relativePoint="TOP_LEFT" anchorPoint="TOP_LEFT" relativeTo="" anchoredX="201.0" anchoredY="34.0" useFont="false" styleName="undefined" fontName="undefined" fontColor="00000000" fontLine="EMPTY" alwaysZero="0" tooltipType="undefined" tooltipText="-9999" tooltipAppearanceTime="-9999" scrollBarOffsetX="-9999" scrollBarOffsetY="-9999" scrollBarOffsetHeight="-9999"/>
                <Button normalTex="L2UI_ct1.Button.Button_DF_Small" pushedTex="L2UI_ct1.Button.Button_DF_Small_Down" highlightTex="undefined" dropTex="undefined" buttonName="-9999" buttonNameText="BoneName" noHighlight="true" disableTime="-9999" disableTex="undefined" name="bonename_button" extendsName="undefined" parentName="Group1" preOrder="undefined" postOrder="undefined" anchored="true" superChild="true" relativeSize="true" absoluteSize="true" widthRate="0.0" heightRate="0.0" width="98" height="25" usePosition="true" relativePoint="TOP_LEFT" anchorPoint="TOP_LEFT" relativeTo="" anchoredX="103.0" anchoredY="34.0" useFont="false" styleName="undefined" fontName="undefined" fontColor="00000000" fontLine="EMPTY" alwaysZero="0" tooltipType="undefined" tooltipText="-9999" tooltipAppearanceTime="-9999" scrollBarOffsetX="-9999" scrollBarOffsetY="-9999" scrollBarOffsetHeight="-9999"/>
            </Children>
        </Window>
        <Window parent="undefined" backTex="L2UI_ct1.GroupBox.GroupBox_DF" script="undefined" state="undefined" title="-9999" frameSize="None" frameDirection="None" resizeFrameDirection="None" resizeFrameX="-9999.0" resizeFrameY="-9999.0" resizeFrameWidth="-9999.0" resizeFrameHeight="-9999.0" resizeMaxIncrease="197976200" drawerDirection="None" offsetX="0" offsetY="0" ownerWindow="" showAnimType="None" hideAnimType="None" showAnimDirection="None" showAnimSeconds="0.0" hideAnimDirection="None" hideAnimSeconds="0.0" iconName="undefined" tooltipIdx="-9999" workingConfiguration="Game" leftTextureName="undefined" midTextureName="undefined" rightTextureName="undefined" minimizeBtnTextureNormal="undefined" minimizeBtnTexturePushed="undefined" closeBtnTextureNormal="undefined" closeBtnTexturePushed="undefined" leftBackTextureWidth="-9999" midBackTextureWidth="-9999" showInArena="true" name="Group2" extendsName="undefined" parentName="PVBuilderCmdWnd" preOrder="undefined" postOrder="undefined" anchored="true" superChild="true" relativeSize="true" absoluteSize="true" widthRate="0.0" heightRate="0.0" width="304" height="36" usePosition="true" relativePoint="TOP_LEFT" anchorPoint="BOTTOM_LEFT" relativeTo="Group1" anchoredX="0.0" anchoredY="5.0" useFont="false" styleName="undefined" fontName="undefined" fontColor="00000000" fontLine="EMPTY" alwaysZero="0" tooltipType="undefined" tooltipText="-9999" tooltipAppearanceTime="-9999" scrollBarOffsetX="-9999" scrollBarOffsetY="-9999" scrollBarOffsetHeight="-9999">
            <Children>
                <ComboBox name="Reload_ComboBox" extendsName="undefined" parentName="Group2" preOrder="undefined" postOrder="undefined" anchored="false" superChild="true" relativeSize="true" absoluteSize="true" widthRate="0.0" heightRate="0.0" width="142" height="20" usePosition="true" relativePoint="TOP_LEFT" anchorPoint="TOP_LEFT" relativeTo="" anchoredX="63.0" anchoredY="8.0" useFont="false" styleName="undefined" fontName="undefined" fontColor="00000000" fontLine="EMPTY" alwaysZero="0" tooltipType="undefined" tooltipText="-9999" tooltipAppearanceTime="-9999" scrollBarOffsetX="-9999" scrollBarOffsetY="-9999" scrollBarOffsetHeight="-9999"/>
                <TextBox text="Reload" textAlign="Right" textVAlign="Undefined" fontType="Normal" backTex="undefined" sysString="-9999" systemMsg="-9999" textColor="DCDCDCFF" name="Reload_TextBox" extendsName="undefined" parentName="Group2" preOrder="undefined" postOrder="undefined" anchored="false" superChild="true" relativeSize="true" absoluteSize="true" widthRate="0.0" heightRate="0.0" width="51" height="14" usePosition="true" relativePoint="TOP_LEFT" anchorPoint="TOP_LEFT" relativeTo="" anchoredX="7.0" anchoredY="12.0" useFont="false" styleName="undefined" fontName="undefined" fontColor="00000000" fontLine="EMPTY" alwaysZero="0" tooltipType="undefined" tooltipText="-9999" tooltipAppearanceTime="-9999" scrollBarOffsetX="-9999" scrollBarOffsetY="-9999" scrollBarOffsetHeight="-9999"/>
                <Button normalTex="L2UI_ct1.Button.Button_DF_Small" pushedTex="L2UI_ct1.Button.Button_DF_Small_Down" highlightTex="undefined" dropTex="undefined" buttonName="-9999" buttonNameText="Reload" noHighlight="true" disableTime="-9999" disableTex="undefined" name="Reload_button" extendsName="undefined" parentName="Group2" preOrder="undefined" postOrder="undefined" anchored="true" superChild="true" relativeSize="true" absoluteSize="true" widthRate="0.0" heightRate="0.0" width="90" height="25" usePosition="true" relativePoint="TOP_LEFT" anchorPoint="TOP_LEFT" relativeTo="" anchoredX="210.0" anchoredY="6.0" useFont="false" styleName="undefined" fontName="undefined" fontColor="00000000" fontLine="EMPTY" alwaysZero="0" tooltipType="undefined" tooltipText="-9999" tooltipAppearanceTime="-9999" scrollBarOffsetX="-9999" scrollBarOffsetY="-9999" scrollBarOffsetHeight="-9999"/>
            </Children>
        </Window>
        <Window parent="undefined" backTex="L2UI_ct1.GroupBox.GroupBox_DF" script="undefined" state="undefined" title="-9999" frameSize="None" frameDirection="None" resizeFrameDirection="None" resizeFrameX="-9999.0" resizeFrameY="-9999.0" resizeFrameWidth="-9999.0" resizeFrameHeight="-9999.0" resizeMaxIncrease="197982840" drawerDirection="None" offsetX="0" offsetY="0" ownerWindow="" showAnimType="None" hideAnimType="None" showAnimDirection="None" showAnimSeconds="0.0" hideAnimDirection="None" hideAnimSeconds="0.0" iconName="undefined" tooltipIdx="-9999" workingConfiguration="Game" leftTextureName="undefined" midTextureName="undefined" rightTextureName="undefined" minimizeBtnTextureNormal="undefined" minimizeBtnTexturePushed="undefined" closeBtnTextureNormal="undefined" closeBtnTexturePushed="undefined" leftBackTextureWidth="-9999" midBackTextureWidth="-9999" showInArena="true" name="Group3" extendsName="undefined" parentName="PVBuilderCmdWnd" preOrder="undefined" postOrder="undefined" anchored="true" superChild="true" relativeSize="true" absoluteSize="true" widthRate="0.0" heightRate="0.0" width="304" height="59" usePosition="true" relativePoint="TOP_LEFT" anchorPoint="BOTTOM_LEFT" relativeTo="Group2" anchoredX="0.0" anchoredY="5.0" useFont="false" styleName="undefined" fontName="undefined" fontColor="00000000" fontLine="EMPTY" alwaysZero="0" tooltipType="undefined" tooltipText="-9999" tooltipAppearanceTime="-9999" scrollBarOffsetX="-9999" scrollBarOffsetY="-9999" scrollBarOffsetHeight="-9999">
            <Children>
                <TextBox text="AVE" textAlign="Right" textVAlign="Undefined" fontType="Normal" backTex="undefined" sysString="-9999" systemMsg="-9999" textColor="DCDCDCFF" name="AVE_TextBox" extendsName="undefined" parentName="Group3" preOrder="undefined" postOrder="undefined" anchored="false" superChild="true" relativeSize="true" absoluteSize="true" widthRate="0.0" heightRate="0.0" width="44" height="14" usePosition="true" relativePoint="TOP_LEFT" anchorPoint="TOP_LEFT" relativeTo="" anchoredX="12.0" anchoredY="10.0" useFont="false" styleName="undefined" fontName="undefined" fontColor="00000000" fontLine="EMPTY" alwaysZero="0" tooltipType="undefined" tooltipText="-9999" tooltipAppearanceTime="-9999" scrollBarOffsetX="-9999" scrollBarOffsetY="-9999" scrollBarOffsetHeight="-9999"/>
                <EditBox editBoxType="NORMAL" maxLength="-9999" showCursor="true" chatMarkOn="false" offsetX="-9999" candidateBoxShowUpPos="true" useAutoCompletion="true" enableCopyNPaste="False" name="AveId_EditBox" extendsName="undefined" parentName="Group3" preOrder="undefined" postOrder="undefined" anchored="false" superChild="true" relativeSize="true" absoluteSize="true" widthRate="0.0" heightRate="0.0" width="141" height="17" usePosition="true" relativePoint="TOP_LEFT" anchorPoint="TOP_LEFT" relativeTo="" anchoredX="64.0" anchoredY="8.0" useFont="true" styleName="" fontName="__SYSTEMEDITBOXFONT" fontColor="00000000" fontLine="EMPTY" alwaysZero="0" tooltipType="undefined" tooltipText="-9999" tooltipAppearanceTime="-9999" scrollBarOffsetX="-9999" scrollBarOffsetY="-9999" scrollBarOffsetHeight="-9999"/>
                <Button normalTex="L2UI_ct1.Button.Button_DF_Small" pushedTex="L2UI_ct1.Button.Button_DF_Small_Down" highlightTex="undefined" dropTex="undefined" buttonName="-9999" buttonNameText="Show" noHighlight="true" disableTime="-9999" disableTex="undefined" name="AVE_button" extendsName="undefined" parentName="Group3" preOrder="undefined" postOrder="undefined" anchored="true" superChild="true" relativeSize="true" absoluteSize="true" widthRate="0.0" heightRate="0.0" width="90" height="25" usePosition="true" relativePoint="TOP_LEFT" anchorPoint="TOP_LEFT" relativeTo="" anchoredX="210.0" anchoredY="4.0" useFont="false" styleName="undefined" fontName="undefined" fontColor="00000000" fontLine="EMPTY" alwaysZero="0" tooltipType="undefined" tooltipText="-9999" tooltipAppearanceTime="-9999" scrollBarOffsetX="-9999" scrollBarOffsetY="-9999" scrollBarOffsetHeight="-9999"/>
                <TextBox text="Effect" textAlign="Right" textVAlign="Undefined" fontType="Normal" backTex="undefined" sysString="-9999" systemMsg="-9999" textColor="DCDCDCFF" name="Effect_TextBox" extendsName="undefined" parentName="Group3" preOrder="undefined" postOrder="undefined" anchored="false" superChild="true" relativeSize="true" absoluteSize="true" widthRate="0.0" heightRate="0.0" width="44" height="14" usePosition="true" relativePoint="TOP_LEFT" anchorPoint="TOP_LEFT" relativeTo="" anchoredX="12.0" anchoredY="35.0" useFont="false" styleName="undefined" fontName="undefined" fontColor="00000000" fontLine="EMPTY" alwaysZero="0" tooltipType="undefined" tooltipText="-9999" tooltipAppearanceTime="-9999" scrollBarOffsetX="-9999" scrollBarOffsetY="-9999" scrollBarOffsetHeight="-9999"/>
                <EditBox editBoxType="NORMAL" maxLength="-9999" showCursor="true" chatMarkOn="false" offsetX="-9999" candidateBoxShowUpPos="true" useAutoCompletion="true" enableCopyNPaste="False" name="Effect_EditBox" extendsName="undefined" parentName="Group3" preOrder="undefined" postOrder="undefined" anchored="false" superChild="true" relativeSize="true" absoluteSize="true" widthRate="0.0" heightRate="0.0" width="141" height="17" usePosition="true" relativePoint="TOP_LEFT" anchorPoint="TOP_LEFT" relativeTo="" anchoredX="64.0" anchoredY="33.0" useFont="true" styleName="" fontName="__SYSTEMEDITBOXFONT" fontColor="00000000" fontLine="EMPTY" alwaysZero="0" tooltipType="undefined" tooltipText="-9999" tooltipAppearanceTime="-9999" scrollBarOffsetX="-9999" scrollBarOffsetY="-9999" scrollBarOffsetHeight="-9999"/>
                <Button normalTex="L2UI_ct1.Button.Button_DF_Small" pushedTex="L2UI_ct1.Button.Button_DF_Small_Down" highlightTex="undefined" dropTex="undefined" buttonName="-9999" buttonNameText="Show" noHighlight="true" disableTime="-9999" disableTex="undefined" name="Effect_button" extendsName="undefined" parentName="Group3" preOrder="undefined" postOrder="undefined" anchored="true" superChild="true" relativeSize="true" absoluteSize="true" widthRate="0.0" heightRate="0.0" width="90" height="25" usePosition="true" relativePoint="TOP_LEFT" anchorPoint="TOP_LEFT" relativeTo="" anchoredX="210.0" anchoredY="29.0" useFont="false" styleName="undefined" fontName="undefined" fontColor="00000000" fontLine="EMPTY" alwaysZero="0" tooltipType="undefined" tooltipText="-9999" tooltipAppearanceTime="-9999" scrollBarOffsetX="-9999" scrollBarOffsetY="-9999" scrollBarOffsetHeight="-9999"/>
            </Children>
        </Window>
        <Window parent="undefined" backTex="L2UI_ct1.GroupBox.GroupBox_DF" script="undefined" state="undefined" title="-9999" frameSize="None" frameDirection="None" resizeFrameDirection="None" resizeFrameX="-9999.0" resizeFrameY="-9999.0" resizeFrameWidth="-9999.0" resizeFrameHeight="-9999.0" resizeMaxIncrease="197989280" drawerDirection="None" offsetX="0" offsetY="0" ownerWindow="" showAnimType="None" hideAnimType="None" showAnimDirection="None" showAnimSeconds="0.0" hideAnimDirection="None" hideAnimSeconds="0.0" iconName="undefined" tooltipIdx="-9999" workingConfiguration="Game" leftTextureName="undefined" midTextureName="undefined" rightTextureName="undefined" minimizeBtnTextureNormal="undefined" minimizeBtnTexturePushed="undefined" closeBtnTextureNormal="undefined" closeBtnTexturePushed="undefined" leftBackTextureWidth="-9999" midBackTextureWidth="-9999" showInArena="true" name="Group5" extendsName="undefined" parentName="PVBuilderCmdWnd" preOrder="undefined" postOrder="undefined" anchored="true" superChild="true" relativeSize="true" absoluteSize="true" widthRate="0.0" heightRate="0.0" width="304" height="65" usePosition="true" relativePoint="TOP_LEFT" anchorPoint="BOTTOM_LEFT" relativeTo="Group4" anchoredX="0.0" anchoredY="5.0" useFont="false" styleName="undefined" fontName="undefined" fontColor="00000000" fontLine="EMPTY" alwaysZero="0" tooltipType="undefined" tooltipText="-9999" tooltipAppearanceTime="-9999" scrollBarOffsetX="-9999" scrollBarOffsetY="-9999" scrollBarOffsetHeight="-9999">
            <Children>
                <Button normalTex="L2UI_ct1.Button.Button_DF_Small" pushedTex="L2UI_ct1.Button.Button_DF_Small_Down" highlightTex="undefined" dropTex="undefined" buttonName="-9999" buttonNameText="PawnViewer" noHighlight="true" disableTime="-9999" disableTex="undefined" name="pv_button" extendsName="undefined" parentName="Group5" preOrder="undefined" postOrder="undefined" anchored="true" superChild="true" relativeSize="true" absoluteSize="true" widthRate="0.0" heightRate="0.0" width="98" height="25" usePosition="true" relativePoint="TOP_LEFT" anchorPoint="TOP_LEFT" relativeTo="" anchoredX="5.0" anchoredY="6.0" useFont="false" styleName="undefined" fontName="undefined" fontColor="00000000" fontLine="EMPTY" alwaysZero="0" tooltipType="undefined" tooltipText="-9999" tooltipAppearanceTime="-9999" scrollBarOffsetX="-9999" scrollBarOffsetY="-9999" scrollBarOffsetHeight="-9999"/>
                <Button normalTex="L2UI_ct1.Button.Button_DF_Small" pushedTex="L2UI_ct1.Button.Button_DF_Small_Down" highlightTex="undefined" dropTex="undefined" buttonName="-9999" buttonNameText="NPCViewer" noHighlight="true" disableTime="-9999" disableTex="undefined" name="nv_button" extendsName="undefined" parentName="Group5" preOrder="undefined" postOrder="undefined" anchored="true" superChild="true" relativeSize="true" absoluteSize="true" widthRate="0.0" heightRate="0.0" width="98" height="25" usePosition="true" relativePoint="TOP_LEFT" anchorPoint="TOP_LEFT" relativeTo="" anchoredX="104.0" anchoredY="6.0" useFont="false" styleName="undefined" fontName="undefined" fontColor="00000000" fontLine="EMPTY" alwaysZero="0" tooltipType="undefined" tooltipText="-9999" tooltipAppearanceTime="-9999" scrollBarOffsetX="-9999" scrollBarOffsetY="-9999" scrollBarOffsetHeight="-9999"/>
                <Button normalTex="L2UI_ct1.Button.Button_DF_Small" pushedTex="L2UI_ct1.Button.Button_DF_Small_Down" highlightTex="undefined" dropTex="undefined" buttonName="-9999" buttonNameText="SceneEditor" noHighlight="true" disableTime="-9999" disableTex="undefined" name="sc_button" extendsName="undefined" parentName="Group5" preOrder="undefined" postOrder="undefined" anchored="true" superChild="true" relativeSize="true" absoluteSize="true" widthRate="0.0" heightRate="0.0" width="98" height="25" usePosition="true" relativePoint="TOP_LEFT" anchorPoint="TOP_LEFT" relativeTo="" anchoredX="5.0" anchoredY="34.0" useFont="false" styleName="undefined" fontName="undefined" fontColor="00000000" fontLine="EMPTY" alwaysZero="0" tooltipType="undefined" tooltipText="-9999" tooltipAppearanceTime="-9999" scrollBarOffsetX="-9999" scrollBarOffsetY="-9999" scrollBarOffsetHeight="-9999"/>
                <Button normalTex="L2UI_ct1.Button.Button_DF_Small" pushedTex="L2UI_ct1.Button.Button_DF_Small_Down" highlightTex="undefined" dropTex="undefined" buttonName="-9999" buttonNameText="SkillViewer" noHighlight="true" disableTime="-9999" disableTex="undefined" name="sv_button" extendsName="undefined" parentName="Group5" preOrder="undefined" postOrder="undefined" anchored="true" superChild="true" relativeSize="true" absoluteSize="true" widthRate="0.0" heightRate="0.0" width="98" height="25" usePosition="true" relativePoint="TOP_LEFT" anchorPoint="TOP_LEFT" relativeTo="" anchoredX="203.0" anchoredY="6.0" useFont="false" styleName="undefined" fontName="undefined" fontColor="00000000" fontLine="EMPTY" alwaysZero="0" tooltipType="undefined" tooltipText="-9999" tooltipAppearanceTime="-9999" scrollBarOffsetX="-9999" scrollBarOffsetY="-9999" scrollBarOffsetHeight="-9999"/>
                <Button normalTex="L2UI_ct1.Button.Button_DF_Small" pushedTex="L2UI_ct1.Button.Button_DF_Small_Down" highlightTex="undefined" dropTex="undefined" buttonName="-9999" buttonNameText="Search" noHighlight="true" disableTime="-9999" disableTex="undefined" name="search_button" extendsName="undefined" parentName="Group5" preOrder="undefined" postOrder="undefined" anchored="true" superChild="true" relativeSize="true" absoluteSize="true" widthRate="0.0" heightRate="0.0" width="98" height="25" usePosition="true" relativePoint="TOP_LEFT" anchorPoint="TOP_LEFT" relativeTo="" anchoredX="104.0" anchoredY="34.0" useFont="false" styleName="undefined" fontName="undefined" fontColor="00000000" fontLine="EMPTY" alwaysZero="0" tooltipType="undefined" tooltipText="-9999" tooltipAppearanceTime="-9999" scrollBarOffsetX="-9999" scrollBarOffsetY="-9999" scrollBarOffsetHeight="-9999"/>
                <Button normalTex="L2UI_ct1.Button.Button_DF_Small" pushedTex="L2UI_ct1.Button.Button_DF_Small_Down" highlightTex="undefined" dropTex="undefined" buttonName="-9999" buttonNameText="지도" noHighlight="true" disableTime="-9999" disableTex="undefined" name="minimap_button" extendsName="undefined" parentName="Group5" preOrder="undefined" postOrder="undefined" anchored="true" superChild="true" relativeSize="true" absoluteSize="true" widthRate="0.0" heightRate="0.0" width="98" height="25" usePosition="true" relativePoint="TOP_LEFT" anchorPoint="TOP_LEFT" relativeTo="" anchoredX="203.0" anchoredY="34.0" useFont="false" styleName="undefined" fontName="undefined" fontColor="00000000" fontLine="EMPTY" alwaysZero="0" tooltipType="undefined" tooltipText="-9999" tooltipAppearanceTime="-9999" scrollBarOffsetX="-9999" scrollBarOffsetY="-9999" scrollBarOffsetHeight="-9999"/>
            </Children>
        </Window>
    </Children>
</Window>
