<?xml version="1.0" encoding="UTF-8" standalone="yes"?>
<Window parent="undefined" backTex="L2UI_ct1.Windows.Windows_DF_Drawer_Bg" script="QuitReportDrawerWnd" state="GamingState" hidden="true" savePosition="true" title="-9999" frameSize="None" frameDirection="None" resizeFrameDirection="None" resizeFrameX="-9999.0" resizeFrameY="-9999.0" resizeFrameWidth="-9999.0" resizeFrameHeight="-9999.0" resizeMaxIncrease="0" drawerDirection="Right" offsetX="0" offsetY="23" directionFixed="false" ownerWindow="QuitReportWnd" showAnimType="None" hideAnimType="None" showAnimDirection="None" showAnimSeconds="0.0" hideAnimDirection="None" hideAnimSeconds="0.0" iconName="undefined" tooltipIdx="-9999" workingConfiguration="Game" leftTextureName="undefined" midTextureName="undefined" rightTextureName="undefined" minimizeBtnTextureNormal="undefined" minimizeBtnTexturePushed="undefined" closeBtnTextureNormal="undefined" closeBtnTexturePushed="undefined" leftBackTextureWidth="-9999" midBackTextureWidth="-9999" showInArena="true" name="QuitReportDrawerWnd" extendsName="undefined" parentName="" preOrder="undefined" postOrder="undefined" anchored="false" superChild="true" relativeSize="true" absoluteSize="true" widthRate="0.0" heightRate="0.0" width="300" height="298" usePosition="true" relativePoint="TOP_RIGHT" anchorPoint="TOP_RIGHT" relativeTo="" anchoredX="0.0" anchoredY="0.0" useFont="false" styleName="undefined" fontName="undefined" fontColor="00000000" fontLine="EMPTY" alwaysZero="0" tooltipType="undefined" tooltipText="-9999" tooltipAppearanceTime="-9999" scrollBarOffsetX="-9999" scrollBarOffsetY="-9999" scrollBarOffsetHeight="-9999">
    <Children>
        <Texture file="L2UI_ct1.GroupBox.GroupBox_DF" alphaMask="" type="Stretch" layer="Background" u="0.0" v="0.0" uSize="0.0" vSize="0.0" alpha="-9999" autoRotate="None" maskLayer="0.0" colorModify="FFFFFFFF" name="QuitReportDrawer_ListBG" extendsName="undefined" alwaysOnBack="true" parentName="QuitReportDrawerWnd" preOrder="undefined" postOrder="undefined" anchored="true" superChild="true" relativeSize="true" absoluteSize="true" widthRate="0.0" heightRate="0.0" width="283" height="249" usePosition="true" relativePoint="TOP_LEFT" anchorPoint="TOP_LEFT" relativeTo="QuitReportDrawerWnd" anchoredX="9.0" anchoredY="14.0" useFont="false" styleName="undefined" fontName="undefined" fontColor="00000000" fontLine="EMPTY" virtual="true" alwaysZero="0" tooltipType="undefined" tooltipText="-9999" tooltipAppearanceTime="-9999" scrollBarOffsetX="-9999" scrollBarOffsetY="-9999" scrollBarOffsetHeight="-9999"/>
        <ListCtrl maxRow="9999" showRow="6" useVScroll="true" contentsHeight="38" headerHeight="19" usePageBrowser="false" useWheelForScroll="true" compareTooltip="false" name="InstanceDungeon_ListCtrl" extendsName="undefined" parentName="QuitReportDrawerWnd" preOrder="undefined" postOrder="undefined" anchored="true" superChild="true" relativeSize="true" absoluteSize="true" widthRate="0.0" heightRate="0.0" width="280" height="247" usePosition="true" relativePoint="TOP_LEFT" anchorPoint="TOP_LEFT" relativeTo="QuitReportDrawerWnd" anchoredX="11.0" anchoredY="16.0" useFont="false" styleName="undefined" fontName="undefined" fontColor="00000000" fontLine="EMPTY" alwaysZero="0" tooltipType="SellItemList" tooltipText="-1" tooltipAppearanceTime="-9999" scrollBarOffsetX="-9999" scrollBarOffsetY="-9999" scrollBarOffsetHeight="-9999">
            <ListElement textStringId="2" width="196" bAscend="true" bClickEnable="true" bNumber="false"/>
            <ListElement textStringId="192" width="84" bAscend="true" bClickEnable="true" bNumber="false"/>
            <ListElement textStringId="-1" width="0" bAscend="true" bClickEnable="true" bNumber="false"/>
        </ListCtrl>
        <Button normalTex="undefined" pushedTex="undefined" highlightTex="undefined" dropTex="undefined" buttonName="646" buttonNameText="undefined" disableTime="-9999" disableTex="undefined" name="EnsoulInfoBtn" extendsName="undefined" parentName="QuitReportDrawerWnd" preOrder="undefined" postOrder="undefined" anchored="true" superChild="true" relativeSize="true" absoluteSize="true" widthRate="0.0" heightRate="0.0" width="80" height="26" usePosition="true" relativePoint="TOP_LEFT" anchorPoint="TOP_LEFT" relativeTo="" anchoredX="111.0" anchoredY="265.0" useFont="false" styleName="undefined" fontName="undefined" fontColor="00000000" fontLine="EMPTY" alwaysZero="0" tooltipType="undefined" tooltipText="-9999" tooltipAppearanceTime="-9999" scrollBarOffsetX="-9999" scrollBarOffsetY="-9999" scrollBarOffsetHeight="-9999"/>
    </Children>
</Window>
