<?xml version="1.0" encoding="UTF-8" standalone="yes"?>
<Window parent="undefined" backTex="L2UI_CT1.Windows.Windows_DF_Drawer_Bg" script="ReplayListWnd" state="ReplaySelectState" alwaysFullAlpha="true" title="-9999" frameSize="None" frameDirection="None" resizeFrameDirection="None" resizeFrameX="-9999.0" resizeFrameY="-9999.0" resizeFrameWidth="-9999.0" resizeFrameHeight="-9999.0" resizeMaxIncrease="0" drawerDirection="None" offsetX="0" offsetY="0" ownerWindow="" showAnimType="None" hideAnimType="None" showAnimDirection="None" showAnimSeconds="0.0" hideAnimDirection="None" hideAnimSeconds="0.0" iconName="undefined" tooltipIdx="-9999" workingConfiguration="Game" leftTextureName="undefined" midTextureName="undefined" rightTextureName="undefined" minimizeBtnTextureNormal="undefined" minimizeBtnTexturePushed="undefined" closeBtnTextureNormal="undefined" closeBtnTexturePushed="undefined" leftBackTextureWidth="-9999" midBackTextureWidth="-9999" showInArena="true" name="ReplayListWnd" extendsName="undefined" parentName="" preOrder="undefined" postOrder="undefined" anchored="true" superChild="true" relativeSize="true" absoluteSize="true" widthRate="0.0" heightRate="0.0" width="322" height="351" usePosition="true" relativePoint="CENTER" anchorPoint="CENTER" relativeTo="" anchoredX="0.0" anchoredY="0.0" useFont="false" styleName="undefined" fontName="undefined" fontColor="00000000" fontLine="EMPTY" alwaysZero="0" tooltipType="undefined" tooltipText="-9999" tooltipAppearanceTime="-9999" scrollBarOffsetX="-9999" scrollBarOffsetY="-9999" scrollBarOffsetHeight="-9999">
    <Children>
        <ListCtrl maxRow="100" showRow="14" useVScroll="true" contentsHeight="18" headerHeight="19" usePageBrowser="false" useWheelForScroll="true" compareTooltip="false" name="ReplayListCtrl" extendsName="undefined" parentName="ReplayListWnd" preOrder="undefined" postOrder="undefined" anchored="false" superChild="true" relativeSize="true" absoluteSize="true" widthRate="0.0" heightRate="0.0" width="300" height="274" usePosition="true" relativePoint="TOP_LEFT" anchorPoint="TOP_LEFT" relativeTo="ReplayListWnd" anchoredX="11.0" anchoredY="11.0" useFont="false" styleName="undefined" fontName="undefined" fontColor="00000000" fontLine="EMPTY" alwaysZero="0" tooltipType="undefined" tooltipText="-9999" tooltipAppearanceTime="-9999" scrollBarOffsetX="-9999" scrollBarOffsetY="-9999" scrollBarOffsetHeight="-9999">
            <ListElement textStringId="416" width="32" bAscend="true" bClickEnable="true" bNumber="false"/>
            <ListElement textStringId="1250" width="268" bAscend="true" bClickEnable="true" bNumber="false"/>
        </ListCtrl>
        <CheckBox titleIndex="1249" titleText="undefined" maxWidth="-9999" checkTexture="L2ui.Control.CheckBox_checked" unCheckTexture="L2ui.Control.CheckBox" disableTexture="L2ui.Control.CheckBox_unable" disableCheckTexture="L2ui.Control.CheckBox_checked_unable" name="chkLoadCamInst" extendsName="undefined" parentName="ReplayListWnd" preOrder="undefined" postOrder="undefined" anchored="false" superChild="true" relativeSize="true" absoluteSize="true" widthRate="0.0" heightRate="0.0" width="140" height="16" usePosition="true" relativePoint="TOP_LEFT" anchorPoint="TOP_LEFT" relativeTo="ReplayListWnd" anchoredX="11.0" anchoredY="293.0" useFont="false" styleName="undefined" fontName="undefined" fontColor="00000000" fontLine="EMPTY" alwaysZero="0" tooltipType="undefined" tooltipText="-9999" tooltipAppearanceTime="-9999" scrollBarOffsetX="-9999" scrollBarOffsetY="-9999" scrollBarOffsetHeight="-9999"/>
        <CheckBox titleIndex="1253" titleText="undefined" maxWidth="-9999" checkTexture="L2ui.Control.CheckBox_checked" unCheckTexture="L2ui.Control.CheckBox" disableTexture="L2ui.Control.CheckBox_unable" disableCheckTexture="L2ui.Control.CheckBox_checked_unable" name="chkLoadChatData" extendsName="undefined" parentName="ReplayListWnd" preOrder="undefined" postOrder="undefined" anchored="false" superChild="true" relativeSize="true" absoluteSize="true" widthRate="0.0" heightRate="0.0" width="140" height="16" usePosition="true" relativePoint="TOP_LEFT" anchorPoint="TOP_LEFT" relativeTo="ReplayListWnd" anchoredX="170.0" anchoredY="293.0" useFont="false" styleName="undefined" fontName="undefined" fontColor="00000000" fontLine="EMPTY" alwaysZero="0" tooltipType="undefined" tooltipText="-9999" tooltipAppearanceTime="-9999" scrollBarOffsetX="-9999" scrollBarOffsetY="-9999" scrollBarOffsetHeight="-9999"/>
        <Button normalTex="L2UI_CT1.Button.Button_DF" pushedTex="L2UI_CT1.Button.Button_DF_Click" highlightTex="undefined" dropTex="undefined" buttonName="140" buttonNameText="undefined" disableTime="-9999" disableTex="undefined" name="btnOK" extendsName="undefined" parentName="ReplayListWnd" preOrder="undefined" postOrder="undefined" anchored="false" superChild="true" relativeSize="true" absoluteSize="true" widthRate="0.0" heightRate="0.0" width="85" height="27" usePosition="true" relativePoint="TOP_LEFT" anchorPoint="TOP_LEFT" relativeTo="ReplayListWnd" anchoredX="32.0" anchoredY="312.0" useFont="false" styleName="undefined" fontName="undefined" fontColor="00000000" fontLine="EMPTY" alwaysZero="0" tooltipType="undefined" tooltipText="-9999" tooltipAppearanceTime="-9999" scrollBarOffsetX="-9999" scrollBarOffsetY="-9999" scrollBarOffsetHeight="-9999"/>
        <Button normalTex="L2UI_CT1.Button.Button_DF" pushedTex="L2UI_CT1.Button.Button_DF_Click" highlightTex="undefined" dropTex="undefined" buttonName="1272" buttonNameText="undefined" disableTime="-9999" disableTex="undefined" name="btnDel" extendsName="undefined" parentName="ReplayListWnd" preOrder="undefined" postOrder="undefined" anchored="false" superChild="true" relativeSize="true" absoluteSize="true" widthRate="0.0" heightRate="0.0" width="85" height="27" usePosition="true" relativePoint="TOP_LEFT" anchorPoint="TOP_LEFT" relativeTo="ReplayListWnd" anchoredX="119.0" anchoredY="312.0" useFont="false" styleName="undefined" fontName="undefined" fontColor="00000000" fontLine="EMPTY" alwaysZero="0" tooltipType="undefined" tooltipText="-9999" tooltipAppearanceTime="-9999" scrollBarOffsetX="-9999" scrollBarOffsetY="-9999" scrollBarOffsetHeight="-9999"/>
        <Button normalTex="L2UI_CT1.Button.Button_DF" pushedTex="L2UI_CT1.Button.Button_DF_Click" highlightTex="undefined" dropTex="undefined" buttonName="141" buttonNameText="undefined" disableTime="-9999" disableTex="undefined" name="btnCancel" extendsName="undefined" parentName="ReplayListWnd" preOrder="undefined" postOrder="undefined" anchored="false" superChild="true" relativeSize="true" absoluteSize="true" widthRate="0.0" heightRate="0.0" width="85" height="27" usePosition="true" relativePoint="TOP_LEFT" anchorPoint="TOP_LEFT" relativeTo="ReplayListWnd" anchoredX="206.0" anchoredY="312.0" useFont="false" styleName="undefined" fontName="undefined" fontColor="00000000" fontLine="EMPTY" alwaysZero="0" tooltipType="undefined" tooltipText="-9999" tooltipAppearanceTime="-9999" scrollBarOffsetX="-9999" scrollBarOffsetY="-9999" scrollBarOffsetHeight="-9999"/>
        <Texture file="L2UI_CT1.ListCtrl.ListCTRL_DF_Decoration" alphaMask="" type="Stretch" layer="Normal" u="0.0" v="0.0" uSize="0.0" vSize="0.0" alpha="-9999" autoRotate="None" maskLayer="0.0" colorModify="FFFFFFFF" name="ListDeco" extendsName="undefined" alwaysOnTop="true" parentName="ReplayListWnd" preOrder="undefined" postOrder="undefined" anchored="true" superChild="true" relativeSize="true" absoluteSize="true" widthRate="0.0" heightRate="0.0" width="302" height="19" usePosition="true" relativePoint="TOP_LEFT" anchorPoint="TOP_LEFT" relativeTo="ReplayListWnd" anchoredX="10.0" anchoredY="11.0" useFont="false" styleName="undefined" fontName="undefined" fontColor="00000000" fontLine="EMPTY" virtual="true" alwaysZero="0" tooltipType="undefined" tooltipText="-9999" tooltipAppearanceTime="-9999" scrollBarOffsetX="-9999" scrollBarOffsetY="-9999" scrollBarOffsetHeight="-9999"/>
        <Texture file="L2UI_CT1.GroupBox.GroupBox_DF" alphaMask="" type="Stretch" layer="Background" u="0.0" v="0.0" uSize="0.0" vSize="0.0" alpha="-9999" autoRotate="None" maskLayer="0.0" colorModify="FFFFFFFF" name="BackTexture" extendsName="undefined" alwaysOnBack="true" parentName="ReplayListWnd" preOrder="undefined" postOrder="undefined" anchored="true" superChild="true" relativeSize="true" absoluteSize="true" widthRate="0.0" heightRate="0.0" width="304" height="277" usePosition="true" relativePoint="TOP_LEFT" anchorPoint="TOP_LEFT" relativeTo="ReplayListWnd" anchoredX="9.0" anchoredY="10.0" useFont="false" styleName="undefined" fontName="undefined" fontColor="00000000" fontLine="EMPTY" virtual="true" alwaysZero="0" tooltipType="undefined" tooltipText="-9999" tooltipAppearanceTime="-9999" scrollBarOffsetX="-9999" scrollBarOffsetY="-9999" scrollBarOffsetHeight="-9999"/>
    </Children>
</Window>
