<?xml version="1.0" encoding="UTF-8" standalone="yes"?>
<Window parent="undefined" backTex="L2UI_CT1.Windows.Windows_DF_Large_Bg" script="SSQMainBoard" state="GamingState" frame="true" stuckable="true" hidden="true" savePosition="true" title="882" frameSize="Big" frameDirection="Top" exitbutton="true" movable="true" resizeFrameDirection="None" resizeFrameX="-9999.0" resizeFrameY="-9999.0" resizeFrameWidth="-9999.0" resizeFrameHeight="-9999.0" resizeMaxIncrease="0" drawerDirection="None" offsetX="0" offsetY="0" ownerWindow="" showAnimType="None" hideAnimType="None" showAnimDirection="None" showAnimSeconds="0.0" hideAnimDirection="None" hideAnimSeconds="0.0" iconName="undefined" tooltipIdx="-9999" workingConfiguration="Game" leftTextureName="undefined" midTextureName="undefined" rightTextureName="undefined" minimizeBtnTextureNormal="undefined" minimizeBtnTexturePushed="undefined" closeBtnTextureNormal="undefined" closeBtnTexturePushed="undefined" leftBackTextureWidth="-9999" midBackTextureWidth="-9999" name="SSQMainBoard" extendsName="undefined" parentName="" preOrder="undefined" postOrder="undefined" anchored="false" superChild="true" relativeSize="true" absoluteSize="true" widthRate="0.0" heightRate="0.0" width="270" height="403" usePosition="true" relativePoint="TOP_LEFT" anchorPoint="TOP_LEFT" relativeTo="" anchoredX="374.0" anchoredY="201.0" useFont="false" styleName="undefined" fontName="undefined" fontColor="00000000" fontLine="EMPTY" alwaysZero="0" tooltipType="undefined" tooltipText="-9999" tooltipAppearanceTime="-9999" scrollBarOffsetX="-9999" scrollBarOffsetY="-9999" scrollBarOffsetHeight="-9999">
    <Children>
        <Tab name="TabCtrl" extendsName="undefined" parentName="SSQMainBoard" preOrder="undefined" postOrder="undefined" anchored="true" superChild="true" relativeSize="true" absoluteSize="true" widthRate="0.0" heightRate="0.0" width="245" height="23" usePosition="true" relativePoint="TOP_LEFT" anchorPoint="TOP_LEFT" relativeTo="" anchoredX="8.0" anchoredY="31.0" useFont="false" styleName="undefined" fontName="undefined" fontColor="00000000" fontLine="EMPTY" alwaysZero="0" tooltipType="undefined" tooltipText="-9999" tooltipAppearanceTime="-9999" scrollBarOffsetX="-9999" scrollBarOffsetY="-9999" scrollBarOffsetHeight="-9999">
            <TabElement buttonName="824" buttonNameText="undefined" nameOffsetX="0" nameOffsetY="0" target="SSQStatusWnd" width="82" height="23" normalTex="L2UI_CT1.tab.Tab_DF_Tab_Unselected" pushedTex="L2UI_CT1.tab.Tab_DF_Tab_Selected" movable="false" gap="0" tooltip="-1" blinkTextureName=""/>
            <TabElement buttonName="825" buttonNameText="undefined" nameOffsetX="0" nameOffsetY="0" target="SSQMainEventWnd" width="82" height="23" normalTex="L2UI_CT1.tab.Tab_DF_Tab_Unselected" pushedTex="L2UI_CT1.tab.Tab_DF_Tab_Selected" movable="false" gap="0" tooltip="-1" blinkTextureName=""/>
            <TabElement buttonName="826" buttonNameText="undefined" nameOffsetX="0" nameOffsetY="0" target="SSQSealStatusWnd" width="82" height="23" normalTex="L2UI_CT1.tab.Tab_DF_Tab_Unselected" pushedTex="L2UI_CT1.tab.Tab_DF_Tab_Selected" movable="false" gap="0" tooltip="-1" blinkTextureName=""/>
        </Tab>
        <Texture file="L2UI_CT1.tab.Tab_DF_bg" alphaMask="" type="Stretch" layer="Background" u="0.0" v="0.0" uSize="0.0" vSize="0.0" alpha="-9999" autoRotate="None" maskLayer="0.0" colorModify="FFFFFFFF" name="TabMainBg" extendsName="undefined" alwaysOnBack="true" parentName="SSQMainBoard" preOrder="undefined" postOrder="undefined" anchored="false" superChild="true" relativeSize="true" absoluteSize="true" widthRate="0.0" heightRate="0.0" width="270" height="370" usePosition="true" relativePoint="TOP_LEFT" anchorPoint="TOP_LEFT" relativeTo="" anchoredX="0.0" anchoredY="31.0" useFont="false" styleName="undefined" fontName="undefined" fontColor="00000000" fontLine="EMPTY" virtual="true" alwaysZero="0" tooltipType="undefined" tooltipText="-9999" tooltipAppearanceTime="-9999" scrollBarOffsetX="-9999" scrollBarOffsetY="-9999" scrollBarOffsetHeight="-9999"/>
        <Texture file="L2UI_CT1.tab.Tab_DF_Bg_line" alphaMask="" type="Normal" layer="Background" u="0.0" v="0.0" uSize="0.0" vSize="0.0" alpha="-9999" autoRotate="None" maskLayer="0.0" colorModify="FFFFFFFF" name="TabBackTex" extendsName="undefined" alwaysOnBack="true" parentName="SSQMainBoard" preOrder="undefined" postOrder="undefined" anchored="true" superChild="true" relativeSize="true" absoluteSize="true" widthRate="0.0" heightRate="0.0" width="12" height="23" usePosition="true" relativePoint="TOP_LEFT" anchorPoint="TOP_LEFT" relativeTo="" anchoredX="253.0" anchoredY="31.0" useFont="false" styleName="undefined" fontName="undefined" fontColor="00000000" fontLine="EMPTY" virtual="true" alwaysZero="0" tooltipType="undefined" tooltipText="-9999" tooltipAppearanceTime="-9999" scrollBarOffsetX="-9999" scrollBarOffsetY="-9999" scrollBarOffsetHeight="-9999"/>
    </Children>
</Window>
