<?xml version="1.0" encoding="UTF-8" standalone="yes"?>
<Window parent="undefined" backTex="undefined" script="StatusWnd" state="GamingState" frame="true" stuckable="false" alwaysFullAlpha="true" savePosition="true" saveSize="true" title="-9999" resizeFrame="true" frameSize="Small" frameDirection="Left" exitbutton="false" movable="true" resizeFrameDirection="Right" resizeFrameX="174.0" resizeFrameY="1.0" resizeFrameWidth="10.0" resizeFrameHeight="84.0" resizeMaxIncrease="202" drawerDirection="None" offsetX="0" offsetY="0" ownerWindow="" showAnimType="None" hideAnimType="None" showAnimDirection="None" showAnimSeconds="0.0" hideAnimDirection="None" hideAnimSeconds="0.0" iconName="undefined" tooltipIdx="-9999" workingConfiguration="Game" leftTextureName="undefined" midTextureName="undefined" rightTextureName="undefined" minimizeBtnTextureNormal="undefined" minimizeBtnTexturePushed="undefined" closeBtnTextureNormal="undefined" closeBtnTexturePushed="undefined" leftBackTextureWidth="-9999" midBackTextureWidth="-9999" showInArena="true" name="StatusWnd" extendsName="undefined" parentName="" preOrder="undefined" postOrder="undefined" anchored="false" superChild="true" relativeSize="true" absoluteSize="true" widthRate="0.0" heightRate="0.0" width="179" height="79" usePosition="true" relativePoint="TOP_LEFT" anchorPoint="TOP_LEFT" relativeTo="" anchoredX="0.0" anchoredY="0.0" useFont="false" styleName="undefined" fontName="undefined" fontColor="00000000" fontLine="EMPTY" alwaysZero="0" tooltipType="undefined" tooltipText="-9999" tooltipAppearanceTime="-9999" scrollBarOffsetX="-9999" scrollBarOffsetY="-9999" scrollBarOffsetHeight="-9999">
    <State stateName="ArenaGamingState"/>
    <State stateName="ArenaPickState"/>
    <State stateName="ArenaBattleState"/>
    <Children>
        <Window parent="undefined" backTex="l2ui_ch3.PlayerStatusWnd.ps_levelback_lv100" script="undefined" state="undefined" title="-9999" frameSize="None" frameDirection="None" resizeFrameDirection="None" resizeFrameX="-9999.0" resizeFrameY="-9999.0" resizeFrameWidth="-9999.0" resizeFrameHeight="-9999.0" resizeMaxIncrease="0" drawerDirection="None" offsetX="0" offsetY="0" ownerWindow="" showAnimType="None" hideAnimType="None" showAnimDirection="None" showAnimSeconds="0.0" hideAnimDirection="None" hideAnimSeconds="0.0" iconName="undefined" tooltipIdx="-9999" workingConfiguration="Game" leftTextureName="undefined" midTextureName="undefined" rightTextureName="undefined" minimizeBtnTextureNormal="undefined" minimizeBtnTexturePushed="undefined" closeBtnTextureNormal="undefined" closeBtnTexturePushed="undefined" leftBackTextureWidth="-9999" midBackTextureWidth="-9999" name="StatusWnd_LevelTextBox_back_lv100" extendsName="undefined" parentName="StatusWnd" preOrder="undefined" postOrder="undefined" anchored="false" superChild="true" relativeSize="true" absoluteSize="true" widthRate="0.0" heightRate="0.0" width="31" height="20" usePosition="true" relativePoint="TOP_LEFT" anchorPoint="TOP_LEFT" relativeTo="" anchoredX="19.0" anchoredY="4.0" useFont="false" styleName="undefined" fontName="undefined" fontColor="00000000" fontLine="EMPTY" alwaysZero="0" tooltipType="undefined" tooltipText="-9999" tooltipAppearanceTime="-9999" scrollBarOffsetX="-9999" scrollBarOffsetY="-9999" scrollBarOffsetHeight="-9999">
            <Children>
                <Window parent="undefined" backTex="L2UI_CH3.playerstatusWnd.Premium_mark_Lv100" script="undefined" state="undefined" title="-9999" frameSize="None" frameDirection="None" resizeFrameDirection="None" resizeFrameX="-9999.0" resizeFrameY="-9999.0" resizeFrameWidth="-9999.0" resizeFrameHeight="-9999.0" resizeMaxIncrease="0" drawerDirection="None" offsetX="0" offsetY="0" ownerWindow="" showAnimType="None" hideAnimType="None" showAnimDirection="None" showAnimSeconds="0.0" hideAnimDirection="None" hideAnimSeconds="0.0" iconName="undefined" tooltipIdx="-9999" workingConfiguration="Game" leftTextureName="undefined" midTextureName="undefined" rightTextureName="undefined" minimizeBtnTextureNormal="undefined" minimizeBtnTexturePushed="undefined" closeBtnTextureNormal="undefined" closeBtnTexturePushed="undefined" leftBackTextureWidth="-9999" midBackTextureWidth="-9999" name="WndLevelBackPremium_Lv100" extendsName="undefined" alwaysOnTop="true" parentName="StatusWnd_LevelTextBox_back_lv100" preOrder="undefined" postOrder="undefined" anchored="false" superChild="true" relativeSize="true" absoluteSize="true" widthRate="0.0" heightRate="0.0" width="33" height="24" usePosition="true" relativePoint="TOP_LEFT" anchorPoint="TOP_LEFT" relativeTo="" anchoredX="-1.0" anchoredY="-1.0" useFont="false" styleName="undefined" fontName="undefined" fontColor="00000000" fontLine="EMPTY" alwaysZero="0" tooltipType="undefined" tooltipText="-9999" tooltipAppearanceTime="-9999" scrollBarOffsetX="-9999" scrollBarOffsetY="-9999" scrollBarOffsetHeight="-9999">
                    <Children/>
                </Window>
                <TextBox text="undefined" textAlign="Center" textVAlign="Undefined" fontType="Normal" backTex="undefined" sysString="-9999" systemMsg="-9999" textColor="DCDCDCFF" name="StatusWnd_LevelTextBox" extendsName="undefined" parentName="StatusWnd_LevelTextBox_back_lv100" preOrder="undefined" postOrder="undefined" anchored="false" superChild="true" relativeSize="true" absoluteSize="true" widthRate="0.0" heightRate="0.0" width="31" height="20" usePosition="true" relativePoint="TOP_LEFT" anchorPoint="TOP_LEFT" relativeTo="" anchoredX="0.0" anchoredY="4.0" useFont="true" styleName="" fontName="" fontColor="B09B79FF" fontLine="EMPTY" alwaysZero="0" tooltipType="undefined" tooltipText="-9999" tooltipAppearanceTime="-9999" scrollBarOffsetX="-9999" scrollBarOffsetY="-9999" scrollBarOffsetHeight="-9999"/>
            </Children>
        </Window>
        <Window parent="undefined" backTex="l2ui_ch3.PlayerStatusWnd.ps_levelback" script="undefined" state="undefined" title="-9999" frameSize="None" frameDirection="None" resizeFrameDirection="None" resizeFrameX="-9999.0" resizeFrameY="-9999.0" resizeFrameWidth="-9999.0" resizeFrameHeight="-9999.0" resizeMaxIncrease="0" drawerDirection="None" offsetX="0" offsetY="0" ownerWindow="" showAnimType="None" hideAnimType="None" showAnimDirection="None" showAnimSeconds="0.0" hideAnimDirection="None" hideAnimSeconds="0.0" iconName="undefined" tooltipIdx="-9999" workingConfiguration="Game" leftTextureName="undefined" midTextureName="undefined" rightTextureName="undefined" minimizeBtnTextureNormal="undefined" minimizeBtnTexturePushed="undefined" closeBtnTextureNormal="undefined" closeBtnTexturePushed="undefined" leftBackTextureWidth="-9999" midBackTextureWidth="-9999" name="StatusWnd_LevelTextBox_back" extendsName="undefined" alwaysOnTop="true" parentName="StatusWnd" preOrder="undefined" postOrder="undefined" anchored="false" superChild="true" relativeSize="true" absoluteSize="true" widthRate="0.0" heightRate="0.0" width="22" height="20" usePosition="true" relativePoint="TOP_LEFT" anchorPoint="TOP_LEFT" relativeTo="" anchoredX="19.0" anchoredY="4.0" useFont="false" styleName="undefined" fontName="undefined" fontColor="00000000" fontLine="EMPTY" alwaysZero="0" tooltipType="undefined" tooltipText="-9999" tooltipAppearanceTime="-9999" scrollBarOffsetX="-9999" scrollBarOffsetY="-9999" scrollBarOffsetHeight="-9999">
            <Children>
                <Window parent="undefined" backTex="BranchSys.ui.Premium_mark" script="undefined" state="undefined" hidden="true" title="-9999" frameSize="None" frameDirection="None" resizeFrameDirection="None" resizeFrameX="-9999.0" resizeFrameY="-9999.0" resizeFrameWidth="-9999.0" resizeFrameHeight="-9999.0" resizeMaxIncrease="0" drawerDirection="None" offsetX="0" offsetY="0" ownerWindow="" showAnimType="None" hideAnimType="None" showAnimDirection="None" showAnimSeconds="0.0" hideAnimDirection="None" hideAnimSeconds="0.0" iconName="undefined" tooltipIdx="-9999" workingConfiguration="Game" leftTextureName="undefined" midTextureName="undefined" rightTextureName="undefined" minimizeBtnTextureNormal="undefined" minimizeBtnTexturePushed="undefined" closeBtnTextureNormal="undefined" closeBtnTexturePushed="undefined" leftBackTextureWidth="-9999" midBackTextureWidth="-9999" name="WndLevelBackPremium" extendsName="undefined" parentName="StatusWnd_LevelTextBox_back" preOrder="undefined" postOrder="undefined" anchored="false" superChild="true" relativeSize="true" absoluteSize="true" widthRate="0.0" heightRate="0.0" width="24" height="24" usePosition="true" relativePoint="TOP_LEFT" anchorPoint="TOP_LEFT" relativeTo="" anchoredX="-1.0" anchoredY="-1.0" useFont="false" styleName="undefined" fontName="undefined" fontColor="00000000" fontLine="EMPTY" alwaysZero="0" tooltipType="undefined" tooltipText="-9999" tooltipAppearanceTime="-9999" scrollBarOffsetX="-9999" scrollBarOffsetY="-9999" scrollBarOffsetHeight="-9999">
                    <Children/>
                </Window>
                <TextBox text="undefined" textAlign="Center" textVAlign="Undefined" fontType="Normal" backTex="undefined" sysString="-9999" systemMsg="-9999" textColor="DCDCDCFF" name="StatusWnd_LevelTextBox" extendsName="undefined" parentName="StatusWnd_LevelTextBox_back" preOrder="undefined" postOrder="undefined" anchored="false" superChild="true" relativeSize="true" absoluteSize="true" widthRate="0.0" heightRate="0.0" width="16" height="20" usePosition="true" relativePoint="TOP_LEFT" anchorPoint="TOP_LEFT" relativeTo="" anchoredX="3.0" anchoredY="4.0" useFont="true" styleName="" fontName="" fontColor="B09B79FF" fontLine="EMPTY" alwaysZero="0" tooltipType="undefined" tooltipText="-9999" tooltipAppearanceTime="-9999" scrollBarOffsetX="-9999" scrollBarOffsetY="-9999" scrollBarOffsetHeight="-9999"/>
            </Children>
        </Window>
        <StatusBar title="CP" titleIndex="1653" barWidth="4" barHeight="13" foreTex="l2ui_ct1.Gauges.Gauge_DF_Large_CP_Center" foreLeftTex="l2ui_ct1.Gauges.Gauge_DF_Large_CP_Left" foreRightTex="l2ui_ct1.Gauges.Gauge_DF_Large_CP_Right" backTex="l2ui_ct1.Gauges.Gauge_DF_Large_CP_bg_Center" backLeftTex="l2ui_ct1.Gauges.Gauge_DF_Large_CP_bg_Left" backRightTex="l2ui_ct1.Gauges.Gauge_DF_Large_CP_bg_Right" regenLeftTex="undefined" regenTex="undefined" regenRightTex="undefined" warnTex="undefined" warnLeftTex="undefined" warnRightTex="undefined" unit="undefined" drawPoint="1" gaugeFontFile="L2ui_ct1.Misc_df_statusnumber" gaugeFontWidth="8" gaugeFontHeight="12" name="CPBar" extendsName="undefined" parentName="StatusWnd" preOrder="undefined" postOrder="undefined" anchored="false" superChild="true" relativeSize="true" absoluteSize="false" sizePercentWindow="" widthRate="1.0" heightRate="0.0" width="-24" height="13" usePosition="true" relativePoint="TOP_LEFT" anchorPoint="TOP_LEFT" relativeTo="" anchoredX="19.0" anchoredY="27.0" useFont="false" styleName="undefined" fontName="undefined" fontColor="00000000" fontLine="EMPTY" alwaysZero="0" tooltipType="undefined" tooltipText="-9999" tooltipAppearanceTime="-9999" scrollBarOffsetX="-9999" scrollBarOffsetY="-9999" scrollBarOffsetHeight="-9999"/>
        <StatusBar title="HP" titleIndex="90" barWidth="4" barHeight="13" foreTex="l2ui_ct1.Gauges.Gauge_DF_Large_HP_Center" foreLeftTex="l2ui_ct1.Gauges.Gauge_DF_Large_HP_Left" foreRightTex="l2ui_ct1.Gauges.Gauge_DF_Large_HP_Right" backTex="l2ui_ct1.Gauges.Gauge_DF_Large_HP_bg_Center" backLeftTex="l2ui_ct1.Gauges.Gauge_DF_Large_HP_bg_Left" backRightTex="l2ui_ct1.Gauges.Gauge_DF_Large_HP_bg_Right" regenLeftTex="undefined" regenTex="l2ui_ct1.Gauges.Gauge_DF_Large_HPwarn_Center" regenRightTex="l2ui_ct1.Gauges.Gauge_DF_Large_HPwarn_Right" warnTex="l2ui_ct1.Gauges.Gauge_DF_Large_HPwarn_Center" warnLeftTex="l2ui_ct1.Gauges.Gauge_DF_Large_HPwarn_Left" warnRightTex="l2ui_ct1.Gauges.Gauge_DF_Large_HPwarn_Right" unit="undefined" drawPoint="1" gaugeFontFile="L2ui_ct1.Misc_df_statusnumber" gaugeFontWidth="8" gaugeFontHeight="12" name="HPBar" extendsName="undefined" parentName="StatusWnd" preOrder="undefined" postOrder="undefined" anchored="false" superChild="true" relativeSize="true" absoluteSize="false" sizePercentWindow="" widthRate="1.0" heightRate="0.0" width="-24" height="13" usePosition="true" relativePoint="TOP_LEFT" anchorPoint="TOP_LEFT" relativeTo="" anchoredX="19.0" anchoredY="40.0" useFont="false" styleName="undefined" fontName="undefined" fontColor="00000000" fontLine="EMPTY" alwaysZero="0" tooltipType="undefined" tooltipText="-9999" tooltipAppearanceTime="-9999" scrollBarOffsetX="-9999" scrollBarOffsetY="-9999" scrollBarOffsetHeight="-9999"/>
        <StatusBar title="MP" titleIndex="91" barWidth="4" barHeight="13" foreTex="l2ui_ct1.Gauges.Gauge_DF_Large_mP_Center" foreLeftTex="l2ui_ct1.Gauges.Gauge_DF_Large_MP_Left" foreRightTex="l2ui_ct1.Gauges.Gauge_DF_Large_mP_Right" backTex="l2ui_ct1.Gauges.Gauge_DF_Large_mP_bg_Center" backLeftTex="l2ui_ct1.Gauges.Gauge_DF_Large_mP_bg_Left" backRightTex="l2ui_ct1.Gauges.Gauge_DF_Large_mP_bg_Right" regenLeftTex="undefined" regenTex="undefined" regenRightTex="undefined" warnTex="undefined" warnLeftTex="undefined" warnRightTex="undefined" unit="undefined" drawPoint="1" gaugeFontFile="L2ui_ct1.Misc_df_statusnumber" gaugeFontWidth="8" gaugeFontHeight="12" name="MPBar" extendsName="undefined" parentName="StatusWnd" preOrder="undefined" postOrder="undefined" anchored="false" superChild="true" relativeSize="true" absoluteSize="false" sizePercentWindow="" widthRate="1.0" heightRate="0.0" width="-24" height="13" usePosition="true" relativePoint="TOP_LEFT" anchorPoint="TOP_LEFT" relativeTo="" anchoredX="19.0" anchoredY="53.0" useFont="false" styleName="undefined" fontName="undefined" fontColor="00000000" fontLine="EMPTY" alwaysZero="0" tooltipType="undefined" tooltipText="-9999" tooltipAppearanceTime="-9999" scrollBarOffsetX="-9999" scrollBarOffsetY="-9999" scrollBarOffsetHeight="-9999"/>
        <StatusBar title="VP" titleIndex="2492" barWidth="4" barHeight="13" foreTex="l2ui_ct1.Gauges.Gauge_DF_Large_VP_Center" foreLeftTex="l2ui_ct1.Gauges.Gauge_DF_Large_VP_Left" foreRightTex="l2ui_ct1.Gauges.Gauge_DF_Large_VP_Right" backTex="l2ui_ct1.Gauges.Gauge_DF_Large_VP_bg_Center" backLeftTex="l2ui_ct1.Gauges.Gauge_DF_Large_VP_bg_Left" backRightTex="l2ui_ct1.Gauges.Gauge_DF_Large_VP_bg_Right" regenLeftTex="undefined" regenTex="undefined" regenRightTex="undefined" warnTex="undefined" warnLeftTex="undefined" warnRightTex="undefined" unit="undefined" drawPoint="0" gaugeFontFile="L2ui_ct1.Misc_df_statusnumber" gaugeFontWidth="8" gaugeFontHeight="12" name="VpDetailBar" extendsName="undefined" parentName="StatusWnd" preOrder="undefined" postOrder="undefined" anchored="false" superChild="true" relativeSize="true" absoluteSize="false" sizePercentWindow="" widthRate="1.0" heightRate="0.0" width="-24" height="13" usePosition="true" relativePoint="TOP_LEFT" anchorPoint="TOP_LEFT" relativeTo="" anchoredX="19.0" anchoredY="66.0" useFont="false" styleName="undefined" fontName="undefined" fontColor="00000000" fontLine="EMPTY" alwaysZero="0" tooltipType="Text" tooltipText="2402" tooltipAppearanceTime="-9999" scrollBarOffsetX="-9999" scrollBarOffsetY="-9999" scrollBarOffsetHeight="-9999">
            <ScaleMark markTexture="L2UI_CT1.Gauge_DF_VP_Divider" numberOfMarks="3" markWidth="2" markHeight="12"/>
        </StatusBar>
        <NameCtrl name="UserName" extendsName="undefined" parentName="StatusWnd" preOrder="undefined" postOrder="undefined" anchored="false" superChild="true" relativeSize="true" absoluteSize="false" sizePercentWindow="" widthRate="1.0" heightRate="1.0" width="-50" height="-162" usePosition="true" relativePoint="TOP_LEFT" anchorPoint="TOP_LEFT" relativeTo="" anchoredX="45.0" anchoredY="8.0" useFont="false" styleName="undefined" fontName="undefined" fontColor="00000000" fontLine="EMPTY" alwaysZero="0" tooltipType="undefined" tooltipText="-9999" tooltipAppearanceTime="-9999" scrollBarOffsetX="-9999" scrollBarOffsetY="-9999" scrollBarOffsetHeight="-9999"/>
        <Texture file="L2UI_CT1.Windows_DF_Small_Vertical_SizeControl_Bg" alphaMask="" type="Normal" layer="Background" u="0.0" v="0.0" uSize="0.0" vSize="0.0" alpha="-9999" autoRotate="None" maskLayer="0.0" colorModify="FFFFFFFF" name="StatusWndBg" extendsName="undefined" alwaysOnBack="true" parentName="StatusWnd" preOrder="undefined" postOrder="undefined" anchored="false" superChild="true" relativeSize="true" absoluteSize="false" sizePercentWindow="" widthRate="1.0" heightRate="1.0" width="-14" height="0" usePosition="true" relativePoint="TOP_LEFT" anchorPoint="TOP_LEFT" relativeTo="" anchoredX="15.0" anchoredY="-2.0" useFont="false" styleName="undefined" fontName="undefined" fontColor="00000000" fontLine="EMPTY" alwaysZero="0" tooltipType="undefined" tooltipText="-9999" tooltipAppearanceTime="-9999" scrollBarOffsetX="-9999" scrollBarOffsetY="-9999" scrollBarOffsetHeight="-9999"/>
        <Window parent="undefined" backTex="undefined" script="undefined" state="undefined" hidden="true" title="-9999" frameSize="None" frameDirection="None" resizeFrameDirection="None" resizeFrameX="-9999.0" resizeFrameY="-9999.0" resizeFrameWidth="-9999.0" resizeFrameHeight="-9999.0" resizeMaxIncrease="0" drawerDirection="None" offsetX="0" offsetY="0" ownerWindow="" showAnimType="None" hideAnimType="None" showAnimDirection="None" showAnimSeconds="0.0" hideAnimDirection="None" hideAnimSeconds="0.0" iconName="undefined" tooltipIdx="-9999" workingConfiguration="Game" leftTextureName="undefined" midTextureName="undefined" rightTextureName="undefined" minimizeBtnTextureNormal="undefined" minimizeBtnTexturePushed="undefined" closeBtnTextureNormal="undefined" closeBtnTexturePushed="undefined" leftBackTextureWidth="-9999" midBackTextureWidth="-9999" name="FinalityGageWnd" extendsName="undefined" parentName="StatusWnd" preOrder="undefined" postOrder="undefined" anchored="false" superChild="true" relativeSize="true" absoluteSize="false" sizePercentWindow="" widthRate="1.0" heightRate="0.0" width="-14" height="24" usePosition="true" relativePoint="TOP_LEFT" anchorPoint="TOP_LEFT" relativeTo="" anchoredX="15.0" anchoredY="78.0" useFont="false" styleName="undefined" fontName="undefined" fontColor="00000000" fontLine="EMPTY" alwaysZero="0" tooltipType="undefined" tooltipText="-9999" tooltipAppearanceTime="-9999" scrollBarOffsetX="-9999" scrollBarOffsetY="-9999" scrollBarOffsetHeight="-9999">
            <Children>
                <Texture file="L2UI_CT1.Windows_DF_Small_Vertical_SizeControl_Bg" alphaMask="" type="Normal" layer="Background" u="0.0" v="0.0" uSize="0.0" vSize="0.0" alpha="-9999" autoRotate="None" maskLayer="0.0" colorModify="FFFFFFFF" name="FinalityGageWndBg" extendsName="undefined" alwaysOnBack="true" parentName="FinalityGageWnd" preOrder="undefined" postOrder="undefined" anchored="false" superChild="true" relativeSize="true" absoluteSize="false" sizePercentWindow="" widthRate="1.0" heightRate="1.0" width="0" height="0" usePosition="true" relativePoint="TOP_LEFT" anchorPoint="TOP_LEFT" relativeTo="" anchoredX="0.0" anchoredY="2.0" useFont="false" styleName="undefined" fontName="undefined" fontColor="00000000" fontLine="EMPTY" alwaysZero="0" tooltipType="undefined" tooltipText="-9999" tooltipAppearanceTime="-9999" scrollBarOffsetX="-9999" scrollBarOffsetY="-9999" scrollBarOffsetHeight="-9999"/>
                <Texture file="L2UI_CT1.FinalityGageEff_DF_Left02" alphaMask="" type="Normal" layer="Normal" u="0.0" v="0.0" uSize="0.0" vSize="0.0" alpha="-9999" autoRotate="None" maskLayer="0.0" colorModify="FFFFFFFF" name="FinalityGageEff3_Left" extendsName="undefined" alwaysOnTop="true" parentName="FinalityGageWnd" preOrder="undefined" postOrder="undefined" anchored="true" superChild="true" relativeSize="true" absoluteSize="true" widthRate="0.0" heightRate="0.0" width="16" height="20" usePosition="true" relativePoint="TOP_LEFT" anchorPoint="TOP_LEFT" relativeTo="GroupBg3" anchoredX="-5.0" anchoredY="-4.0" useFont="false" styleName="undefined" fontName="undefined" fontColor="00000000" fontLine="EMPTY" alwaysZero="0" tooltipType="undefined" tooltipText="-9999" tooltipAppearanceTime="-9999" scrollBarOffsetX="-9999" scrollBarOffsetY="-9999" scrollBarOffsetHeight="-9999"/>
                <Texture file="L2UI_CT1.FinalityGageEff_DF_Center" alphaMask="" type="Normal" layer="Normal" u="0.0" v="0.0" uSize="0.0" vSize="0.0" alpha="-9999" autoRotate="None" maskLayer="0.0" colorModify="FFFFFFFF" name="FinalityGageEff3_Center" extendsName="undefined" alwaysOnTop="true" parentName="FinalityGageWnd" preOrder="undefined" postOrder="undefined" anchored="true" superChild="true" relativeSize="true" absoluteSize="false" sizePercentWindow="" widthRate="0.33" heightRate="1.0" width="-25" height="0" usePosition="true" relativePoint="TOP_LEFT" anchorPoint="TOP_LEFT" relativeTo="GroupBg3" anchoredX="11.0" anchoredY="-4.0" useFont="false" styleName="undefined" fontName="undefined" fontColor="00000000" fontLine="EMPTY" alwaysZero="0" tooltipType="undefined" tooltipText="-9999" tooltipAppearanceTime="-9999" scrollBarOffsetX="-9999" scrollBarOffsetY="-9999" scrollBarOffsetHeight="-9999"/>
                <Texture file="L2UI_CT1.FinalityGageEff_DF_Right02" alphaMask="" type="Normal" layer="Normal" u="0.0" v="0.0" uSize="0.0" vSize="0.0" alpha="-9999" autoRotate="None" maskLayer="0.0" colorModify="FFFFFFFF" name="FinalityGageEff3_Right" extendsName="undefined" alwaysOnTop="true" parentName="FinalityGageWnd" preOrder="undefined" postOrder="undefined" anchored="true" superChild="true" relativeSize="true" absoluteSize="true" widthRate="0.0" heightRate="0.0" width="16" height="20" usePosition="true" relativePoint="TOP_RIGHT" anchorPoint="TOP_RIGHT" relativeTo="GroupBg3" anchoredX="5.0" anchoredY="-4.0" useFont="false" styleName="undefined" fontName="undefined" fontColor="00000000" fontLine="EMPTY" alwaysZero="0" tooltipType="undefined" tooltipText="-9999" tooltipAppearanceTime="-9999" scrollBarOffsetX="-9999" scrollBarOffsetY="-9999" scrollBarOffsetHeight="-9999"/>
                <Texture file="L2UI_CT1.FinalityGageEff_DF_Left02" alphaMask="" type="Normal" layer="Normal" u="0.0" v="0.0" uSize="0.0" vSize="0.0" alpha="-9999" autoRotate="None" maskLayer="0.0" colorModify="FFFFFFFF" name="FinalityGageEff2_Left" extendsName="undefined" alwaysOnTop="true" parentName="FinalityGageWnd" preOrder="undefined" postOrder="undefined" anchored="true" superChild="true" relativeSize="true" absoluteSize="true" widthRate="0.0" heightRate="0.0" width="16" height="20" usePosition="true" relativePoint="TOP_LEFT" anchorPoint="TOP_LEFT" relativeTo="GroupBg2" anchoredX="-5.0" anchoredY="-4.0" useFont="false" styleName="undefined" fontName="undefined" fontColor="00000000" fontLine="EMPTY" alwaysZero="0" tooltipType="undefined" tooltipText="-9999" tooltipAppearanceTime="-9999" scrollBarOffsetX="-9999" scrollBarOffsetY="-9999" scrollBarOffsetHeight="-9999"/>
                <Texture file="L2UI_CT1.FinalityGageEff_DF_Center" alphaMask="" type="Normal" layer="Normal" u="0.0" v="0.0" uSize="0.0" vSize="0.0" alpha="-9999" autoRotate="None" maskLayer="0.0" colorModify="FFFFFFFF" name="FinalityGageEff2_Center" extendsName="undefined" alwaysOnTop="true" parentName="FinalityGageWnd" preOrder="undefined" postOrder="undefined" anchored="true" superChild="true" relativeSize="true" absoluteSize="false" sizePercentWindow="" widthRate="0.33" heightRate="1.0" width="-25" height="0" usePosition="true" relativePoint="TOP_LEFT" anchorPoint="TOP_LEFT" relativeTo="GroupBg2" anchoredX="11.0" anchoredY="-4.0" useFont="false" styleName="undefined" fontName="undefined" fontColor="00000000" fontLine="EMPTY" alwaysZero="0" tooltipType="undefined" tooltipText="-9999" tooltipAppearanceTime="-9999" scrollBarOffsetX="-9999" scrollBarOffsetY="-9999" scrollBarOffsetHeight="-9999"/>
                <Texture file="L2UI_CT1.FinalityGageEff_DF_Right01" alphaMask="" type="Normal" layer="Normal" u="0.0" v="0.0" uSize="0.0" vSize="0.0" alpha="-9999" autoRotate="None" maskLayer="0.0" colorModify="FFFFFFFF" name="FinalityGageEff2_Right" extendsName="undefined" alwaysOnTop="true" parentName="FinalityGageWnd" preOrder="undefined" postOrder="undefined" anchored="true" superChild="true" relativeSize="true" absoluteSize="true" widthRate="0.0" heightRate="0.0" width="16" height="20" usePosition="true" relativePoint="TOP_RIGHT" anchorPoint="TOP_RIGHT" relativeTo="GroupBg2" anchoredX="5.0" anchoredY="-4.0" useFont="false" styleName="undefined" fontName="undefined" fontColor="00000000" fontLine="EMPTY" alwaysZero="0" tooltipType="undefined" tooltipText="-9999" tooltipAppearanceTime="-9999" scrollBarOffsetX="-9999" scrollBarOffsetY="-9999" scrollBarOffsetHeight="-9999"/>
                <Texture file="L2UI_CT1.FinalityGageEff_DF_Left01" alphaMask="" type="Normal" layer="Normal" u="0.0" v="0.0" uSize="0.0" vSize="0.0" alpha="-9999" autoRotate="None" maskLayer="0.0" colorModify="FFFFFFFF" name="FinalityGageEff1_Left" extendsName="undefined" alwaysOnTop="true" parentName="FinalityGageWnd" preOrder="undefined" postOrder="undefined" anchored="true" superChild="true" relativeSize="true" absoluteSize="true" widthRate="0.0" heightRate="0.0" width="16" height="20" usePosition="true" relativePoint="TOP_LEFT" anchorPoint="TOP_LEFT" relativeTo="GroupBg1" anchoredX="-5.0" anchoredY="-4.0" useFont="false" styleName="undefined" fontName="undefined" fontColor="00000000" fontLine="EMPTY" alwaysZero="0" tooltipType="undefined" tooltipText="-9999" tooltipAppearanceTime="-9999" scrollBarOffsetX="-9999" scrollBarOffsetY="-9999" scrollBarOffsetHeight="-9999"/>
                <Texture file="L2UI_CT1.FinalityGageEff_DF_Center" alphaMask="" type="Normal" layer="Normal" u="0.0" v="0.0" uSize="0.0" vSize="0.0" alpha="-9999" autoRotate="None" maskLayer="0.0" colorModify="FFFFFFFF" name="FinalityGageEff1_Center" extendsName="undefined" alwaysOnTop="true" parentName="FinalityGageWnd" preOrder="undefined" postOrder="undefined" anchored="true" superChild="true" relativeSize="true" absoluteSize="false" sizePercentWindow="" widthRate="0.33" heightRate="1.0" width="-23" height="0" usePosition="true" relativePoint="TOP_LEFT" anchorPoint="TOP_LEFT" relativeTo="GroupBg1" anchoredX="11.0" anchoredY="-4.0" useFont="false" styleName="undefined" fontName="undefined" fontColor="00000000" fontLine="EMPTY" alwaysZero="0" tooltipType="undefined" tooltipText="-9999" tooltipAppearanceTime="-9999" scrollBarOffsetX="-9999" scrollBarOffsetY="-9999" scrollBarOffsetHeight="-9999"/>
                <Texture file="L2UI_CT1.FinalityGageEff_DF_Right01" alphaMask="" type="Normal" layer="Normal" u="0.0" v="0.0" uSize="0.0" vSize="0.0" alpha="-9999" autoRotate="None" maskLayer="0.0" colorModify="FFFFFFFF" name="FinalityGageEff1_Right" extendsName="undefined" alwaysOnTop="true" parentName="FinalityGageWnd" preOrder="undefined" postOrder="undefined" anchored="true" superChild="true" relativeSize="true" absoluteSize="true" widthRate="0.0" heightRate="0.0" width="16" height="20" usePosition="true" relativePoint="TOP_RIGHT" anchorPoint="TOP_RIGHT" relativeTo="GroupBg1" anchoredX="5.0" anchoredY="-4.0" useFont="false" styleName="undefined" fontName="undefined" fontColor="00000000" fontLine="EMPTY" alwaysZero="0" tooltipType="undefined" tooltipText="-9999" tooltipAppearanceTime="-9999" scrollBarOffsetX="-9999" scrollBarOffsetY="-9999" scrollBarOffsetHeight="-9999"/>
                <BarCtrl foreTexture="l2ui_ct1.Gauge_DF_Large_Finality_Center" foreLeftTexture="l2ui_ct1.Gauge_DF_Large_Finality_left01" foreRightTexture="l2ui_ct1.Gauge_DF_Large_Finality_Right01" backTexture="l2ui_ct1.Gauge_DF_Large_Finality_bg_Center" backLeftTexture="l2ui_ct1.Gauge_DF_Large_Finality_bg_Left01" backRightTexture="l2ui_ct1.Gauge_DF_Large_Finality_bg_Right01" uSize="4" vSize="13" name="FinalityBar01" extendsName="undefined" parentName="FinalityGageWnd" preOrder="undefined" postOrder="undefined" anchored="true" superChild="true" relativeSize="true" absoluteSize="false" sizePercentWindow="" widthRate="0.33" heightRate="0.0" width="-1" height="13" usePosition="true" relativePoint="TOP_LEFT" anchorPoint="TOP_LEFT" relativeTo="GroupBg1" anchoredX="0.0" anchoredY="0.0" useFont="false" styleName="undefined" fontName="undefined" fontColor="00000000" fontLine="EMPTY" alwaysZero="0" tooltipType="undefined" tooltipText="-9999" tooltipAppearanceTime="-9999" scrollBarOffsetX="-9999" scrollBarOffsetY="-9999" scrollBarOffsetHeight="-9999"/>
                <BarCtrl foreTexture="l2ui_ct1.Gauge_DF_Large_Finality_Center" foreLeftTexture="l2ui_ct1.Gauge_DF_Large_Finality_left02" foreRightTexture="l2ui_ct1.Gauge_DF_Large_Finality_Right01" backTexture="l2ui_ct1.Gauge_DF_Large_Finality_bg_Center" backLeftTexture="l2ui_ct1.Gauge_DF_Large_Finality_bg_Left02" backRightTexture="l2ui_ct1.Gauge_DF_Large_Finality_bg_Right01" uSize="4" vSize="13" name="FinalityBar02" extendsName="undefined" parentName="FinalityGageWnd" preOrder="undefined" postOrder="undefined" anchored="true" superChild="true" relativeSize="true" absoluteSize="false" sizePercentWindow="" widthRate="0.33" heightRate="0.0" width="-3" height="13" usePosition="true" relativePoint="TOP_LEFT" anchorPoint="TOP_LEFT" relativeTo="GroupBg2" anchoredX="0.0" anchoredY="0.0" useFont="false" styleName="undefined" fontName="undefined" fontColor="00000000" fontLine="EMPTY" alwaysZero="0" tooltipType="undefined" tooltipText="-9999" tooltipAppearanceTime="-9999" scrollBarOffsetX="-9999" scrollBarOffsetY="-9999" scrollBarOffsetHeight="-9999"/>
                <BarCtrl foreTexture="l2ui_ct1.Gauge_DF_Large_Finality_Center" foreLeftTexture="l2ui_ct1.Gauge_DF_Large_Finality_left02" foreRightTexture="l2ui_ct1.Gauge_DF_Large_Finality_Right01" backTexture="l2ui_ct1.Gauge_DF_Large_Finality_bg_Center" backLeftTexture="l2ui_ct1.Gauge_DF_Large_Finality_bg_Left02" backRightTexture="l2ui_ct1.Gauge_DF_Large_Finality_bg_Right02" uSize="4" vSize="13" name="FinalityBar03" extendsName="undefined" parentName="FinalityGageWnd" preOrder="undefined" postOrder="undefined" anchored="true" superChild="true" relativeSize="true" absoluteSize="false" sizePercentWindow="" widthRate="0.33" heightRate="0.0" width="-3" height="13" usePosition="true" relativePoint="TOP_LEFT" anchorPoint="TOP_LEFT" relativeTo="GroupBg3" anchoredX="0.0" anchoredY="0.0" useFont="false" styleName="undefined" fontName="undefined" fontColor="00000000" fontLine="EMPTY" alwaysZero="0" tooltipType="undefined" tooltipText="-9999" tooltipAppearanceTime="-9999" scrollBarOffsetX="-9999" scrollBarOffsetY="-9999" scrollBarOffsetHeight="-9999"/>
                <Texture file="L2UI_ct1.Misc_DF_Blank" alphaMask="" type="Stretch" layer="Background" u="0.0" v="0.0" uSize="0.0" vSize="0.0" alpha="-9999" autoRotate="None" maskLayer="0.0" colorModify="FFFFFFFF" name="GroupBg0" extendsName="undefined" alwaysOnBack="true" parentName="FinalityGageWnd" preOrder="undefined" postOrder="undefined" anchored="true" superChild="true" relativeSize="true" absoluteSize="false" sizePercentWindow="" widthRate="1.0" heightRate="0.0" width="0" height="13" usePosition="true" relativePoint="TOP_LEFT" anchorPoint="TOP_LEFT" relativeTo="" anchoredX="4.0" anchoredY="8.0" useFont="false" styleName="undefined" fontName="undefined" fontColor="00000000" fontLine="EMPTY" virtual="true" alwaysZero="0" tooltipType="undefined" tooltipText="-9999" tooltipAppearanceTime="-9999" scrollBarOffsetX="-9999" scrollBarOffsetY="-9999" scrollBarOffsetHeight="-9999"/>
                <Texture file="L2UI_ct1.Misc_DF_Blank" alphaMask="" type="Stretch" layer="Background" u="0.0" v="0.0" uSize="0.0" vSize="0.0" alpha="-9999" autoRotate="None" maskLayer="0.0" colorModify="FFFFFFFF" name="GroupBg1" extendsName="undefined" alwaysOnBack="true" parentName="FinalityGageWnd" preOrder="undefined" postOrder="undefined" anchored="true" superChild="true" relativeSize="true" absoluteSize="false" sizePercentWindow="" widthRate="0.33" heightRate="0.0" width="-1" height="13" usePosition="true" relativePoint="TOP_LEFT" anchorPoint="TOP_LEFT" relativeTo="GroupBg0" anchoredX="0.0" anchoredY="0.0" useFont="false" styleName="undefined" fontName="undefined" fontColor="00000000" fontLine="EMPTY" virtual="true" alwaysZero="0" tooltipType="undefined" tooltipText="-9999" tooltipAppearanceTime="-9999" scrollBarOffsetX="-9999" scrollBarOffsetY="-9999" scrollBarOffsetHeight="-9999"/>
                <Texture file="L2UI_ct1.Misc_DF_Blank" alphaMask="" type="Stretch" layer="Background" u="0.0" v="0.0" uSize="0.0" vSize="0.0" alpha="-9999" autoRotate="None" maskLayer="0.0" colorModify="FFFFFFFF" name="GroupBg2" extendsName="undefined" alwaysOnBack="true" parentName="FinalityGageWnd" preOrder="undefined" postOrder="undefined" anchored="true" superChild="true" relativeSize="true" absoluteSize="false" sizePercentWindow="" widthRate="0.33" heightRate="0.0" width="-3" height="13" usePosition="true" relativePoint="TOP_LEFT" anchorPoint="TOP_RIGHT" relativeTo="GroupBg1" anchoredX="0.0" anchoredY="0.0" useFont="false" styleName="undefined" fontName="undefined" fontColor="00000000" fontLine="EMPTY" virtual="true" alwaysZero="0" tooltipType="undefined" tooltipText="-9999" tooltipAppearanceTime="-9999" scrollBarOffsetX="-9999" scrollBarOffsetY="-9999" scrollBarOffsetHeight="-9999"/>
                <Texture file="L2UI_ct1.Misc_DF_Blank" alphaMask="" type="Stretch" layer="Background" u="0.0" v="0.0" uSize="0.0" vSize="0.0" alpha="-9999" autoRotate="None" maskLayer="0.0" colorModify="FFFFFFFF" name="GroupBg3" extendsName="undefined" alwaysOnBack="true" parentName="FinalityGageWnd" preOrder="undefined" postOrder="undefined" anchored="true" superChild="true" relativeSize="true" absoluteSize="false" sizePercentWindow="" widthRate="0.33" heightRate="0.0" width="-3" height="13" usePosition="true" relativePoint="TOP_LEFT" anchorPoint="TOP_RIGHT" relativeTo="GroupBg2" anchoredX="0.0" anchoredY="0.0" useFont="false" styleName="undefined" fontName="undefined" fontColor="00000000" fontLine="EMPTY" virtual="true" alwaysZero="0" tooltipType="undefined" tooltipText="-9999" tooltipAppearanceTime="-9999" scrollBarOffsetX="-9999" scrollBarOffsetY="-9999" scrollBarOffsetHeight="-9999"/>
            </Children>
        </Window>
    </Children>
</Window>
