<?xml version="1.0" encoding="UTF-8" standalone="yes"?>
<Window parent="undefined" backTex="L2UI_ct1.Windows.Windows_DF_Large_Bg_Darker" script="UIQuestToolWnd" state="GamingState" frame="true" stuckable="true" hidden="true" savePosition="true" title="118" frameSize="Big" frameDirection="Top" exitbutton="true" movable="true" resizeFrameDirection="None" resizeFrameX="-9999.0" resizeFrameY="-9999.0" resizeFrameWidth="-9999.0" resizeFrameHeight="-9999.0" resizeMaxIncrease="0" drawerDirection="None" offsetX="0" offsetY="0" ownerWindow="" showAnimType="None" hideAnimType="None" showAnimDirection="None" showAnimSeconds="0.0" hideAnimDirection="None" hideAnimSeconds="0.0" iconName="undefined" tooltipIdx="-9999" workingConfiguration="Game" leftTextureName="undefined" midTextureName="undefined" rightTextureName="undefined" minimizeBtnTextureNormal="undefined" minimizeBtnTexturePushed="undefined" closeBtnTextureNormal="undefined" closeBtnTexturePushed="undefined" leftBackTextureWidth="-9999" midBackTextureWidth="-9999" showInArena="true" name="UIQuestToolWnd" extendsName="undefined" parentName="" preOrder="undefined" postOrder="undefined" anchored="false" superChild="true" relativeSize="true" absoluteSize="true" widthRate="0.0" heightRate="0.0" width="1072" height="723" usePosition="true" relativePoint="BOTTOM_RIGHT" anchorPoint="BOTTOM_RIGHT" relativeTo="" anchoredX="162.0" anchoredY="-90.0" useFont="false" styleName="undefined" fontName="undefined" fontColor="00000000" fontLine="EMPTY" alwaysZero="0" tooltipType="undefined" tooltipText="-9999" tooltipAppearanceTime="-9999" scrollBarOffsetX="-9999" scrollBarOffsetY="-9999" scrollBarOffsetHeight="-9999">
    <State stateName="ArenaGamingState"/>
    <State stateName="ArenaPickState"/>
    <State stateName="ArenaBattleState"/>
    <Children>
        <ListCtrl maxRow="50000" showRow="13" useVScroll="true" contentsHeight="39" headerHeight="20" usePageBrowser="false" useWheelForScroll="true" compareTooltip="false" name="QuestListCtrl" extendsName="undefined" parentName="UIQuestToolWnd" preOrder="undefined" postOrder="undefined" anchored="false" superChild="true" relativeSize="true" absoluteSize="true" widthRate="0.0" heightRate="0.0" width="732" height="542" usePosition="true" relativePoint="TOP_LEFT" anchorPoint="TOP_LEFT" relativeTo="" anchoredX="4.0" anchoredY="107.0" useFont="false" styleName="undefined" fontName="undefined" fontColor="00000000" fontLine="EMPTY" alwaysZero="0" tooltipType="undefined" tooltipText="-9999" tooltipAppearanceTime="-9999" scrollBarOffsetX="-9999" scrollBarOffsetY="-9999" scrollBarOffsetHeight="-9999">
            <ListElement textStringId="150" width="50" bAscend="true" bClickEnable="true" bNumber="false"/>
            <ListElement textStringId="2095" width="36" bAscend="true" bClickEnable="true" bNumber="false"/>
            <ListElement textStringId="922" width="70" bAscend="true" bClickEnable="true" bNumber="false"/>
            <ListElement textStringId="1200" width="200" bAscend="true" bClickEnable="true" bNumber="false"/>
            <ListElement textStringId="7063" width="120" bAscend="true" bClickEnable="true" bNumber="false"/>
            <ListElement textStringId="7014" width="100" bAscend="true" bClickEnable="true" bNumber="false"/>
            <ListElement textStringId="1029" width="40" bAscend="true" bClickEnable="true" bNumber="false"/>
            <ListElement textStringId="1721" width="110" bAscend="true" bClickEnable="true" bNumber="false"/>
            <ListElement textStringId="-1" width="0" bAscend="true" bClickEnable="true" bNumber="false"/>
            <ListElement textStringId="-1" width="0" bAscend="true" bClickEnable="true" bNumber="false"/>
            <ListElement textStringId="-1" width="0" bAscend="true" bClickEnable="true" bNumber="false"/>
            <ListElement textStringId="-1" width="0" bAscend="true" bClickEnable="true" bNumber="false"/>
            <ListElement textStringId="-1" width="0" bAscend="true" bClickEnable="true" bNumber="false"/>
            <ListElement textStringId="-1" width="0" bAscend="true" bClickEnable="true" bNumber="false"/>
            <ListElement textStringId="-1" width="0" bAscend="true" bClickEnable="true" bNumber="false"/>
            <ListElement textStringId="-1" width="0" bAscend="true" bClickEnable="true" bNumber="false"/>
            <ListElement textStringId="-1" width="0" bAscend="true" bClickEnable="true" bNumber="false"/>
            <ListElement textStringId="-1" width="0" bAscend="true" bClickEnable="true" bNumber="false"/>
            <ListElement textStringId="-1" width="0" bAscend="true" bClickEnable="true" bNumber="false"/>
            <ListElement textStringId="-1" width="0" bAscend="true" bClickEnable="true" bNumber="false"/>
            <ListElement textStringId="-1" width="0" bAscend="true" bClickEnable="true" bNumber="false"/>
            <ListElement textStringId="-1" width="0" bAscend="true" bClickEnable="true" bNumber="false"/>
            <ListElement textStringId="-1" width="0" bAscend="true" bClickEnable="true" bNumber="false"/>
            <ListElement textStringId="-1" width="0" bAscend="true" bClickEnable="true" bNumber="false"/>
            <ListElement textStringId="-1" width="0" bAscend="true" bClickEnable="true" bNumber="false"/>
            <ListElement textStringId="-1" width="0" bAscend="true" bClickEnable="true" bNumber="false"/>
            <ListElement textStringId="-1" width="0" bAscend="true" bClickEnable="true" bNumber="false"/>
        </ListCtrl>
        <HtmlCtrl viewType="Normal" name="DetailInfoHtmlCtrl" extendsName="undefined" parentName="UIQuestToolWnd" preOrder="undefined" postOrder="undefined" anchored="false" superChild="true" relativeSize="true" absoluteSize="true" widthRate="0.0" heightRate="0.0" width="315" height="359" usePosition="true" relativePoint="TOP_LEFT" anchorPoint="TOP_LEFT" relativeTo="" anchoredX="746.0" anchoredY="119.0" useFont="false" styleName="undefined" fontName="undefined" fontColor="00000000" fontLine="EMPTY" alwaysZero="0" tooltipType="undefined" tooltipText="-9999" tooltipAppearanceTime="-9999" scrollBarOffsetX="-9999" scrollBarOffsetY="-9999" scrollBarOffsetHeight="-9999"/>
        <Button normalTex="undefined" pushedTex="undefined" highlightTex="undefined" dropTex="undefined" buttonName="-9999" buttonNameText="Search" disableTime="-9999" disableTex="undefined" name="searchItemBtn" extendsName="undefined" parentName="UIQuestToolWnd" preOrder="undefined" postOrder="undefined" anchored="false" superChild="true" relativeSize="true" absoluteSize="true" widthRate="0.0" heightRate="0.0" width="99" height="52" usePosition="true" relativePoint="TOP_LEFT" anchorPoint="TOP_LEFT" relativeTo="" anchoredX="353.0" anchoredY="47.0" useFont="false" styleName="undefined" fontName="undefined" fontColor="00000000" fontLine="EMPTY" alwaysZero="0" tooltipType="undefined" tooltipText="-9999" tooltipAppearanceTime="-9999" scrollBarOffsetX="-9999" scrollBarOffsetY="-9999" scrollBarOffsetHeight="-9999"/>
        <EditBox editBoxType="NORMAL" maxLength="1000" showCursor="true" chatMarkOn="false" offsetX="-9999" candidateBoxShowUpPos="true" useAutoCompletion="true" enableCopyNPaste="False" name="searchEditBox" extendsName="undefined" parentName="UIQuestToolWnd" preOrder="undefined" postOrder="undefined" anchored="false" superChild="true" relativeSize="true" absoluteSize="true" widthRate="0.0" heightRate="0.0" width="319" height="41" usePosition="true" relativePoint="TOP_LEFT" anchorPoint="TOP_LEFT" relativeTo="" anchoredX="27.0" anchoredY="55.0" useFont="true" styleName="" fontName="__SYSTEMEDITBOXFONT" fontColor="00000000" fontLine="EMPTY" alwaysZero="0" tooltipType="undefined" tooltipText="-9999" tooltipAppearanceTime="-9999" scrollBarOffsetX="-9999" scrollBarOffsetY="-9999" scrollBarOffsetHeight="-9999"/>
        <Button normalTex="undefined" pushedTex="undefined" highlightTex="undefined" dropTex="undefined" buttonName="-9999" buttonNameText="Init" disableTime="-9999" disableTex="undefined" name="InitBtn" extendsName="undefined" parentName="UIQuestToolWnd" preOrder="undefined" postOrder="undefined" anchored="false" superChild="true" relativeSize="true" absoluteSize="true" widthRate="0.0" heightRate="0.0" width="95" height="52" usePosition="true" relativePoint="TOP_LEFT" anchorPoint="TOP_LEFT" relativeTo="" anchoredX="460.0" anchoredY="47.0" useFont="false" styleName="undefined" fontName="undefined" fontColor="00000000" fontLine="EMPTY" alwaysZero="0" tooltipType="undefined" tooltipText="-9999" tooltipAppearanceTime="-9999" scrollBarOffsetX="-9999" scrollBarOffsetY="-9999" scrollBarOffsetHeight="-9999"/>
        <TextBox text="QuestSearch Tool, Test Ver" textAlign="Undefined" textVAlign="Undefined" fontType="Normal" backTex="undefined" sysString="-9999" systemMsg="-9999" textColor="DCDCDCFF" autosize="true" name="ItemDescTextBox" extendsName="undefined" parentName="UIQuestToolWnd" preOrder="undefined" postOrder="undefined" anchored="false" superChild="true" relativeSize="true" absoluteSize="true" widthRate="0.0" heightRate="0.0" width="186" height="14" usePosition="true" relativePoint="TOP_LEFT" anchorPoint="TOP_LEFT" relativeTo="" anchoredX="741.0" anchoredY="45.0" useFont="false" styleName="undefined" fontName="undefined" fontColor="00000000" fontLine="EMPTY" alwaysZero="0" tooltipType="undefined" tooltipText="-9999" tooltipAppearanceTime="-9999" scrollBarOffsetX="-9999" scrollBarOffsetY="-9999" scrollBarOffsetHeight="-9999"/>
        <TextBox text="undefined" textAlign="Undefined" textVAlign="Undefined" fontType="Normal" backTex="undefined" sysString="-9999" systemMsg="-9999" textColor="DCDCDCFF" name="etcTextBox" extendsName="undefined" parentName="UIQuestToolWnd" preOrder="undefined" postOrder="undefined" anchored="false" superChild="true" relativeSize="true" absoluteSize="true" widthRate="0.0" heightRate="0.0" width="304" height="203" usePosition="true" relativePoint="TOP_LEFT" anchorPoint="TOP_LEFT" relativeTo="" anchoredX="753.0" anchoredY="499.0" useFont="true" styleName="" fontName="HS8" fontColor="C1CFE6FF" fontLine="EMPTY" alwaysZero="0" tooltipType="undefined" tooltipText="-9999" tooltipAppearanceTime="-9999" scrollBarOffsetX="-9999" scrollBarOffsetY="-9999" scrollBarOffsetHeight="-9999"/>
        <Button normalTex="undefined" pushedTex="undefined" highlightTex="undefined" dropTex="undefined" buttonName="-9999" buttonNameText="GetQuest" disableTime="-9999" disableTex="undefined" name="getQuestButton" extendsName="undefined" parentName="UIQuestToolWnd" preOrder="undefined" postOrder="undefined" anchored="false" superChild="true" relativeSize="true" absoluteSize="true" widthRate="0.0" heightRate="0.0" width="137" height="33" usePosition="true" relativePoint="TOP_LEFT" anchorPoint="TOP_LEFT" relativeTo="" anchoredX="13.0" anchoredY="675.0" useFont="false" styleName="undefined" fontName="undefined" fontColor="00000000" fontLine="EMPTY" alwaysZero="0" tooltipType="undefined" tooltipText="-9999" tooltipAppearanceTime="-9999" scrollBarOffsetX="-9999" scrollBarOffsetY="-9999" scrollBarOffsetHeight="-9999"/>
        <Button normalTex="undefined" pushedTex="undefined" highlightTex="undefined" dropTex="undefined" buttonName="-9999" buttonNameText="MoveStartNPC" disableTime="-9999" disableTex="undefined" name="MoveStartNPCButton" extendsName="undefined" parentName="UIQuestToolWnd" preOrder="undefined" postOrder="undefined" anchored="false" superChild="true" relativeSize="true" absoluteSize="true" widthRate="0.0" heightRate="0.0" width="136" height="33" usePosition="true" relativePoint="TOP_LEFT" anchorPoint="TOP_LEFT" relativeTo="" anchoredX="156.0" anchoredY="675.0" useFont="false" styleName="undefined" fontName="undefined" fontColor="00000000" fontLine="EMPTY" alwaysZero="0" tooltipType="undefined" tooltipText="-9999" tooltipAppearanceTime="-9999" scrollBarOffsetX="-9999" scrollBarOffsetY="-9999" scrollBarOffsetHeight="-9999"/>
        <Button normalTex="undefined" pushedTex="undefined" highlightTex="undefined" dropTex="undefined" buttonName="-9999" buttonNameText="MoveTargetLoc" disableTime="-9999" disableTex="undefined" name="MoveTargetLocButton" extendsName="undefined" parentName="UIQuestToolWnd" preOrder="undefined" postOrder="undefined" anchored="false" superChild="true" relativeSize="true" absoluteSize="true" widthRate="0.0" heightRate="0.0" width="145" height="33" usePosition="true" relativePoint="TOP_LEFT" anchorPoint="TOP_LEFT" relativeTo="" anchoredX="298.0" anchoredY="674.0" useFont="false" styleName="undefined" fontName="undefined" fontColor="00000000" fontLine="EMPTY" alwaysZero="0" tooltipType="undefined" tooltipText="-9999" tooltipAppearanceTime="-9999" scrollBarOffsetX="-9999" scrollBarOffsetY="-9999" scrollBarOffsetHeight="-9999"/>
        <Texture file="L2UI_ch3.RefineryWnd.refinewnd_back_Pattern" alphaMask="" type="Stretch" layer="Normal" u="0.0" v="0.0" uSize="0.0" vSize="0.0" alpha="200" autoRotate="None" maskLayer="0.0" colorModify="FFFFFFFF" name="NCTextureCtrl" extendsName="undefined" parentName="UIQuestToolWnd" preOrder="undefined" postOrder="undefined" anchored="false" superChild="true" relativeSize="true" absoluteSize="true" widthRate="0.0" heightRate="0.0" width="325" height="373" usePosition="true" relativePoint="TOP_LEFT" anchorPoint="TOP_LEFT" relativeTo="" anchoredX="743.0" anchoredY="109.0" useFont="false" styleName="undefined" fontName="undefined" fontColor="00000000" fontLine="EMPTY" virtual="true" alwaysZero="0" tooltipType="undefined" tooltipText="-9999" tooltipAppearanceTime="-9999" scrollBarOffsetX="-9999" scrollBarOffsetY="-9999" scrollBarOffsetHeight="-9999"/>
        <Texture file="L2UI_ch3.RefineryWnd.refinewnd_back_Pattern" alphaMask="" type="Stretch" layer="Normal" u="0.0" v="0.0" uSize="0.0" vSize="0.0" alpha="-9999" autoRotate="None" maskLayer="0.0" colorModify="FFFFFFFF" name="CTextureCtrl" extendsName="undefined" parentName="UIQuestToolWnd" preOrder="undefined" postOrder="undefined" anchored="false" superChild="true" relativeSize="true" absoluteSize="true" widthRate="0.0" heightRate="0.0" width="321" height="224" usePosition="true" relativePoint="TOP_LEFT" anchorPoint="TOP_LEFT" relativeTo="" anchoredX="743.0" anchoredY="486.0" useFont="false" styleName="undefined" fontName="undefined" fontColor="00000000" fontLine="EMPTY" virtual="true" alwaysZero="0" tooltipType="undefined" tooltipText="-9999" tooltipAppearanceTime="-9999" scrollBarOffsetX="-9999" scrollBarOffsetY="-9999" scrollBarOffsetHeight="-9999"/>
        <TextBox text="undefined" textAlign="Undefined" textVAlign="Undefined" fontType="Normal" backTex="undefined" sysString="-9999" systemMsg="-9999" textColor="DCDCDCFF" name="CTextBox" extendsName="undefined" parentName="UIQuestToolWnd" preOrder="undefined" postOrder="undefined" anchored="false" superChild="true" relativeSize="true" absoluteSize="true" widthRate="0.0" heightRate="0.0" width="301" height="33" usePosition="true" relativePoint="TOP_LEFT" anchorPoint="TOP_LEFT" relativeTo="" anchoredX="742.0" anchoredY="68.0" useFont="true" styleName="" fontName="HS8" fontColor="C1CFE6FF" fontLine="EMPTY" alwaysZero="0" tooltipType="undefined" tooltipText="-9999" tooltipAppearanceTime="-9999" scrollBarOffsetX="-9999" scrollBarOffsetY="-9999" scrollBarOffsetHeight="-9999"/>
        <TextBox text="undefined" textAlign="Undefined" textVAlign="Undefined" fontType="Normal" backTex="undefined" sysString="-9999" systemMsg="-9999" textColor="DCDCDCFF" name="playerLocText" extendsName="undefined" parentName="UIQuestToolWnd" preOrder="undefined" postOrder="undefined" anchored="false" superChild="true" relativeSize="true" absoluteSize="true" widthRate="0.0" heightRate="0.0" width="265" height="59" usePosition="true" relativePoint="TOP_LEFT" anchorPoint="TOP_LEFT" relativeTo="" anchoredX="469.0" anchoredY="675.0" useFont="true" styleName="" fontName="HS8" fontColor="C1CFE6FF" fontLine="EMPTY" alwaysZero="0" tooltipType="undefined" tooltipText="-9999" tooltipAppearanceTime="-9999" scrollBarOffsetX="-9999" scrollBarOffsetY="-9999" scrollBarOffsetHeight="-9999"/>
    </Children>
</Window>
