<?xml version="1.0" encoding="UTF-8" standalone="yes"?>
<Window parent="undefined" backTex="L2UI_ct1.Windows.Windows_DF_Large_Bg" script="UIServerHtmlToolWnd" state="GamingState" frame="true" stuckable="true" hidden="true" title="-9999" frameSize="Big" frameDirection="Top" exitbutton="true" movable="true" resizeFrameDirection="None" resizeFrameX="-9999.0" resizeFrameY="-9999.0" resizeFrameWidth="-9999.0" resizeFrameHeight="-9999.0" resizeMaxIncrease="0" drawerDirection="None" offsetX="0" offsetY="0" ownerWindow="" showAnimType="None" hideAnimType="None" showAnimDirection="None" showAnimSeconds="0.0" hideAnimDirection="None" hideAnimSeconds="0.0" iconName="undefined" tooltipIdx="-9999" workingConfiguration="Game" leftTextureName="undefined" midTextureName="undefined" rightTextureName="undefined" minimizeBtnTextureNormal="undefined" minimizeBtnTexturePushed="undefined" closeBtnTextureNormal="undefined" closeBtnTexturePushed="undefined" leftBackTextureWidth="-9999" midBackTextureWidth="-9999" showInArena="true" name="UIServerHtmlToolWnd" extendsName="undefined" parentName="" preOrder="undefined" postOrder="undefined" anchored="false" superChild="true" relativeSize="true" absoluteSize="true" widthRate="0.0" heightRate="0.0" width="456" height="561" usePosition="true" relativePoint="CENTER_LEFT" anchorPoint="CENTER" relativeTo="" anchoredX="-206.0" anchoredY="-50.0" useFont="false" styleName="undefined" fontName="undefined" fontColor="00000000" fontLine="EMPTY" alwaysZero="0" tooltipType="undefined" tooltipText="-9999" tooltipAppearanceTime="-9999" scrollBarOffsetX="-9999" scrollBarOffsetY="-9999" scrollBarOffsetHeight="-9999">
    <State stateName="ArenaGamingState"/>
    <State stateName="ArenaPickState"/>
    <State stateName="ArenaBattleState"/>
    <Children>
        <ListCtrl maxRow="200000" showRow="23" useVScroll="true" contentsHeight="18" headerHeight="19" usePageBrowser="false" useWheelForScroll="true" compareTooltip="false" name="fileListCtrl" extendsName="undefined" parentName="UIServerHtmlToolWnd" preOrder="undefined" postOrder="undefined" anchored="true" superChild="true" relativeSize="true" absoluteSize="true" widthRate="0.0" heightRate="0.0" width="432" height="434" usePosition="true" relativePoint="TOP_LEFT" anchorPoint="TOP_LEFT" relativeTo="" anchoredX="12.0" anchoredY="73.0" useFont="false" styleName="undefined" fontName="undefined" fontColor="00000000" fontLine="EMPTY" alwaysZero="0" tooltipType="undefined" tooltipText="-9999" tooltipAppearanceTime="-9999" scrollBarOffsetX="-9999" scrollBarOffsetY="-9999" scrollBarOffsetHeight="-9999">
            <ListElement textStringId="2230" width="430" bAscend="true" bClickEnable="true" bNumber="false"/>
            <ListElement textStringId="-1" width="0" bAscend="true" bClickEnable="true" bNumber="false"/>
            <ListElement textStringId="-1" width="0" bAscend="true" bClickEnable="true" bNumber="false"/>
            <ListElement textStringId="-1" width="0" bAscend="true" bClickEnable="true" bNumber="false"/>
            <ListElement textStringId="-1" width="0" bAscend="true" bClickEnable="true" bNumber="false"/>
            <ListElement textStringId="-1" width="0" bAscend="true" bClickEnable="true" bNumber="false"/>
            <ListElement textStringId="-1" width="0" bAscend="true" bClickEnable="true" bNumber="false"/>
            <ListElement textStringId="-1" width="0" bAscend="true" bClickEnable="true" bNumber="false"/>
        </ListCtrl>
        <EditBox editBoxType="NORMAL" maxLength="120" showCursor="true" chatMarkOn="false" offsetX="-9999" candidateBoxShowUpPos="true" useAutoCompletion="true" enableCopyNPaste="False" name="fileNameEditBox" extendsName="undefined" parentName="UIServerHtmlToolWnd" preOrder="undefined" postOrder="undefined" anchored="false" superChild="true" relativeSize="true" absoluteSize="true" widthRate="0.0" heightRate="0.0" width="332" height="22" usePosition="true" relativePoint="TOP_LEFT" anchorPoint="TOP_LEFT" relativeTo="" anchoredX="19.0" anchoredY="42.0" useFont="true" styleName="" fontName="CHATWNDDEFAULT" fontColor="00000000" fontLine="EMPTY" alwaysZero="0" tooltipType="undefined" tooltipText="-9999" tooltipAppearanceTime="-9999" scrollBarOffsetX="-9999" scrollBarOffsetY="-9999" scrollBarOffsetHeight="-9999"/>
        <Button normalTex="undefined" pushedTex="undefined" highlightTex="undefined" dropTex="undefined" buttonName="-9999" buttonNameText="Load [Html Small HtmlView]" disableTime="-9999" disableTex="undefined" name="htmlSmallViewButton" extendsName="undefined" parentName="UIServerHtmlToolWnd" preOrder="undefined" postOrder="undefined" anchored="true" superChild="true" relativeSize="true" absoluteSize="true" widthRate="0.0" heightRate="0.0" width="411" height="27" usePosition="true" relativePoint="BOTTOM_LEFT" anchorPoint="BOTTOM_CENTER" relativeTo="" anchoredX="-205.0" anchoredY="-15.0" useFont="false" styleName="undefined" fontName="undefined" fontColor="00000000" fontLine="EMPTY" alwaysZero="0" tooltipType="Text" tooltipText="-1" tooltipAppearanceTime="-9999" scrollBarOffsetX="-9999" scrollBarOffsetY="-9999" scrollBarOffsetHeight="-9999"/>
        <Texture file="L2UI_ct1.GroupBox.GroupBox_DF" alphaMask="" type="Stretch" layer="Background" u="0.0" v="0.0" uSize="0.0" vSize="0.0" alpha="-9999" autoRotate="None" maskLayer="0.0" colorModify="FFFFFFFF" name="FileInfoBg" extendsName="undefined" alwaysOnBack="true" parentName="UIServerHtmlToolWnd" preOrder="undefined" postOrder="undefined" anchored="false" superChild="true" relativeSize="true" absoluteSize="true" widthRate="0.0" heightRate="0.0" width="440" height="39" usePosition="true" relativePoint="TOP_LEFT" anchorPoint="TOP_LEFT" relativeTo="" anchoredX="10.0" anchoredY="513.0" useFont="false" styleName="undefined" fontName="undefined" fontColor="00000000" fontLine="EMPTY" virtual="true" alwaysZero="0" tooltipType="undefined" tooltipText="-9999" tooltipAppearanceTime="-9999" scrollBarOffsetX="-9999" scrollBarOffsetY="-9999" scrollBarOffsetHeight="-9999"/>
        <Button normalTex="L2UI_ct1.Button.Button_DF_Small" pushedTex="L2UI_ct1.Button.Button_DF_Small_Down" highlightTex="undefined" dropTex="undefined" buttonName="-9999" buttonNameText="reload Ini" disableTime="-9999" disableTex="undefined" name="refreshButton" extendsName="undefined" parentName="UIServerHtmlToolWnd" preOrder="undefined" postOrder="undefined" anchored="true" superChild="true" relativeSize="true" absoluteSize="true" widthRate="0.0" heightRate="0.0" width="87" height="25" usePosition="true" relativePoint="TOP_RIGHT" anchorPoint="TOP_RIGHT" relativeTo="" anchoredX="-13.0" anchoredY="40.0" useFont="false" styleName="undefined" fontName="undefined" fontColor="00000000" fontLine="EMPTY" alwaysZero="0" tooltipType="Text" tooltipText="-1" tooltipAppearanceTime="-9999" scrollBarOffsetX="-9999" scrollBarOffsetY="-9999" scrollBarOffsetHeight="-9999"/>
    </Children>
</Window>
