<?xml version="1.0" encoding="UTF-8" standalone="yes"?>
<Window parent="undefined" backTex="L2UI_ct1.Windows.Windows_DF_Drawer_Bg" script="UnionMatchMakeRoomWnd" state="GamingState" hidden="true" title="-9999" frameSize="None" frameDirection="None" resizeFrameDirection="None" resizeFrameX="-9999.0" resizeFrameY="-9999.0" resizeFrameWidth="-9999.0" resizeFrameHeight="-9999.0" resizeMaxIncrease="0" drawerDirection="None" offsetX="0" offsetY="0" ownerWindow="" showAnimType="None" hideAnimType="None" showAnimDirection="None" showAnimSeconds="0.0" hideAnimDirection="None" hideAnimSeconds="0.0" iconName="undefined" tooltipIdx="-9999" workingConfiguration="Game" leftTextureName="undefined" midTextureName="undefined" rightTextureName="undefined" minimizeBtnTextureNormal="undefined" minimizeBtnTexturePushed="undefined" closeBtnTextureNormal="undefined" closeBtnTexturePushed="undefined" leftBackTextureWidth="-9999" midBackTextureWidth="-9999" name="UnionMatchMakeRoomWnd" extendsName="undefined" parentName="" preOrder="undefined" postOrder="undefined" anchored="false" superChild="true" relativeSize="true" absoluteSize="true" widthRate="0.0" heightRate="0.0" width="360" height="149" usePosition="true" relativePoint="CENTER" anchorPoint="CENTER" relativeTo="" anchoredX="0.0" anchoredY="0.0" useFont="false" styleName="undefined" fontName="undefined" fontColor="00000000" fontLine="EMPTY" alwaysZero="0" tooltipType="undefined" tooltipText="-9999" tooltipAppearanceTime="-9999" scrollBarOffsetX="-9999" scrollBarOffsetY="-9999" scrollBarOffsetHeight="-9999">
    <Children>
        <TextBox text="undefined" textAlign="Undefined" textVAlign="Undefined" fontType="Normal" backTex="undefined" sysString="1985" systemMsg="-9999" textColor="DCDCDCFF" autosize="true" name="TitletoDo" extendsName="undefined" parentName="UnionMatchMakeRoomWnd" preOrder="undefined" postOrder="undefined" anchored="true" superChild="true" relativeSize="true" absoluteSize="true" widthRate="0.0" heightRate="0.0" width="158" height="14" usePosition="true" relativePoint="TOP_LEFT" anchorPoint="TOP_LEFT" relativeTo="" anchoredX="18.0" anchoredY="17.0" useFont="true" styleName="" fontName="" fontColor="AF9878FF" fontLine="EMPTY" alwaysZero="0" tooltipType="undefined" tooltipText="-9999" tooltipAppearanceTime="-9999" scrollBarOffsetX="-9999" scrollBarOffsetY="-9999" scrollBarOffsetHeight="-9999"/>
        <TextBox text="undefined" textAlign="Right" textVAlign="Undefined" fontType="Normal" backTex="undefined" sysString="413" systemMsg="-9999" textColor="DCDCDCFF" name="TitleTextBox" extendsName="undefined" parentName="UnionMatchMakeRoomWnd" preOrder="undefined" postOrder="undefined" anchored="true" superChild="true" relativeSize="true" absoluteSize="true" widthRate="0.0" heightRate="0.0" width="94" height="20" usePosition="true" relativePoint="TOP_LEFT" anchorPoint="TOP_LEFT" relativeTo="" anchoredX="7.0" anchoredY="47.0" useFont="false" styleName="undefined" fontName="undefined" fontColor="00000000" fontLine="EMPTY" alwaysZero="0" tooltipType="undefined" tooltipText="-9999" tooltipAppearanceTime="-9999" scrollBarOffsetX="-9999" scrollBarOffsetY="-9999" scrollBarOffsetHeight="-9999"/>
        <EditBox editBoxType="NORMAL" maxLength="-9999" showCursor="true" chatMarkOn="false" offsetX="-9999" candidateBoxShowUpPos="true" enableCopyNPaste="False" name="TitleEditBox" extendsName="undefined" parentName="UnionMatchMakeRoomWnd" preOrder="undefined" postOrder="undefined" anchored="true" superChild="true" relativeSize="true" absoluteSize="true" widthRate="0.0" heightRate="0.0" width="234" height="17" usePosition="true" relativePoint="TOP_LEFT" anchorPoint="TOP_LEFT" relativeTo="" anchoredX="109.0" anchoredY="45.0" useFont="true" styleName="" fontName="CHATWNDDEFAULT" fontColor="00000000" fontLine="EMPTY" alwaysZero="0" tooltipType="undefined" tooltipText="-9999" tooltipAppearanceTime="-9999" scrollBarOffsetX="-9999" scrollBarOffsetY="-9999" scrollBarOffsetHeight="-9999"/>
        <TextBox text="undefined" textAlign="Right" textVAlign="Undefined" fontType="Normal" backTex="undefined" sysString="1267" systemMsg="-9999" textColor="DCDCDCFF" name="MaxMemberCountTextBox" extendsName="undefined" parentName="UnionMatchMakeRoomWnd" preOrder="undefined" postOrder="undefined" anchored="true" superChild="true" relativeSize="true" absoluteSize="true" widthRate="0.0" heightRate="0.0" width="94" height="20" usePosition="true" relativePoint="TOP_LEFT" anchorPoint="TOP_LEFT" relativeTo="" anchoredX="7.0" anchoredY="67.0" useFont="false" styleName="undefined" fontName="undefined" fontColor="00000000" fontLine="EMPTY" alwaysZero="0" tooltipType="undefined" tooltipText="-9999" tooltipAppearanceTime="-9999" scrollBarOffsetX="-9999" scrollBarOffsetY="-9999" scrollBarOffsetHeight="-9999"/>
        <ComboBox name="MaxMemberCountComboBox" extendsName="undefined" parentName="UnionMatchMakeRoomWnd" preOrder="undefined" postOrder="undefined" anchored="true" superChild="true" relativeSize="true" absoluteSize="true" widthRate="0.0" heightRate="0.0" width="40" height="17" usePosition="true" relativePoint="TOP_LEFT" anchorPoint="TOP_LEFT" relativeTo="" anchoredX="109.0" anchoredY="65.0" useFont="false" styleName="undefined" fontName="undefined" fontColor="00000000" fontLine="EMPTY" alwaysZero="0" tooltipType="undefined" tooltipText="-9999" tooltipAppearanceTime="-9999" scrollBarOffsetX="-9999" scrollBarOffsetY="-9999" scrollBarOffsetHeight="-9999">
            <ComboBoxElement sysString="-9999" systemMsg="-9999" text="20" reserved="-9999"/>
            <ComboBoxElement sysString="-9999" systemMsg="-9999" text="22" reserved="-9999"/>
            <ComboBoxElement sysString="-9999" systemMsg="-9999" text="24" reserved="-9999"/>
            <ComboBoxElement sysString="-9999" systemMsg="-9999" text="26" reserved="-9999"/>
            <ComboBoxElement sysString="-9999" systemMsg="-9999" text="28" reserved="-9999"/>
            <ComboBoxElement sysString="-9999" systemMsg="-9999" text="30" reserved="-9999"/>
            <ComboBoxElement sysString="-9999" systemMsg="-9999" text="32" reserved="-9999"/>
            <ComboBoxElement sysString="-9999" systemMsg="-9999" text="34" reserved="-9999"/>
            <ComboBoxElement sysString="-9999" systemMsg="-9999" text="36" reserved="-9999"/>
            <ComboBoxElement sysString="-9999" systemMsg="-9999" text="38" reserved="-9999"/>
            <ComboBoxElement sysString="-9999" systemMsg="-9999" text="40" reserved="-9999"/>
            <ComboBoxElement sysString="-9999" systemMsg="-9999" text="42" reserved="-9999"/>
            <ComboBoxElement sysString="-9999" systemMsg="-9999" text="44" reserved="-9999"/>
            <ComboBoxElement sysString="-9999" systemMsg="-9999" text="46" reserved="-9999"/>
            <ComboBoxElement sysString="-9999" systemMsg="-9999" text="48" reserved="-9999"/>
            <ComboBoxElement sysString="-9999" systemMsg="-9999" text="50" reserved="-9999"/>
        </ComboBox>
        <TextBox text="undefined" textAlign="Right" textVAlign="Undefined" fontType="Normal" backTex="undefined" sysString="1030" systemMsg="-9999" textColor="DCDCDCFF" name="LevelLimitTextBox" extendsName="undefined" parentName="UnionMatchMakeRoomWnd" preOrder="undefined" postOrder="undefined" anchored="true" superChild="true" relativeSize="true" absoluteSize="true" widthRate="0.0" heightRate="0.0" width="94" height="20" usePosition="true" relativePoint="TOP_LEFT" anchorPoint="TOP_LEFT" relativeTo="" anchoredX="7.0" anchoredY="87.0" useFont="false" styleName="undefined" fontName="undefined" fontColor="00000000" fontLine="EMPTY" alwaysZero="0" tooltipType="undefined" tooltipText="-9999" tooltipAppearanceTime="-9999" scrollBarOffsetX="-9999" scrollBarOffsetY="-9999" scrollBarOffsetHeight="-9999"/>
        <TextBox text="undefined" textAlign="Undefined" textVAlign="Undefined" fontType="Normal" backTex="undefined" sysString="1043" systemMsg="-9999" textColor="DCDCDCFF" autosize="true" name="MinLevelTextBox" extendsName="undefined" parentName="UnionMatchMakeRoomWnd" preOrder="undefined" postOrder="undefined" anchored="true" superChild="true" relativeSize="true" absoluteSize="true" widthRate="0.0" heightRate="0.0" width="24" height="14" usePosition="true" relativePoint="TOP_LEFT" anchorPoint="TOP_LEFT" relativeTo="" anchoredX="110.0" anchoredY="87.0" useFont="false" styleName="undefined" fontName="undefined" fontColor="00000000" fontLine="EMPTY" alwaysZero="0" tooltipType="undefined" tooltipText="-9999" tooltipAppearanceTime="-9999" scrollBarOffsetX="-9999" scrollBarOffsetY="-9999" scrollBarOffsetHeight="-9999"/>
        <TextBox text="undefined" textAlign="Undefined" textVAlign="Undefined" fontType="Normal" backTex="undefined" sysString="1044" systemMsg="-9999" textColor="DCDCDCFF" autosize="true" name="MaxLevelTextBox" extendsName="undefined" parentName="UnionMatchMakeRoomWnd" preOrder="undefined" postOrder="undefined" anchored="true" superChild="true" relativeSize="true" absoluteSize="true" widthRate="0.0" heightRate="0.0" width="24" height="14" usePosition="true" relativePoint="TOP_LEFT" anchorPoint="TOP_LEFT" relativeTo="" anchoredX="187.0" anchoredY="87.0" useFont="false" styleName="undefined" fontName="undefined" fontColor="00000000" fontLine="EMPTY" alwaysZero="0" tooltipType="undefined" tooltipText="-9999" tooltipAppearanceTime="-9999" scrollBarOffsetX="-9999" scrollBarOffsetY="-9999" scrollBarOffsetHeight="-9999"/>
        <EditBox editBoxType="NORMAL" maxLength="-9999" showCursor="true" chatMarkOn="false" offsetX="-9999" candidateBoxShowUpPos="true" enableCopyNPaste="False" name="MinLevelEditBox" extendsName="undefined" parentName="UnionMatchMakeRoomWnd" preOrder="undefined" postOrder="undefined" anchored="true" superChild="true" relativeSize="true" absoluteSize="true" widthRate="0.0" heightRate="0.0" width="33" height="17" usePosition="true" relativePoint="TOP_LEFT" anchorPoint="TOP_LEFT" relativeTo="" anchoredX="141.0" anchoredY="85.0" useFont="true" styleName="" fontName="CHATWNDDEFAULT" fontColor="00000000" fontLine="EMPTY" alwaysZero="0" tooltipType="undefined" tooltipText="-9999" tooltipAppearanceTime="-9999" scrollBarOffsetX="-9999" scrollBarOffsetY="-9999" scrollBarOffsetHeight="-9999"/>
        <EditBox editBoxType="NORMAL" maxLength="-9999" showCursor="true" chatMarkOn="false" offsetX="-9999" candidateBoxShowUpPos="true" enableCopyNPaste="False" name="MaxLevelEditBox" extendsName="undefined" parentName="UnionMatchMakeRoomWnd" preOrder="undefined" postOrder="undefined" anchored="true" superChild="true" relativeSize="true" absoluteSize="true" widthRate="0.0" heightRate="0.0" width="33" height="17" usePosition="true" relativePoint="TOP_LEFT" anchorPoint="TOP_LEFT" relativeTo="" anchoredX="218.0" anchoredY="85.0" useFont="true" styleName="" fontName="CHATWNDDEFAULT" fontColor="00000000" fontLine="EMPTY" alwaysZero="0" tooltipType="undefined" tooltipText="-9999" tooltipAppearanceTime="-9999" scrollBarOffsetX="-9999" scrollBarOffsetY="-9999" scrollBarOffsetHeight="-9999"/>
        <Button normalTex="L2UI_ct1.Button.Button_DF" pushedTex="L2UI_ct1.Button.Button_DF_Click" highlightTex="undefined" dropTex="undefined" buttonName="140" buttonNameText="undefined" disableTime="-9999" disableTex="undefined" name="OKButton" extendsName="undefined" parentName="UnionMatchMakeRoomWnd" preOrder="undefined" postOrder="undefined" anchored="true" superChild="true" relativeSize="true" absoluteSize="true" widthRate="0.0" heightRate="0.0" width="85" height="27" usePosition="true" relativePoint="TOP_LEFT" anchorPoint="TOP_LEFT" relativeTo="" anchoredX="95.0" anchoredY="113.0" useFont="false" styleName="undefined" fontName="undefined" fontColor="00000000" fontLine="EMPTY" alwaysZero="0" tooltipType="undefined" tooltipText="-9999" tooltipAppearanceTime="-9999" scrollBarOffsetX="-9999" scrollBarOffsetY="-9999" scrollBarOffsetHeight="-9999"/>
        <Button normalTex="L2UI_ct1.Button.Button_DF" pushedTex="L2UI_ct1.Button.Button_DF_Click" highlightTex="undefined" dropTex="undefined" buttonName="141" buttonNameText="undefined" disableTime="-9999" disableTex="undefined" name="CancelButton" extendsName="undefined" parentName="UnionMatchMakeRoomWnd" preOrder="undefined" postOrder="undefined" anchored="true" superChild="true" relativeSize="true" absoluteSize="true" widthRate="0.0" heightRate="0.0" width="85" height="27" usePosition="true" relativePoint="TOP_LEFT" anchorPoint="TOP_LEFT" relativeTo="" anchoredX="181.0" anchoredY="113.0" useFont="false" styleName="undefined" fontName="undefined" fontColor="00000000" fontLine="EMPTY" alwaysZero="0" tooltipType="undefined" tooltipText="-9999" tooltipAppearanceTime="-9999" scrollBarOffsetX="-9999" scrollBarOffsetY="-9999" scrollBarOffsetHeight="-9999"/>
        <Texture file="L2UI_ct1.GroupBox.GroupBox_DF" alphaMask="" type="Stretch" layer="Background" u="0.0" v="0.0" uSize="0.0" vSize="0.0" alpha="-9999" autoRotate="None" maskLayer="0.0" colorModify="FFFFFFFF" name="GroupBg" extendsName="undefined" alwaysOnBack="true" parentName="UnionMatchMakeRoomWnd" preOrder="undefined" postOrder="undefined" anchored="false" superChild="true" relativeSize="true" absoluteSize="true" widthRate="0.0" heightRate="0.0" width="342" height="101" usePosition="true" relativePoint="TOP_LEFT" anchorPoint="TOP_LEFT" relativeTo="PartyMatchMakeRoomWnd" anchoredX="9.0" anchoredY="9.0" useFont="false" styleName="undefined" fontName="undefined" fontColor="00000000" fontLine="EMPTY" virtual="true" alwaysZero="0" tooltipType="undefined" tooltipText="-9999" tooltipAppearanceTime="-9999" scrollBarOffsetX="-9999" scrollBarOffsetY="-9999" scrollBarOffsetHeight="-9999"/>
    </Children>
</Window>
