<?xml version="1.0" encoding="UTF-8" standalone="yes"?>
<Window parent="undefined" backTex="L2UI_ct1.Windows.Windows_DF_Large_Bg" script="UnionMatchWnd" state="GamingState" frame="true" iconable="true" hidden="true" title="1983" frameSize="Big" frameDirection="Top" exitbutton="false" movable="true" resizeFrameDirection="None" resizeFrameX="-9999.0" resizeFrameY="-9999.0" resizeFrameWidth="-9999.0" resizeFrameHeight="-9999.0" resizeMaxIncrease="0" drawerDirection="None" offsetX="0" offsetY="0" ownerWindow="" showAnimType="None" hideAnimType="None" showAnimDirection="None" showAnimSeconds="0.0" hideAnimDirection="None" hideAnimSeconds="0.0" iconName="L2UI_CH3.PartyMatchWnd.PartyMatchIcon" tooltipIdx="1983" workingConfiguration="Game" leftTextureName="undefined" midTextureName="undefined" rightTextureName="undefined" minimizeBtnTextureNormal="undefined" minimizeBtnTexturePushed="undefined" closeBtnTextureNormal="undefined" closeBtnTexturePushed="undefined" leftBackTextureWidth="-9999" midBackTextureWidth="-9999" name="UnionMatchWnd" extendsName="undefined" parentName="" preOrder="undefined" postOrder="undefined" anchored="false" superChild="true" relativeSize="true" absoluteSize="true" widthRate="0.0" heightRate="0.0" width="550" height="485" usePosition="true" relativePoint="TOP_LEFT" anchorPoint="TOP_LEFT" relativeTo="" anchoredX="10.0" anchoredY="76.0" useFont="false" styleName="undefined" fontName="undefined" fontColor="00000000" fontLine="EMPTY" alwaysZero="0" tooltipType="undefined" tooltipText="-9999" tooltipAppearanceTime="-9999" scrollBarOffsetX="-9999" scrollBarOffsetY="-9999" scrollBarOffsetHeight="-9999">
    <Children>
        <ListCtrl maxRow="20" showRow="9" useVScroll="true" contentsHeight="18" headerHeight="19" usePageBrowser="false" useWheelForScroll="true" compareTooltip="false" name="lstMember" extendsName="undefined" parentName="UnionMatchWnd" preOrder="undefined" postOrder="undefined" anchored="true" superChild="true" relativeSize="true" absoluteSize="true" widthRate="0.0" heightRate="0.0" width="535" height="182" usePosition="true" relativePoint="TOP_LEFT" anchorPoint="TOP_LEFT" relativeTo="" anchoredX="7.0" anchoredY="128.0" useFont="false" styleName="undefined" fontName="undefined" fontColor="00000000" fontLine="EMPTY" alwaysZero="0" tooltipType="undefined" tooltipText="-9999" tooltipAppearanceTime="-9999" scrollBarOffsetX="-9999" scrollBarOffsetY="-9999" scrollBarOffsetHeight="-9999">
            <ListElement textStringId="393" width="236" bAscend="true" bClickEnable="true" bNumber="false"/>
            <ListElement textStringId="391" width="74" bAscend="true" bClickEnable="true" bNumber="false"/>
            <ListElement textStringId="392" width="74" bAscend="true" bClickEnable="true" bNumber="true"/>
            <ListElement textStringId="1031" width="151" bAscend="true" bClickEnable="true" bNumber="false"/>
        </ListCtrl>
        <TextBox text="undefined" textAlign="Undefined" textVAlign="Undefined" fontType="Normal" backTex="undefined" sysString="416" systemMsg="-9999" textColor="DCDCDCFF" autosize="true" name="lblNum" extendsName="undefined" parentName="UnionMatchWnd" preOrder="undefined" postOrder="undefined" anchored="true" superChild="true" relativeSize="true" absoluteSize="true" widthRate="0.0" heightRate="0.0" width="24" height="14" usePosition="true" relativePoint="TOP_LEFT" anchorPoint="TOP_LEFT" relativeTo="" anchoredX="11.0" anchoredY="40.0" useFont="true" styleName="" fontName="" fontColor="AAAAAAFF" fontLine="EMPTY" alwaysZero="0" tooltipType="undefined" tooltipText="-9999" tooltipAppearanceTime="-9999" scrollBarOffsetX="-9999" scrollBarOffsetY="-9999" scrollBarOffsetHeight="-9999"/>
        <TextBox text="0" textAlign="Undefined" textVAlign="Undefined" fontType="Normal" backTex="undefined" sysString="-9999" systemMsg="-9999" textColor="DCDCDCFF" autosize="true" name="txtNum" extendsName="undefined" parentName="UnionMatchWnd" preOrder="undefined" postOrder="undefined" anchored="true" superChild="true" relativeSize="true" absoluteSize="true" widthRate="0.0" heightRate="0.0" width="8" height="14" usePosition="true" relativePoint="TOP_LEFT" anchorPoint="TOP_LEFT" relativeTo="" anchoredX="65.0" anchoredY="40.0" useFont="true" styleName="" fontName="" fontColor="AF9878FF" fontLine="EMPTY" alwaysZero="0" tooltipType="undefined" tooltipText="-9999" tooltipAppearanceTime="-9999" scrollBarOffsetX="-9999" scrollBarOffsetY="-9999" scrollBarOffsetHeight="-9999"/>
        <TextBox text="undefined" textAlign="Undefined" textVAlign="Undefined" fontType="Normal" backTex="undefined" sysString="413" systemMsg="-9999" textColor="DCDCDCFF" autosize="true" name="lblTitle" extendsName="undefined" parentName="UnionMatchWnd" preOrder="undefined" postOrder="undefined" anchored="true" superChild="true" relativeSize="true" absoluteSize="true" widthRate="0.0" heightRate="0.0" width="24" height="14" usePosition="true" relativePoint="TOP_LEFT" anchorPoint="TOP_LEFT" relativeTo="" anchoredX="11.0" anchoredY="55.0" useFont="true" styleName="" fontName="" fontColor="AAAAAAFF" fontLine="EMPTY" alwaysZero="0" tooltipType="undefined" tooltipText="-9999" tooltipAppearanceTime="-9999" scrollBarOffsetX="-9999" scrollBarOffsetY="-9999" scrollBarOffsetHeight="-9999"/>
        <TextBox text="room title" textAlign="Undefined" textVAlign="Undefined" fontType="Normal" backTex="undefined" sysString="-9999" systemMsg="-9999" textColor="DCDCDCFF" autosize="true" name="txtTitle" extendsName="undefined" parentName="UnionMatchWnd" preOrder="undefined" postOrder="undefined" anchored="true" superChild="true" relativeSize="true" absoluteSize="true" widthRate="0.0" heightRate="0.0" width="65" height="14" usePosition="true" relativePoint="TOP_LEFT" anchorPoint="TOP_LEFT" relativeTo="" anchoredX="65.0" anchoredY="55.0" useFont="true" styleName="" fontName="" fontColor="AF9878FF" fontLine="EMPTY" alwaysZero="0" tooltipType="undefined" tooltipText="-9999" tooltipAppearanceTime="-9999" scrollBarOffsetX="-9999" scrollBarOffsetY="-9999" scrollBarOffsetHeight="-9999"/>
        <TextBox text="undefined" textAlign="Undefined" textVAlign="Undefined" fontType="Normal" backTex="undefined" sysString="489" systemMsg="-9999" textColor="DCDCDCFF" autosize="true" name="lblMethod" extendsName="undefined" parentName="UnionMatchWnd" preOrder="undefined" postOrder="undefined" anchored="true" superChild="true" relativeSize="true" absoluteSize="true" widthRate="0.0" heightRate="0.0" width="48" height="14" usePosition="true" relativePoint="TOP_LEFT" anchorPoint="TOP_LEFT" relativeTo="" anchoredX="11.0" anchoredY="85.0" useFont="true" styleName="" fontName="" fontColor="AAAAAAFF" fontLine="EMPTY" alwaysZero="0" tooltipType="undefined" tooltipText="-9999" tooltipAppearanceTime="-9999" scrollBarOffsetX="-9999" scrollBarOffsetY="-9999" scrollBarOffsetHeight="-9999"/>
        <TextBox text="looting method" textAlign="Undefined" textVAlign="Undefined" fontType="Normal" backTex="undefined" sysString="-9999" systemMsg="-9999" textColor="DCDCDCFF" autosize="true" name="txtMethod" extendsName="undefined" parentName="UnionMatchWnd" preOrder="undefined" postOrder="undefined" anchored="true" superChild="true" relativeSize="true" absoluteSize="true" widthRate="0.0" heightRate="0.0" width="101" height="14" usePosition="true" relativePoint="TOP_LEFT" anchorPoint="TOP_LEFT" relativeTo="" anchoredX="65.0" anchoredY="85.0" useFont="true" styleName="" fontName="" fontColor="AF9878FF" fontLine="EMPTY" alwaysZero="0" tooltipType="undefined" tooltipText="-9999" tooltipAppearanceTime="-9999" scrollBarOffsetX="-9999" scrollBarOffsetY="-9999" scrollBarOffsetHeight="-9999"/>
        <TextBox text="undefined" textAlign="Undefined" textVAlign="Undefined" fontType="Normal" backTex="undefined" sysString="1036" systemMsg="-9999" textColor="DCDCDCFF" autosize="true" name="lblMemberCount" extendsName="undefined" parentName="UnionMatchWnd" preOrder="undefined" postOrder="undefined" anchored="true" superChild="true" relativeSize="true" absoluteSize="true" widthRate="0.0" heightRate="0.0" width="24" height="14" usePosition="true" relativePoint="TOP_LEFT" anchorPoint="TOP_LEFT" relativeTo="" anchoredX="11.0" anchoredY="70.0" useFont="true" styleName="" fontName="" fontColor="AAAAAAFF" fontLine="EMPTY" alwaysZero="0" tooltipType="undefined" tooltipText="-9999" tooltipAppearanceTime="-9999" scrollBarOffsetX="-9999" scrollBarOffsetY="-9999" scrollBarOffsetHeight="-9999"/>
        <TextBox text="0/0" textAlign="Undefined" textVAlign="Undefined" fontType="Normal" backTex="undefined" sysString="-9999" systemMsg="-9999" textColor="DCDCDCFF" autosize="true" name="txtMemberCount" extendsName="undefined" parentName="UnionMatchWnd" preOrder="undefined" postOrder="undefined" anchored="true" superChild="true" relativeSize="true" absoluteSize="true" widthRate="0.0" heightRate="0.0" width="22" height="14" usePosition="true" relativePoint="TOP_LEFT" anchorPoint="TOP_LEFT" relativeTo="" anchoredX="65.0" anchoredY="70.0" useFont="true" styleName="" fontName="" fontColor="AF9878FF" fontLine="EMPTY" alwaysZero="0" tooltipType="undefined" tooltipText="-9999" tooltipAppearanceTime="-9999" scrollBarOffsetX="-9999" scrollBarOffsetY="-9999" scrollBarOffsetHeight="-9999"/>
        <TextBox text="undefined" textAlign="Undefined" textVAlign="Undefined" fontType="Normal" backTex="undefined" sysString="1030" systemMsg="-9999" textColor="DCDCDCFF" autosize="true" name="lblLevelLimit" extendsName="undefined" parentName="UnionMatchWnd" preOrder="undefined" postOrder="undefined" anchored="true" superChild="true" relativeSize="true" absoluteSize="true" widthRate="0.0" heightRate="0.0" width="48" height="14" usePosition="true" relativePoint="TOP_LEFT" anchorPoint="TOP_LEFT" relativeTo="" anchoredX="272.0" anchoredY="70.0" useFont="true" styleName="" fontName="" fontColor="AAAAAAFF" fontLine="EMPTY" alwaysZero="0" tooltipType="undefined" tooltipText="-9999" tooltipAppearanceTime="-9999" scrollBarOffsetX="-9999" scrollBarOffsetY="-9999" scrollBarOffsetHeight="-9999"/>
        <TextBox text="0-0" textAlign="Undefined" textVAlign="Undefined" fontType="Normal" backTex="undefined" sysString="-9999" systemMsg="-9999" textColor="DCDCDCFF" autosize="true" name="txtLevelLimit" extendsName="undefined" parentName="UnionMatchWnd" preOrder="undefined" postOrder="undefined" anchored="true" superChild="true" relativeSize="true" absoluteSize="true" widthRate="0.0" heightRate="0.0" width="23" height="14" usePosition="true" relativePoint="TOP_LEFT" anchorPoint="TOP_LEFT" relativeTo="" anchoredX="327.0" anchoredY="70.0" useFont="true" styleName="" fontName="" fontColor="AF9878FF" fontLine="EMPTY" alwaysZero="0" tooltipType="undefined" tooltipText="-9999" tooltipAppearanceTime="-9999" scrollBarOffsetX="-9999" scrollBarOffsetY="-9999" scrollBarOffsetHeight="-9999"/>
        <TextListBox maxRow="7" showRow="40" lineGap="14" isShowScroll="true" name="tlstChat" extendsName="undefined" parentName="UnionMatchWnd" preOrder="undefined" postOrder="undefined" anchored="true" superChild="true" relativeSize="true" absoluteSize="true" widthRate="0.0" heightRate="0.0" width="535" height="104" usePosition="true" relativePoint="TOP_LEFT" anchorPoint="TOP_LEFT" relativeTo="" anchoredX="7.0" anchoredY="318.0" useFont="false" styleName="undefined" fontName="undefined" fontColor="00000000" fontLine="EMPTY" alwaysZero="0" tooltipType="undefined" tooltipText="-9999" tooltipAppearanceTime="-9999" scrollBarOffsetX="-9999" scrollBarOffsetY="-9999" scrollBarOffsetHeight="-9999"/>
        <EditBox editBoxType="CHAT" maxLength="-9999" showCursor="true" chatMarkOn="true" offsetX="-9999" candidateBoxShowUpPos="true" enableCopyNPaste="False" name="edChat" extendsName="undefined" parentName="UnionMatchWnd" preOrder="undefined" postOrder="undefined" anchored="true" superChild="true" relativeSize="true" absoluteSize="true" widthRate="0.0" heightRate="0.0" width="319" height="17" usePosition="true" relativePoint="TOP_LEFT" anchorPoint="TOP_LEFT" relativeTo="" anchoredX="5.0" anchoredY="430.0" useFont="true" styleName="" fontName="CHATWNDDEFAULT" fontColor="00000000" fontLine="EMPTY" alwaysZero="0" tooltipType="undefined" tooltipText="-9999" tooltipAppearanceTime="-9999" scrollBarOffsetX="-9999" scrollBarOffsetY="-9999" scrollBarOffsetHeight="-9999"/>
        <Button normalTex="L2UI_ct1.Button.Button_DF" pushedTex="L2UI_ct1.Button.Button_DF_Click" highlightTex="undefined" dropTex="undefined" buttonName="1032" buttonNameText="undefined" disableTime="-9999" disableTex="undefined" name="btnRoomInfo" extendsName="undefined" parentName="UnionMatchWnd" preOrder="undefined" postOrder="undefined" anchored="true" superChild="true" relativeSize="true" absoluteSize="true" widthRate="0.0" heightRate="0.0" width="85" height="27" usePosition="true" relativePoint="TOP_LEFT" anchorPoint="TOP_LEFT" relativeTo="" anchoredX="117.0" anchoredY="452.0" useFont="false" styleName="undefined" fontName="undefined" fontColor="00000000" fontLine="EMPTY" alwaysZero="0" tooltipType="undefined" tooltipText="-9999" tooltipAppearanceTime="-9999" scrollBarOffsetX="-9999" scrollBarOffsetY="-9999" scrollBarOffsetHeight="-9999"/>
        <Button normalTex="L2UI_ct1.Button.Button_DF" pushedTex="L2UI_ct1.Button.Button_DF_Click" highlightTex="undefined" dropTex="undefined" buttonName="1953" buttonNameText="undefined" disableTime="-9999" disableTex="undefined" name="btnUnionInfo" extendsName="undefined" parentName="UnionMatchWnd" preOrder="undefined" postOrder="undefined" anchored="true" superChild="true" relativeSize="true" absoluteSize="true" widthRate="0.0" heightRate="0.0" width="85" height="27" usePosition="true" relativePoint="TOP_LEFT" anchorPoint="TOP_LEFT" relativeTo="" anchoredX="7.0" anchoredY="452.0" useFont="false" styleName="undefined" fontName="undefined" fontColor="00000000" fontLine="EMPTY" alwaysZero="0" tooltipType="undefined" tooltipText="-9999" tooltipAppearanceTime="-9999" scrollBarOffsetX="-9999" scrollBarOffsetY="-9999" scrollBarOffsetHeight="-9999"/>
        <Button normalTex="L2UI_ct1.Button.Button_DF" pushedTex="L2UI_ct1.Button.Button_DF_Click" highlightTex="undefined" dropTex="undefined" buttonName="1033" buttonNameText="undefined" disableTime="-9999" disableTex="undefined" name="btnBan" extendsName="undefined" parentName="UnionMatchWnd" preOrder="undefined" postOrder="undefined" anchored="true" superChild="true" relativeSize="true" absoluteSize="true" widthRate="0.0" heightRate="0.0" width="85" height="27" usePosition="true" relativePoint="TOP_LEFT" anchorPoint="TOP_LEFT" relativeTo="" anchoredX="203.0" anchoredY="452.0" useFont="false" styleName="undefined" fontName="undefined" fontColor="00000000" fontLine="EMPTY" alwaysZero="0" tooltipType="undefined" tooltipText="-9999" tooltipAppearanceTime="-9999" scrollBarOffsetX="-9999" scrollBarOffsetY="-9999" scrollBarOffsetHeight="-9999"/>
        <Button normalTex="L2UI_ct1.Button.Button_DF" pushedTex="L2UI_ct1.Button.Button_DF_Click" highlightTex="undefined" dropTex="undefined" buttonName="396" buttonNameText="undefined" disableTime="-9999" disableTex="undefined" name="btnInviteParty" extendsName="undefined" parentName="UnionMatchWnd" preOrder="undefined" postOrder="undefined" anchored="true" superChild="true" relativeSize="true" absoluteSize="true" widthRate="0.0" heightRate="0.0" width="85" height="27" usePosition="true" relativePoint="TOP_LEFT" anchorPoint="TOP_LEFT" relativeTo="" anchoredX="375.0" anchoredY="452.0" useFont="false" styleName="undefined" fontName="undefined" fontColor="00000000" fontLine="EMPTY" alwaysZero="0" tooltipType="undefined" tooltipText="-9999" tooltipAppearanceTime="-9999" scrollBarOffsetX="-9999" scrollBarOffsetY="-9999" scrollBarOffsetHeight="-9999"/>
        <Button normalTex="L2UI_ct1.Button.Button_DF" pushedTex="L2UI_ct1.Button.Button_DF_Click" highlightTex="undefined" dropTex="undefined" buttonName="1952" buttonNameText="undefined" disableTime="5000" disableTex="undefined" name="btnInviteUnion" extendsName="undefined" parentName="UnionMatchWnd" preOrder="undefined" postOrder="undefined" anchored="true" superChild="true" relativeSize="true" absoluteSize="true" widthRate="0.0" heightRate="0.0" width="85" height="27" usePosition="true" relativePoint="TOP_LEFT" anchorPoint="TOP_LEFT" relativeTo="" anchoredX="289.0" anchoredY="452.0" useFont="false" styleName="undefined" fontName="undefined" fontColor="00000000" fontLine="EMPTY" alwaysZero="0" tooltipType="undefined" tooltipText="-9999" tooltipAppearanceTime="-9999" scrollBarOffsetX="-9999" scrollBarOffsetY="-9999" scrollBarOffsetHeight="-9999"/>
        <Button normalTex="L2UI_ct1.Button.Button_DF" pushedTex="L2UI_ct1.Button.Button_DF_Click" highlightTex="undefined" dropTex="undefined" buttonName="1459" buttonNameText="undefined" disableTime="-9999" disableTex="undefined" name="btnExit" extendsName="undefined" parentName="UnionMatchWnd" preOrder="undefined" postOrder="undefined" anchored="true" superChild="true" relativeSize="true" absoluteSize="true" widthRate="0.0" heightRate="0.0" width="85" height="27" usePosition="true" relativePoint="TOP_LEFT" anchorPoint="TOP_LEFT" relativeTo="" anchoredX="461.0" anchoredY="452.0" useFont="false" styleName="undefined" fontName="undefined" fontColor="00000000" fontLine="EMPTY" alwaysZero="0" tooltipType="undefined" tooltipText="-9999" tooltipAppearanceTime="-9999" scrollBarOffsetX="-9999" scrollBarOffsetY="-9999" scrollBarOffsetHeight="-9999"/>
        <Texture file="L2UI_ct1.ListCtrl.ListCTRL_DF_Decoration" alphaMask="" type="Stretch" layer="Normal" u="0.0" v="0.0" uSize="0.0" vSize="0.0" alpha="-9999" autoRotate="None" maskLayer="0.0" colorModify="FFFFFFFF" name="txListTitleBg" extendsName="undefined" alwaysOnTop="true" parentName="UnionMatchWnd" preOrder="undefined" postOrder="undefined" anchored="false" superChild="true" relativeSize="true" absoluteSize="true" widthRate="0.0" heightRate="0.0" width="539" height="19" usePosition="true" relativePoint="TOP_LEFT" anchorPoint="TOP_LEFT" relativeTo="" anchoredX="5.0" anchoredY="128.0" useFont="false" styleName="undefined" fontName="undefined" fontColor="00000000" fontLine="EMPTY" virtual="true" alwaysZero="0" tooltipType="undefined" tooltipText="-9999" tooltipAppearanceTime="-9999" scrollBarOffsetX="-9999" scrollBarOffsetY="-9999" scrollBarOffsetHeight="-9999"/>
        <Texture file="L2UI_ct1.GroupBox.GroupBox_DF" alphaMask="" type="Stretch" layer="Background" u="0.0" v="0.0" uSize="0.0" vSize="0.0" alpha="-9999" autoRotate="None" maskLayer="0.0" colorModify="FFFFFFFF" name="txTitleBg" extendsName="undefined" alwaysOnBack="true" parentName="UnionMatchWnd" preOrder="undefined" postOrder="undefined" anchored="false" superChild="true" relativeSize="true" absoluteSize="true" widthRate="0.0" heightRate="0.0" width="539" height="69" usePosition="true" relativePoint="TOP_LEFT" anchorPoint="TOP_LEFT" relativeTo="" anchoredX="5.0" anchoredY="35.0" useFont="false" styleName="undefined" fontName="undefined" fontColor="00000000" fontLine="EMPTY" virtual="true" alwaysZero="0" tooltipType="undefined" tooltipText="-9999" tooltipAppearanceTime="-9999" scrollBarOffsetX="-9999" scrollBarOffsetY="-9999" scrollBarOffsetHeight="-9999"/>
        <Texture file="L2UI_ct1.GroupBox.GroupBox_DF" alphaMask="" type="Stretch" layer="Background" u="0.0" v="0.0" uSize="0.0" vSize="0.0" alpha="-9999" autoRotate="None" maskLayer="0.0" colorModify="FFFFFFFF" name="txListBg" extendsName="undefined" alwaysOnBack="true" parentName="UnionMatchWnd" preOrder="undefined" postOrder="undefined" anchored="false" superChild="true" relativeSize="true" absoluteSize="true" widthRate="0.0" heightRate="0.0" width="539" height="182" usePosition="true" relativePoint="TOP_LEFT" anchorPoint="TOP_LEFT" relativeTo="" anchoredX="5.0" anchoredY="128.0" useFont="false" styleName="undefined" fontName="undefined" fontColor="00000000" fontLine="EMPTY" virtual="true" alwaysZero="0" tooltipType="undefined" tooltipText="-9999" tooltipAppearanceTime="-9999" scrollBarOffsetX="-9999" scrollBarOffsetY="-9999" scrollBarOffsetHeight="-9999"/>
        <Texture file="L2UI_ct1.GroupBox.GroupBox_DF" alphaMask="" type="Stretch" layer="Background" u="0.0" v="0.0" uSize="0.0" vSize="0.0" alpha="-9999" autoRotate="None" maskLayer="0.0" colorModify="FFFFFFFF" name="txChatBg" extendsName="undefined" alwaysOnBack="true" parentName="UnionMatchWnd" preOrder="undefined" postOrder="undefined" anchored="false" superChild="true" relativeSize="true" absoluteSize="true" widthRate="0.0" heightRate="0.0" width="539" height="109" usePosition="true" relativePoint="TOP_LEFT" anchorPoint="TOP_LEFT" relativeTo="" anchoredX="5.0" anchoredY="316.0" useFont="false" styleName="undefined" fontName="undefined" fontColor="00000000" fontLine="EMPTY" virtual="true" alwaysZero="0" tooltipType="undefined" tooltipText="-9999" tooltipAppearanceTime="-9999" scrollBarOffsetX="-9999" scrollBarOffsetY="-9999" scrollBarOffsetHeight="-9999"/>
        <TextBox text="undefined" textAlign="Undefined" textVAlign="Undefined" fontType="Normal" backTex="undefined" sysString="1983" systemMsg="-9999" textColor="DCDCDCFF" autosize="true" name="lblListTitle" extendsName="undefined" parentName="UnionMatchWnd" preOrder="undefined" postOrder="undefined" anchored="true" superChild="true" relativeSize="true" absoluteSize="true" widthRate="0.0" heightRate="0.0" width="53" height="14" usePosition="true" relativePoint="TOP_LEFT" anchorPoint="TOP_LEFT" relativeTo="" anchoredX="11.0" anchoredY="112.0" useFont="true" styleName="" fontName="" fontColor="AAAAAAFF" fontLine="EMPTY" alwaysZero="0" tooltipType="undefined" tooltipText="-9999" tooltipAppearanceTime="-9999" scrollBarOffsetX="-9999" scrollBarOffsetY="-9999" scrollBarOffsetHeight="-9999"/>
    </Children>
</Window>
